Account_ID,Customer_ID,Num_Bank_Accounts,Num_Credit_Card,Interest_Rate,Num_of_Loan,Credit_Mix
ACC_CUST00001,CUST00001,3,4,3,4,Good
ACC_CUST00002,CUST00002,2,4,6,1,Good
ACC_CUST00003,CUST00003,1,5,8,3,Good
ACC_CUST00004,CUST00004,2,5,4,1,Good
ACC_CUST00005,CUST00005,7,5,5,0,Standard
ACC_CUST00006,CUST00006,4,5,8,0,Good
ACC_CUST00007,CUST00007,0,1,8,2,Good
ACC_CUST00008,CUST00008,8,7,15,3,Standard
ACC_CUST00009,CUST00009,2,5,7,3,Good
ACC_CUST00010,CUST00010,0,5,12,2,Good
ACC_CUST00011,CUST00011,5,5,20,3,Standard
ACC_CUST00012,CUST00012,3,6,1,2,Good
ACC_CUST00013,CUST00013,6,4,14,3,Standard
ACC_CUST00014,CUST00014,6,5,32,7,Standard
ACC_CUST00015,CUST00015,8,7,14,5,Standard
ACC_CUST00016,CUST00016,6,6,7,2,Standard
ACC_CUST00017,CUST00017,6,7,16,0,Standard
ACC_CUST00018,CUST00018,6,7,17,6,Standard
ACC_CUST00019,CUST00019,6,6,12,0,Standard
ACC_CUST00020,CUST00020,6,7,17,5,Bad
ACC_CUST00021,CUST00021,7,5,17,0,Standard
ACC_CUST00022,CUST00022,7,5,17,5,Bad
ACC_CUST00023,CUST00023,4,4,1,0,Good
ACC_CUST00024,CUST00024,5,5,10,3,Standard
ACC_CUST00025,CUST00025,9,8,31,8,Bad
ACC_CUST00026,CUST00026,8,6,14,3,Standard
ACC_CUST00027,CUST00027,9,8,25,7,Standard
ACC_CUST00028,CUST00028,3,3,18,1,Standard
ACC_CUST00029,CUST00029,6,3,15,3,Standard
ACC_CUST00030,CUST00030,10,8,25,6,Bad
ACC_CUST00031,CUST00031,1,5,1,2,Good
ACC_CUST00032,CUST00032,7,7,19,6,Bad
ACC_CUST00033,CUST00033,4,3,10,2,Standard
ACC_CUST00034,CUST00034,8,5,9,6,Standard
ACC_CUST00035,CUST00035,2,7,10,3,Good
ACC_CUST00036,CUST00036,3,6,15,1,Standard
ACC_CUST00038,CUST00038,4,5,17,4,Standard
ACC_CUST00039,CUST00039,8,5,32,4,Standard
ACC_CUST00040,CUST00040,5,7,5,2,Standard
ACC_CUST00041,CUST00041,5,5,13,0,Standard
ACC_CUST00042,CUST00042,7,9,31,6,Bad
ACC_CUST00043,CUST00043,6,3,14,4,Standard
ACC_CUST00044,CUST00044,3,4,5,3,Good
ACC_CUST00045,CUST00045,4,2,3,0,Good
ACC_CUST00047,CUST00047,7,10,33,9,Bad
ACC_CUST00048,CUST00048,2,6,8,2,Good
ACC_CUST00049,CUST00049,10,9,25,9,Bad
ACC_CUST00050,CUST00050,8,4,11,2,Standard
ACC_CUST00051,CUST00051,7,6,31,6,Standard
ACC_CUST00053,CUST00053,8,5,21,8,Bad
ACC_CUST00054,CUST00054,4,3,11,0,Good
ACC_CUST00055,CUST00055,6,3,7,7,Standard
ACC_CUST00056,CUST00056,8,7,6,4,Standard
ACC_CUST00057,CUST00057,5,3,17,0,Standard
ACC_CUST00058,CUST00058,10,7,20,9,Bad
ACC_CUST00060,CUST00060,8,5,31,3,Bad
ACC_CUST00061,CUST00061,10,8,20,7,Bad
ACC_CUST00062,CUST00062,7,3,18,4,Standard
ACC_CUST00063,CUST00063,5,2,8,3,Good
ACC_CUST00064,CUST00064,5,1,4,0,Good
ACC_CUST00065,CUST00065,5,7,5,7,Standard
ACC_CUST00066,CUST00066,8,6,32,5,Standard
ACC_CUST00067,CUST00067,8,7,28,6,Bad
ACC_CUST00068,CUST00068,8,5,15,4,Bad
ACC_CUST00069,CUST00069,5,6,5,4,Standard
ACC_CUST00070,CUST00070,8,8,24,6,Bad
ACC_CUST00071,CUST00071,0,3,7,2,Good
ACC_CUST00072,CUST00072,5,4,14,7,Standard
ACC_CUST00073,CUST00073,2,3,9,2,Good
ACC_CUST00074,CUST00074,8,9,31,5,Bad
ACC_CUST00075,CUST00075,0,3,11,1,Good
ACC_CUST00077,CUST00077,8,5,17,0,Standard
ACC_CUST00078,CUST00078,1,3,1,4,Good
ACC_CUST00079,CUST00079,6,5,5,1,Standard
ACC_CUST00080,CUST00080,6,6,29,7,Bad
ACC_CUST00081,CUST00081,8,4,16,2,Standard
ACC_CUST00082,CUST00082,3,3,6,1,Good
ACC_CUST00083,CUST00083,7,7,11,4,Standard
ACC_CUST00084,CUST00084,8,5,15,2,Standard
ACC_CUST00085,CUST00085,7,5,12,3,Standard
ACC_CUST00087,CUST00087,6,8,31,5,Bad
ACC_CUST00088,CUST00088,1,7,5,4,Good
ACC_CUST00089,CUST00089,7,3,11,4,Standard
ACC_CUST00090,CUST00090,3,5,6,0,Good
ACC_CUST00091,CUST00091,3,3,18,0,Standard
ACC_CUST00092,CUST00092,2,1,4,0,Good
ACC_CUST00093,CUST00093,4,3,6,1,Standard
ACC_CUST00094,CUST00094,6,5,7,0,Standard
ACC_CUST00095,CUST00095,7,10,21,8,Bad
ACC_CUST00096,CUST00096,9,9,18,5,Bad
ACC_CUST00097,CUST00097,5,6,12,2,Good
ACC_CUST00098,CUST00098,3,4,15,4,Standard
ACC_CUST00099,CUST00099,3,6,6,4,Standard
ACC_CUST00100,CUST00100,6,8,19,5,Bad
ACC_CUST00101,CUST00101,3,4,11,1,Good
ACC_CUST00102,CUST00102,3,5,12,4,Standard
ACC_CUST00103,CUST00103,10,5,32,4,Standard
ACC_CUST00104,CUST00104,7,3,5,1,Standard
ACC_CUST00105,CUST00105,7,5,25,6,Bad
ACC_CUST00106,CUST00106,9,6,32,4,Bad
ACC_CUST00107,CUST00107,5,5,11,0,Standard
ACC_CUST00108,CUST00108,1,7,3,3,Good
ACC_CUST00109,CUST00109,7,5,12,0,Standard
ACC_CUST00110,CUST00110,5,5,9,1,Good
ACC_CUST00111,CUST00111,5,3,3,3,Good
ACC_CUST00112,CUST00112,4,3,6,3,Good
ACC_CUST00113,CUST00113,0,5,10,0,Good
ACC_CUST00114,CUST00114,10,6,23,6,Bad
ACC_CUST00115,CUST00115,6,6,7,2,Standard
ACC_CUST00116,CUST00116,2,2,12,2,Good
ACC_CUST00117,CUST00117,8,3,6,4,Standard
ACC_CUST00118,CUST00118,6,9,34,8,Bad
ACC_CUST00119,CUST00119,10,8,31,8,Bad
ACC_CUST00120,CUST00120,5,7,9,0,Good
ACC_CUST00121,CUST00121,8,10,25,9,Bad
ACC_CUST00122,CUST00122,8,5,15,5,Standard
ACC_CUST00124,CUST00124,2,6,2,0,Good
ACC_CUST00125,CUST00125,4,5,12,2,Standard
ACC_CUST00126,CUST00126,6,10,15,5,Standard
ACC_CUST00128,CUST00128,3,3,10,2,Good
ACC_CUST00129,CUST00129,3,7,18,4,Standard
ACC_CUST00130,CUST00130,1,6,6,4,Good
ACC_CUST00131,CUST00131,0,3,8,4,Good
ACC_CUST00132,CUST00132,10,7,18,3,Bad
ACC_CUST00133,CUST00133,5,8,33,6,Standard
ACC_CUST00134,CUST00134,3,6,5,5,Standard
ACC_CUST00135,CUST00135,3,4,14,2,Standard
ACC_CUST00136,CUST00136,7,4,14,6,Standard
ACC_CUST00137,CUST00137,4,3,20,3,Standard
ACC_CUST00138,CUST00138,3,5,16,1,Standard
ACC_CUST00139,CUST00139,6,5,10,3,Standard
ACC_CUST00140,CUST00140,8,4,20,4,Standard
ACC_CUST00141,CUST00141,7,9,20,7,Bad
ACC_CUST00142,CUST00142,3,7,6,1,Good
ACC_CUST00143,CUST00143,4,1,7,0,Good
ACC_CUST00144,CUST00144,3,5,15,2,Standard
ACC_CUST00145,CUST00145,6,5,20,6,Bad
ACC_CUST00146,CUST00146,0,1,11,3,Good
ACC_CUST00147,CUST00147,4,6,9,0,Standard
ACC_CUST00148,CUST00148,7,9,27,6,Standard
ACC_CUST00149,CUST00149,2,6,2,2,Good
ACC_CUST00150,CUST00150,8,7,24,7,Standard
ACC_CUST00151,CUST00151,3,3,15,1,Standard
ACC_CUST00152,CUST00152,8,5,6,3,Standard
ACC_CUST00153,CUST00153,1,4,1,4,Good
ACC_CUST00154,CUST00154,4,3,9,3,Good
ACC_CUST00155,CUST00155,3,5,2,0,Good
ACC_CUST00156,CUST00156,8,3,19,3,Standard
ACC_CUST00157,CUST00157,0,4,4,0,Good
ACC_CUST00158,CUST00158,7,4,6,2,Standard
ACC_CUST00159,CUST00159,3,7,2,3,Good
ACC_CUST00160,CUST00160,7,7,14,5,Standard
ACC_CUST00162,CUST00162,6,7,34,6,Bad
ACC_CUST00163,CUST00163,10,8,34,9,Bad
ACC_CUST00164,CUST00164,0,6,1,2,Good
ACC_CUST00165,CUST00165,7,8,28,6,Standard
ACC_CUST00166,CUST00166,1,7,3,2,Good
ACC_CUST00168,CUST00168,1,5,8,3,Good
ACC_CUST00169,CUST00169,8,3,14,2,Standard
ACC_CUST00170,CUST00170,10,10,21,7,Standard
ACC_CUST00171,CUST00171,8,4,15,4,Standard
ACC_CUST00172,CUST00172,8,6,29,8,Bad
ACC_CUST00173,CUST00173,8,5,13,1,Standard
ACC_CUST00174,CUST00174,3,4,11,4,Good
ACC_CUST00175,CUST00175,3,4,6,4,Good
ACC_CUST00176,CUST00176,8,6,32,7,Bad
ACC_CUST00177,CUST00177,6,3,18,3,Standard
ACC_CUST00178,CUST00178,8,4,7,2,Standard
ACC_CUST00179,CUST00179,4,4,5,4,Standard
ACC_CUST00180,CUST00180,1,6,8,1,Good
ACC_CUST00181,CUST00181,2,3,3,2,Good
ACC_CUST00182,CUST00182,2,5,5,3,Good
ACC_CUST00183,CUST00183,0,5,7,1,Good
ACC_CUST00184,CUST00184,5,7,20,0,Standard
ACC_CUST00185,CUST00185,6,9,27,8,Bad
ACC_CUST00186,CUST00186,8,3,10,4,Standard
ACC_CUST00188,CUST00188,8,4,6,0,Good
ACC_CUST00189,CUST00189,7,8,31,7,Bad
ACC_CUST00190,CUST00190,10,9,15,5,Bad
ACC_CUST00192,CUST00192,1,4,1,0,Good
ACC_CUST00193,CUST00193,4,3,18,5,Standard
ACC_CUST00194,CUST00194,4,6,6,0,Good
ACC_CUST00195,CUST00195,3,6,2,4,Good
ACC_CUST00196,CUST00196,1,5,12,2,Good
ACC_CUST00197,CUST00197,3,4,19,0,Standard
ACC_CUST00198,CUST00198,4,6,5,3,Standard
ACC_CUST00199,CUST00199,5,5,10,1,Good
ACC_CUST00200,CUST00200,4,7,2,4,Good
ACC_CUST00201,CUST00201,8,7,8,1,Good
ACC_CUST00202,CUST00202,6,3,9,4,Standard
ACC_CUST00203,CUST00203,6,7,26,8,Bad
ACC_CUST00204,CUST00204,8,6,16,4,Standard
ACC_CUST00205,CUST00205,8,6,13,1,Standard
ACC_CUST00206,CUST00206,3,4,8,2,Good
ACC_CUST00207,CUST00207,1,1,12,2,Good
ACC_CUST00208,CUST00208,1,4,5,3,Good
ACC_CUST00209,CUST00209,8,3,12,4,Standard
ACC_CUST00210,CUST00210,6,10,29,6,Standard
ACC_CUST00211,CUST00211,3,3,13,1,Standard
ACC_CUST00212,CUST00212,0,1,9,3,Good
ACC_CUST00213,CUST00213,8,10,29,6,Bad
ACC_CUST00214,CUST00214,7,9,16,2,Standard
ACC_CUST00215,CUST00215,7,9,31,6,Bad
ACC_CUST00216,CUST00216,6,6,5,1,Good
ACC_CUST00217,CUST00217,4,7,9,1,Good
ACC_CUST00218,CUST00218,8,6,30,7,Bad
ACC_CUST00219,CUST00219,7,5,24,2,Standard
ACC_CUST00221,CUST00221,6,8,31,6,Bad
ACC_CUST00222,CUST00222,3,5,5,1,Standard
ACC_CUST00223,CUST00223,4,5,6,3,Standard
ACC_CUST00225,CUST00225,6,9,23,7,Bad
ACC_CUST00226,CUST00226,4,4,28,6,Standard
ACC_CUST00227,CUST00227,0,4,8,1,Good
ACC_CUST00228,CUST00228,1,2,7,3,Good
ACC_CUST00229,CUST00229,5,6,10,2,Good
ACC_CUST00230,CUST00230,8,3,8,0,Standard
ACC_CUST00231,CUST00231,6,6,17,2,Standard
ACC_CUST00232,CUST00232,6,4,17,3,Standard
ACC_CUST00233,CUST00233,4,5,8,2,Good
ACC_CUST00234,CUST00234,6,4,20,2,Standard
ACC_CUST00235,CUST00235,8,8,22,5,Bad
ACC_CUST00236,CUST00236,6,7,16,7,Standard
ACC_CUST00237,CUST00237,5,3,11,4,Standard
ACC_CUST00238,CUST00238,6,3,14,3,Standard
ACC_CUST00239,CUST00239,8,4,18,4,Standard
ACC_CUST00240,CUST00240,3,7,12,3,Good
ACC_CUST00241,CUST00241,10,6,26,9,Bad
ACC_CUST00242,CUST00242,9,6,33,5,Bad
ACC_CUST00243,CUST00243,3,6,11,0,Standard
ACC_CUST00244,CUST00244,5,6,6,3,Standard
ACC_CUST00245,CUST00245,5,7,14,4,Standard
ACC_CUST00246,CUST00246,1,5,8,3,Good
ACC_CUST00247,CUST00247,0,2,3,4,Good
ACC_CUST00248,CUST00248,9,8,26,2,Standard
ACC_CUST00249,CUST00249,6,3,13,3,Standard
ACC_CUST00250,CUST00250,4,4,8,7,Standard
ACC_CUST00251,CUST00251,7,3,12,4,Standard
ACC_CUST00252,CUST00252,2,3,12,2,Good
ACC_CUST00253,CUST00253,8,4,4,1,Good
ACC_CUST00254,CUST00254,8,5,16,6,Bad
ACC_CUST00255,CUST00255,4,5,4,2,Good
ACC_CUST00256,CUST00256,2,3,5,4,Good
ACC_CUST00259,CUST00259,4,4,19,1,Standard
ACC_CUST00260,CUST00260,1,7,8,0,Good
ACC_CUST00261,CUST00261,5,3,3,2,Good
ACC_CUST00262,CUST00262,7,9,30,9,Bad
ACC_CUST00263,CUST00263,8,3,26,7,Standard
ACC_CUST00264,CUST00264,6,7,8,0,Good
ACC_CUST00266,CUST00266,2,7,1,0,Good
ACC_CUST00267,CUST00267,5,4,8,5,Standard
ACC_CUST00268,CUST00268,8,7,18,5,Bad
ACC_CUST00270,CUST00270,8,5,13,3,Standard
ACC_CUST00271,CUST00271,1,7,1,2,Good
ACC_CUST00272,CUST00272,8,10,34,6,Bad
ACC_CUST00273,CUST00273,6,5,28,6,Standard
ACC_CUST00274,CUST00274,3,4,3,4,Good
ACC_CUST00276,CUST00276,5,7,4,2,Good
ACC_CUST00277,CUST00277,3,5,16,1,Standard
ACC_CUST00278,CUST00278,1,5,3,4,Good
ACC_CUST00279,CUST00279,3,2,12,1,Good
ACC_CUST00280,CUST00280,8,5,18,9,Bad
ACC_CUST00281,CUST00281,7,8,23,2,Standard
ACC_CUST00282,CUST00282,8,7,22,7,Bad
ACC_CUST00283,CUST00283,8,7,29,9,Bad
ACC_CUST00284,CUST00284,8,5,8,4,Standard
ACC_CUST00285,CUST00285,4,2,3,1,Good
ACC_CUST00286,CUST00286,8,3,3,4,Good
ACC_CUST00287,CUST00287,6,3,4,4,Good
ACC_CUST00288,CUST00288,5,3,4,4,Good
ACC_CUST00289,CUST00289,10,5,18,7,Bad
ACC_CUST00290,CUST00290,7,9,27,6,Bad
ACC_CUST00291,CUST00291,5,7,6,4,Standard
ACC_CUST00292,CUST00292,10,6,16,6,Bad
ACC_CUST00293,CUST00293,4,5,8,4,Standard
ACC_CUST00294,CUST00294,5,4,5,1,Standard
ACC_CUST00295,CUST00295,2,6,6,4,Good
ACC_CUST00296,CUST00296,8,6,19,7,Standard
ACC_CUST00298,CUST00298,5,5,2,2,Good
ACC_CUST00299,CUST00299,8,4,7,2,Standard
ACC_CUST00300,CUST00300,9,6,34,5,Standard
ACC_CUST00301,CUST00301,5,3,9,0,Good
ACC_CUST00302,CUST00302,6,6,19,1,Standard
ACC_CUST00303,CUST00303,8,6,33,6,Bad
ACC_CUST00304,CUST00304,4,4,32,2,Standard
ACC_CUST00305,CUST00305,1,5,5,4,Good
ACC_CUST00306,CUST00306,8,7,28,8,Bad
ACC_CUST00307,CUST00307,8,5,21,8,Bad
ACC_CUST00308,CUST00308,9,5,32,7,Bad
ACC_CUST00309,CUST00309,3,6,7,2,Standard
ACC_CUST00310,CUST00310,8,10,28,8,Bad
ACC_CUST00311,CUST00311,4,6,6,3,Standard
ACC_CUST00312,CUST00312,7,5,32,8,Bad
ACC_CUST00313,CUST00313,3,6,12,0,Standard
ACC_CUST00315,CUST00315,6,4,20,3,Standard
ACC_CUST00316,CUST00316,9,7,23,6,Bad
ACC_CUST00317,CUST00317,4,4,6,0,Good
ACC_CUST00318,CUST00318,5,7,6,2,Good
ACC_CUST00319,CUST00319,0,5,11,1,Good
ACC_CUST00320,CUST00320,4,5,8,0,Good
ACC_CUST00321,CUST00321,8,5,1,4,Good
ACC_CUST00322,CUST00322,4,4,1,4,Good
ACC_CUST00323,CUST00323,3,6,17,1,Standard
ACC_CUST00324,CUST00324,6,6,19,9,Bad
ACC_CUST00325,CUST00325,4,6,18,2,Standard
ACC_CUST00326,CUST00326,8,6,12,3,Standard
ACC_CUST00327,CUST00327,6,5,19,9,Bad
ACC_CUST00328,CUST00328,5,6,7,2,Standard
ACC_CUST00329,CUST00329,9,7,24,8,Bad
ACC_CUST00330,CUST00330,5,4,12,2,Good
ACC_CUST00331,CUST00331,8,10,33,8,Bad
ACC_CUST00332,CUST00332,7,6,13,7,Standard
ACC_CUST00333,CUST00333,5,3,19,5,Standard
ACC_CUST00334,CUST00334,0,7,2,2,Good
ACC_CUST00336,CUST00336,5,1,9,1,Good
ACC_CUST00337,CUST00337,4,3,15,3,Standard
ACC_CUST00338,CUST00338,8,3,11,0,Standard
ACC_CUST00339,CUST00339,1,5,3,2,Good
ACC_CUST00340,CUST00340,8,7,5,2,Standard
ACC_CUST00341,CUST00341,3,1,5,2,Good
ACC_CUST00342,CUST00342,4,6,14,3,Standard
ACC_CUST00343,CUST00343,7,7,26,9,Bad
ACC_CUST00344,CUST00344,4,5,10,0,Standard
ACC_CUST00345,CUST00345,10,7,22,5,Bad
ACC_CUST00346,CUST00346,9,5,20,9,Bad
ACC_CUST00347,CUST00347,0,5,11,0,Good
ACC_CUST00348,CUST00348,4,7,12,6,Standard
ACC_CUST00349,CUST00349,3,3,19,0,Standard
ACC_CUST00350,CUST00350,4,7,7,0,Standard
ACC_CUST00351,CUST00351,8,7,22,6,Bad
ACC_CUST00352,CUST00352,4,7,14,4,Standard
ACC_CUST00353,CUST00353,3,5,4,1,Good
ACC_CUST00354,CUST00354,6,4,4,0,Good
ACC_CUST00355,CUST00355,4,3,10,1,Standard
ACC_CUST00356,CUST00356,6,6,30,4,Standard
ACC_CUST00357,CUST00357,4,4,13,1,Standard
ACC_CUST00358,CUST00358,9,8,23,3,Standard
ACC_CUST00359,CUST00359,6,5,29,6,Bad
ACC_CUST00361,CUST00361,10,6,26,4,Bad
ACC_CUST00362,CUST00362,0,4,1,2,Good
ACC_CUST00363,CUST00363,8,8,17,6,Bad
ACC_CUST00364,CUST00364,3,4,16,2,Standard
ACC_CUST00365,CUST00365,7,5,11,3,Standard
ACC_CUST00367,CUST00367,1,3,12,0,Good
ACC_CUST00368,CUST00368,7,4,20,2,Standard
ACC_CUST00369,CUST00369,6,6,11,1,Standard
ACC_CUST00370,CUST00370,6,5,11,2,Standard
ACC_CUST00371,CUST00371,5,3,12,4,Standard
ACC_CUST00372,CUST00372,5,6,18,4,Standard
ACC_CUST00373,CUST00373,6,8,19,5,Bad
ACC_CUST00374,CUST00374,1,3,4,0,Good
ACC_CUST00375,CUST00375,6,6,15,4,Standard
ACC_CUST00376,CUST00376,4,4,2,0,Good
ACC_CUST00377,CUST00377,5,3,5,0,Good
ACC_CUST00378,CUST00378,3,4,11,4,Standard
ACC_CUST00379,CUST00379,7,4,10,3,Standard
ACC_CUST00380,CUST00380,7,6,16,0,Standard
ACC_CUST00381,CUST00381,6,7,16,6,Bad
ACC_CUST00382,CUST00382,3,4,15,4,Standard
ACC_CUST00383,CUST00383,10,6,19,9,Bad
ACC_CUST00384,CUST00384,3,2,12,4,Good
ACC_CUST00385,CUST00385,8,8,27,9,Bad
ACC_CUST00386,CUST00386,3,3,10,4,Good
ACC_CUST00387,CUST00387,1,7,8,1,Good
ACC_CUST00388,CUST00388,8,5,21,3,Standard
ACC_CUST00389,CUST00389,9,7,16,8,Bad
ACC_CUST00390,CUST00390,0,4,10,2,Good
ACC_CUST00391,CUST00391,8,7,12,3,Standard
ACC_CUST00393,CUST00393,6,5,28,6,Standard
ACC_CUST00394,CUST00394,10,6,21,9,Bad
ACC_CUST00395,CUST00395,6,5,16,6,Standard
ACC_CUST00396,CUST00396,5,5,9,6,Standard
ACC_CUST00397,CUST00397,8,10,17,8,Bad
ACC_CUST00398,CUST00398,10,6,18,6,Bad
ACC_CUST00399,CUST00399,4,6,3,3,Good
ACC_CUST00400,CUST00400,8,6,9,3,Standard
ACC_CUST00401,CUST00401,8,9,27,2,Standard
ACC_CUST00402,CUST00402,6,9,22,8,Bad
ACC_CUST00403,CUST00403,1,4,10,0,Good
ACC_CUST00404,CUST00404,4,5,16,0,Standard
ACC_CUST00405,CUST00405,5,5,13,4,Standard
ACC_CUST00406,CUST00406,5,5,5,2,Standard
ACC_CUST00407,CUST00407,9,8,27,8,Bad
ACC_CUST00408,CUST00408,3,4,2,2,Good
ACC_CUST00409,CUST00409,2,3,3,0,Good
ACC_CUST00410,CUST00410,10,6,32,7,Bad
ACC_CUST00411,CUST00411,4,3,8,2,Standard
ACC_CUST00412,CUST00412,4,7,8,4,Good
ACC_CUST00413,CUST00413,4,6,15,2,Standard
ACC_CUST00414,CUST00414,8,9,17,7,Bad
ACC_CUST00415,CUST00415,5,6,13,2,Standard
ACC_CUST00416,CUST00416,7,4,9,5,Standard
ACC_CUST00417,CUST00417,6,9,26,3,Standard
ACC_CUST00418,CUST00418,5,2,3,3,Good
ACC_CUST00419,CUST00419,0,2,3,0,Good
ACC_CUST00421,CUST00421,4,4,9,1,Good
ACC_CUST00422,CUST00422,2,4,6,0,Good
ACC_CUST00423,CUST00423,8,3,9,3,Standard
ACC_CUST00424,CUST00424,2,6,8,2,Good
ACC_CUST00425,CUST00425,5,7,5,3,Standard
ACC_CUST00426,CUST00426,5,5,13,2,Standard
ACC_CUST00427,CUST00427,4,7,8,2,Standard
ACC_CUST00428,CUST00428,7,7,17,4,Standard
ACC_CUST00429,CUST00429,6,10,20,3,Standard
ACC_CUST00430,CUST00430,1,2,9,1,Good
ACC_CUST00431,CUST00431,1,5,5,4,Good
ACC_CUST00432,CUST00432,9,7,18,6,Bad
ACC_CUST00433,CUST00433,5,4,20,0,Standard
ACC_CUST00434,CUST00434,7,7,20,0,Standard
ACC_CUST00435,CUST00435,3,3,20,4,Standard
ACC_CUST00436,CUST00436,5,6,14,2,Standard
ACC_CUST00437,CUST00437,0,5,5,0,Good
ACC_CUST00438,CUST00438,1,6,1,1,Good
ACC_CUST00439,CUST00439,7,7,19,1,Standard
ACC_CUST00440,CUST00440,3,5,1,0,Good
ACC_CUST00441,CUST00441,6,5,29,3,Bad
ACC_CUST00442,CUST00442,3,3,8,5,Standard
ACC_CUST00443,CUST00443,3,6,7,4,Standard
ACC_CUST00444,CUST00444,2,6,4,3,Good
ACC_CUST00445,CUST00445,7,5,31,7,Standard
ACC_CUST00446,CUST00446,8,5,15,0,Standard
ACC_CUST00447,CUST00447,6,10,26,8,Bad
ACC_CUST00448,CUST00448,9,8,20,7,Bad
ACC_CUST00449,CUST00449,6,7,33,9,Bad
ACC_CUST00450,CUST00450,3,6,7,3,Standard
ACC_CUST00452,CUST00452,6,4,19,3,Standard
ACC_CUST00453,CUST00453,4,6,14,3,Standard
ACC_CUST00454,CUST00454,6,7,21,9,Bad
ACC_CUST00455,CUST00455,8,6,25,7,Bad
ACC_CUST00456,CUST00456,6,6,22,5,Bad
ACC_CUST00457,CUST00457,4,7,4,2,Good
ACC_CUST00458,CUST00458,6,9,23,5,Bad
ACC_CUST00459,CUST00459,3,3,17,1,Standard
ACC_CUST00460,CUST00460,8,5,7,0,Standard
ACC_CUST00461,CUST00461,8,6,11,7,Standard
ACC_CUST00462,CUST00462,7,8,27,6,Bad
ACC_CUST00463,CUST00463,2,6,2,0,Good
ACC_CUST00464,CUST00464,9,5,17,5,Bad
ACC_CUST00465,CUST00465,8,10,25,5,Bad
ACC_CUST00466,CUST00466,6,4,8,2,Standard
ACC_CUST00467,CUST00467,6,3,14,2,Standard
ACC_CUST00468,CUST00468,5,6,3,3,Good
ACC_CUST00469,CUST00469,3,7,3,2,Good
ACC_CUST00470,CUST00470,9,5,28,8,Bad
ACC_CUST00471,CUST00471,4,7,15,2,Standard
ACC_CUST00473,CUST00473,10,5,20,5,Bad
ACC_CUST00474,CUST00474,2,3,11,4,Good
ACC_CUST00475,CUST00475,6,7,15,0,Standard
ACC_CUST00476,CUST00476,5,3,18,1,Standard
ACC_CUST00477,CUST00477,10,8,22,9,Bad
ACC_CUST00479,CUST00479,2,3,8,0,Good
ACC_CUST00480,CUST00480,7,5,5,4,Standard
ACC_CUST00481,CUST00481,5,3,17,0,Standard
ACC_CUST00482,CUST00482,5,6,1,2,Good
ACC_CUST00483,CUST00483,9,10,15,5,Bad
ACC_CUST00484,CUST00484,7,9,31,6,Bad
ACC_CUST00485,CUST00485,8,3,6,2,Standard
ACC_CUST00486,CUST00486,2,7,12,4,Good
ACC_CUST00487,CUST00487,9,10,22,4,Standard
ACC_CUST00488,CUST00488,1,4,6,4,Good
ACC_CUST00489,CUST00489,6,4,18,3,Standard
ACC_CUST00490,CUST00490,6,5,10,6,Standard
ACC_CUST00491,CUST00491,8,3,18,4,Standard
ACC_CUST00492,CUST00492,4,5,14,1,Standard
ACC_CUST00493,CUST00493,8,6,11,3,Good
ACC_CUST00494,CUST00494,4,4,9,3,Standard
ACC_CUST00495,CUST00495,8,6,10,2,Standard
ACC_CUST00496,CUST00496,1,3,1,3,Good
ACC_CUST00498,CUST00498,6,3,9,3,Standard
ACC_CUST00499,CUST00499,5,7,6,3,Standard
ACC_CUST00500,CUST00500,2,5,8,1,Good
ACC_CUST00501,CUST00501,4,6,12,6,Standard
ACC_CUST00502,CUST00502,1,2,4,2,Good
ACC_CUST00503,CUST00503,2,5,8,1,Good
ACC_CUST00504,CUST00504,9,10,17,6,Bad
ACC_CUST00505,CUST00505,6,10,28,9,Bad
ACC_CUST00506,CUST00506,0,6,6,0,Good
ACC_CUST00507,CUST00507,7,7,24,2,Bad
ACC_CUST00508,CUST00508,7,6,28,6,Bad
ACC_CUST00509,CUST00509,10,6,21,6,Standard
ACC_CUST00510,CUST00510,7,9,26,3,Standard
ACC_CUST00511,CUST00511,4,5,5,3,Standard
ACC_CUST00513,CUST00513,3,6,2,1,Good
ACC_CUST00514,CUST00514,9,10,23,6,Bad
ACC_CUST00515,CUST00515,4,3,19,4,Standard
ACC_CUST00516,CUST00516,4,5,6,0,Good
ACC_CUST00517,CUST00517,6,6,19,2,Bad
ACC_CUST00518,CUST00518,10,7,28,6,Standard
ACC_CUST00519,CUST00519,4,3,10,2,Good
ACC_CUST00520,CUST00520,10,5,17,6,Bad
ACC_CUST00521,CUST00521,0,4,10,4,Good
ACC_CUST00522,CUST00522,4,6,6,4,Good
ACC_CUST00523,CUST00523,4,3,7,1,Good
ACC_CUST00524,CUST00524,3,6,7,0,Standard
ACC_CUST00526,CUST00526,0,7,10,2,Good
ACC_CUST00527,CUST00527,4,7,9,2,Standard
ACC_CUST00528,CUST00528,6,8,22,5,Bad
ACC_CUST00529,CUST00529,5,2,4,3,Good
ACC_CUST00530,CUST00530,3,6,19,3,Standard
ACC_CUST00531,CUST00531,5,5,11,4,Good
ACC_CUST00533,CUST00533,5,4,9,1,Good
ACC_CUST00535,CUST00535,8,6,15,2,Standard
ACC_CUST00536,CUST00536,0,7,2,1,Good
ACC_CUST00537,CUST00537,5,4,15,6,Standard
ACC_CUST00538,CUST00538,4,4,6,1,Good
ACC_CUST00539,CUST00539,3,7,15,7,Standard
ACC_CUST00540,CUST00540,4,6,5,4,Standard
ACC_CUST00541,CUST00541,8,5,31,8,Bad
ACC_CUST00542,CUST00542,4,5,16,2,Standard
ACC_CUST00543,CUST00543,4,5,1,1,Good
ACC_CUST00544,CUST00544,7,4,6,2,Standard
ACC_CUST00545,CUST00545,8,9,15,3,Bad
ACC_CUST00546,CUST00546,3,5,17,2,Standard
ACC_CUST00547,CUST00547,1,7,3,2,Good
ACC_CUST00549,CUST00549,6,6,22,6,Bad
ACC_CUST00550,CUST00550,6,9,25,3,Standard
ACC_CUST00551,CUST00551,2,3,9,1,Good
ACC_CUST00552,CUST00552,3,4,11,2,Good
ACC_CUST00553,CUST00553,4,3,17,4,Standard
ACC_CUST00554,CUST00554,4,5,6,3,Standard
ACC_CUST00555,CUST00555,9,10,21,6,Bad
ACC_CUST00556,CUST00556,1,4,10,2,Good
ACC_CUST00557,CUST00557,8,6,8,2,Good
ACC_CUST00558,CUST00558,0,5,10,3,Good
ACC_CUST00560,CUST00560,7,5,20,2,Standard
ACC_CUST00561,CUST00561,5,3,14,2,Standard
ACC_CUST00562,CUST00562,7,7,8,0,Good
ACC_CUST00563,CUST00563,3,3,20,2,Standard
ACC_CUST00564,CUST00564,3,4,4,0,Good
ACC_CUST00565,CUST00565,4,6,18,3,Standard
ACC_CUST00566,CUST00566,8,5,15,3,Bad
ACC_CUST00567,CUST00567,5,7,10,4,Good
ACC_CUST00568,CUST00568,7,9,16,6,Bad
ACC_CUST00569,CUST00569,2,7,7,0,Good
ACC_CUST00570,CUST00570,6,6,11,4,Standard
ACC_CUST00571,CUST00571,4,5,8,1,Standard
ACC_CUST00572,CUST00572,3,6,18,3,Standard
ACC_CUST00573,CUST00573,3,4,9,2,Good
ACC_CUST00574,CUST00574,2,7,4,1,Good
ACC_CUST00575,CUST00575,4,7,2,2,Standard
ACC_CUST00576,CUST00576,4,5,7,1,Good
ACC_CUST00577,CUST00577,8,7,17,1,Standard
ACC_CUST00578,CUST00578,10,8,19,9,Bad
ACC_CUST00580,CUST00580,8,3,3,0,Good
ACC_CUST00581,CUST00581,2,2,7,0,Good
ACC_CUST00582,CUST00582,10,6,23,7,Bad
ACC_CUST00583,CUST00583,5,9,28,2,Standard
ACC_CUST00584,CUST00584,8,10,33,7,Standard
ACC_CUST00585,CUST00585,6,9,23,6,Bad
ACC_CUST00586,CUST00586,0,7,5,2,Good
ACC_CUST00587,CUST00587,3,8,21,4,Standard
ACC_CUST00588,CUST00588,6,6,8,3,Standard
ACC_CUST00589,CUST00589,6,6,11,7,Standard
ACC_CUST00590,CUST00590,5,1,4,0,Good
ACC_CUST00591,CUST00591,4,4,17,1,Standard
ACC_CUST00592,CUST00592,4,4,7,2,Standard
ACC_CUST00593,CUST00593,1,2,11,3,Good
ACC_CUST00594,CUST00594,5,7,8,1,Good
ACC_CUST00595,CUST00595,5,5,7,3,Good
ACC_CUST00596,CUST00596,5,3,8,3,Good
ACC_CUST00597,CUST00597,9,10,28,7,Bad
ACC_CUST00598,CUST00598,2,7,4,1,Good
ACC_CUST00599,CUST00599,1,3,5,3,Good
ACC_CUST00600,CUST00600,6,5,10,4,Good
ACC_CUST00601,CUST00601,6,4,21,4,Standard
ACC_CUST00602,CUST00602,7,8,32,8,Bad
ACC_CUST00603,CUST00603,6,9,29,6,Bad
ACC_CUST00604,CUST00604,2,3,3,1,Good
ACC_CUST00605,CUST00605,8,7,3,4,Standard
ACC_CUST00607,CUST00607,5,1,12,3,Good
ACC_CUST00608,CUST00608,3,3,12,1,Good
ACC_CUST00609,CUST00609,8,6,22,6,Bad
ACC_CUST00610,CUST00610,7,4,5,0,Standard
ACC_CUST00611,CUST00611,0,2,2,0,Good
ACC_CUST00612,CUST00612,8,10,18,6,Bad
ACC_CUST00614,CUST00614,6,5,32,9,Bad
ACC_CUST00615,CUST00615,2,2,2,3,Good
ACC_CUST00616,CUST00616,10,6,33,5,Bad
ACC_CUST00617,CUST00617,1,3,2,0,Good
ACC_CUST00618,CUST00618,8,5,20,0,Standard
ACC_CUST00620,CUST00620,8,4,10,2,Good
ACC_CUST00621,CUST00621,7,3,12,5,Standard
ACC_CUST00622,CUST00622,5,6,16,0,Standard
ACC_CUST00623,CUST00623,8,6,23,6,Bad
ACC_CUST00624,CUST00624,5,5,10,3,Good
ACC_CUST00625,CUST00625,6,6,23,7,Bad
ACC_CUST00626,CUST00626,6,7,22,8,Bad
ACC_CUST00627,CUST00627,1,6,3,4,Good
ACC_CUST00628,CUST00628,4,3,4,2,Good
ACC_CUST00629,CUST00629,0,5,6,2,Good
ACC_CUST00630,CUST00630,4,4,3,3,Good
ACC_CUST00631,CUST00631,7,4,13,4,Standard
ACC_CUST00633,CUST00633,2,2,11,3,Good
ACC_CUST00634,CUST00634,3,6,13,0,Standard
ACC_CUST00635,CUST00635,4,6,9,4,Standard
ACC_CUST00636,CUST00636,8,4,8,4,Standard
ACC_CUST00637,CUST00637,4,4,2,2,Good
ACC_CUST00638,CUST00638,6,3,33,6,Standard
ACC_CUST00639,CUST00639,8,7,17,0,Standard
ACC_CUST00640,CUST00640,10,9,19,6,Bad
ACC_CUST00641,CUST00641,7,4,19,2,Standard
ACC_CUST00642,CUST00642,8,6,8,2,Good
ACC_CUST00643,CUST00643,5,3,20,2,Standard
ACC_CUST00645,CUST00645,3,5,5,4,Good
ACC_CUST00646,CUST00646,5,6,18,7,Standard
ACC_CUST00647,CUST00647,0,6,2,3,Good
ACC_CUST00648,CUST00648,3,5,5,3,Good
ACC_CUST00649,CUST00649,7,5,17,6,Standard
ACC_CUST00650,CUST00650,9,8,25,6,Bad
ACC_CUST00651,CUST00651,4,6,10,3,Standard
ACC_CUST00652,CUST00652,9,5,17,5,Bad
ACC_CUST00654,CUST00654,2,5,4,3,Good
ACC_CUST00655,CUST00655,4,6,1,4,Good
ACC_CUST00656,CUST00656,4,3,15,1,Standard
ACC_CUST00657,CUST00657,5,4,11,2,Good
ACC_CUST00658,CUST00658,5,8,19,7,Standard
ACC_CUST00659,CUST00659,1,1,7,4,Good
ACC_CUST00660,CUST00660,4,5,28,3,Standard
ACC_CUST00661,CUST00661,9,6,26,5,Bad
ACC_CUST00662,CUST00662,4,7,1,1,Good
ACC_CUST00663,CUST00663,4,7,8,5,Standard
ACC_CUST00664,CUST00664,1,4,7,2,Good
ACC_CUST00665,CUST00665,5,6,4,4,Good
ACC_CUST00666,CUST00666,0,4,11,1,Good
ACC_CUST00667,CUST00667,7,6,21,6,Bad
ACC_CUST00668,CUST00668,6,4,11,3,Standard
ACC_CUST00669,CUST00669,6,6,15,3,Standard
ACC_CUST00670,CUST00670,7,4,15,2,Standard
ACC_CUST00671,CUST00671,7,5,11,0,Standard
ACC_CUST00672,CUST00672,6,4,7,0,Standard
ACC_CUST00673,CUST00673,1,3,11,1,Good
ACC_CUST00674,CUST00674,0,5,3,1,Good
ACC_CUST00675,CUST00675,6,3,4,1,Standard
ACC_CUST00676,CUST00676,3,9,21,5,Standard
ACC_CUST00677,CUST00677,9,9,28,9,Bad
ACC_CUST00678,CUST00678,8,7,18,6,Standard
ACC_CUST00679,CUST00679,9,5,25,9,Bad
ACC_CUST00680,CUST00680,6,3,6,0,Standard
ACC_CUST00681,CUST00681,5,5,16,5,Standard
ACC_CUST00682,CUST00682,8,6,8,0,Good
ACC_CUST00683,CUST00683,8,3,5,3,Standard
ACC_CUST00684,CUST00684,5,7,1,0,Good
ACC_CUST00685,CUST00685,3,7,14,2,Standard
ACC_CUST00686,CUST00686,1,4,1,2,Good
ACC_CUST00687,CUST00687,2,4,10,0,Good
ACC_CUST00688,CUST00688,4,3,15,0,Standard
ACC_CUST00689,CUST00689,10,9,20,6,Bad
ACC_CUST00690,CUST00690,3,4,6,4,Standard
ACC_CUST00691,CUST00691,6,7,19,0,Standard
ACC_CUST00692,CUST00692,4,5,6,2,Good
ACC_CUST00693,CUST00693,3,3,7,3,Good
ACC_CUST00695,CUST00695,10,10,15,7,Bad
ACC_CUST00696,CUST00696,9,6,18,6,Bad
ACC_CUST00697,CUST00697,4,3,7,2,Good
ACC_CUST00698,CUST00698,5,1,2,4,Good
ACC_CUST00699,CUST00699,4,4,16,4,Standard
ACC_CUST00700,CUST00700,6,5,16,3,Standard
ACC_CUST00701,CUST00701,8,10,32,7,Bad
ACC_CUST00702,CUST00702,6,5,9,1,Standard
ACC_CUST00703,CUST00703,7,7,20,1,Standard
ACC_CUST00704,CUST00704,8,6,13,3,Standard
ACC_CUST00705,CUST00705,1,4,11,2,Good
ACC_CUST00706,CUST00706,3,6,5,4,Good
ACC_CUST00707,CUST00707,9,7,28,6,Standard
ACC_CUST00708,CUST00708,4,3,8,2,Standard
ACC_CUST00709,CUST00709,8,8,25,7,Bad
ACC_CUST00710,CUST00710,4,7,12,2,Standard
ACC_CUST00712,CUST00712,6,4,5,2,Good
ACC_CUST00713,CUST00713,0,5,3,1,Good
ACC_CUST00714,CUST00714,9,6,28,7,Bad
ACC_CUST00715,CUST00715,3,1,7,4,Good
ACC_CUST00716,CUST00716,8,7,5,4,Standard
ACC_CUST00717,CUST00717,3,1,4,4,Good
ACC_CUST00718,CUST00718,5,7,18,4,Standard
ACC_CUST00719,CUST00719,0,1,2,2,Good
ACC_CUST00720,CUST00720,8,7,17,4,Standard
ACC_CUST00721,CUST00721,7,5,14,2,Standard
ACC_CUST00722,CUST00722,0,4,8,0,Good
ACC_CUST00723,CUST00723,4,3,18,1,Standard
ACC_CUST00724,CUST00724,8,7,18,4,Standard
ACC_CUST00725,CUST00725,6,5,6,3,Standard
ACC_CUST00726,CUST00726,2,4,8,0,Good
ACC_CUST00727,CUST00727,6,9,33,6,Bad
ACC_CUST00728,CUST00728,7,9,20,6,Bad
ACC_CUST00729,CUST00729,9,8,29,6,Standard
ACC_CUST00730,CUST00730,1,3,6,1,Good
ACC_CUST00731,CUST00731,10,6,15,6,Bad
ACC_CUST00733,CUST00733,3,5,33,5,Standard
ACC_CUST00734,CUST00734,4,4,7,0,Good
ACC_CUST00735,CUST00735,5,3,12,4,Good
ACC_CUST00736,CUST00736,5,3,1,2,Good
ACC_CUST00737,CUST00737,3,6,1,2,Good
ACC_CUST00738,CUST00738,8,7,22,4,Standard
ACC_CUST00739,CUST00739,4,3,9,1,Good
ACC_CUST00740,CUST00740,6,6,26,9,Bad
ACC_CUST00741,CUST00741,6,9,22,2,Standard
ACC_CUST00743,CUST00743,3,2,11,1,Good
ACC_CUST00744,CUST00744,1,3,9,1,Good
ACC_CUST00745,CUST00745,5,4,2,2,Good
ACC_CUST00746,CUST00746,7,8,32,8,Bad
ACC_CUST00747,CUST00747,5,6,20,1,Standard
ACC_CUST00748,CUST00748,7,7,26,6,Bad
ACC_CUST00749,CUST00749,7,7,13,5,Standard
ACC_CUST00750,CUST00750,3,5,7,2,Standard
ACC_CUST00751,CUST00751,3,5,2,2,Good
ACC_CUST00752,CUST00752,8,6,25,8,Bad
ACC_CUST00753,CUST00753,8,5,12,6,Standard
ACC_CUST00754,CUST00754,6,10,31,7,Bad
ACC_CUST00755,CUST00755,0,3,8,0,Good
ACC_CUST00756,CUST00756,3,7,7,0,Good
ACC_CUST00757,CUST00757,2,5,3,3,Good
ACC_CUST00758,CUST00758,3,3,9,1,Good
ACC_CUST00759,CUST00759,5,7,15,0,Standard
ACC_CUST00760,CUST00760,7,7,8,2,Standard
ACC_CUST00761,CUST00761,5,7,16,0,Standard
ACC_CUST00762,CUST00762,10,8,28,6,Bad
ACC_CUST00763,CUST00763,0,4,12,4,Good
ACC_CUST00764,CUST00764,3,7,8,4,Standard
ACC_CUST00765,CUST00765,8,5,18,1,Standard
ACC_CUST00766,CUST00766,3,3,20,3,Standard
ACC_CUST00767,CUST00767,2,7,10,1,Good
ACC_CUST00768,CUST00768,8,5,6,4,Standard
ACC_CUST00769,CUST00769,10,6,20,5,Standard
ACC_CUST00772,CUST00772,6,3,6,0,Good
ACC_CUST00773,CUST00773,7,3,6,7,Standard
ACC_CUST00774,CUST00774,6,7,20,4,Standard
ACC_CUST00775,CUST00775,7,3,12,1,Standard
ACC_CUST00776,CUST00776,4,3,8,3,Standard
ACC_CUST00777,CUST00777,5,6,12,0,Good
ACC_CUST00778,CUST00778,5,6,16,2,Standard
ACC_CUST00779,CUST00779,8,6,34,9,Bad
ACC_CUST00780,CUST00780,10,5,22,4,Bad
ACC_CUST00781,CUST00781,7,6,32,6,Bad
ACC_CUST00782,CUST00782,3,7,6,1,Good
ACC_CUST00783,CUST00783,7,3,7,2,Standard
ACC_CUST00784,CUST00784,5,5,3,3,Good
ACC_CUST00785,CUST00785,1,6,1,1,Good
ACC_CUST00786,CUST00786,3,5,1,4,Good
ACC_CUST00787,CUST00787,2,6,2,3,Good
ACC_CUST00788,CUST00788,4,10,17,2,Standard
ACC_CUST00789,CUST00789,5,6,9,2,Good
ACC_CUST00790,CUST00790,7,7,18,4,Standard
ACC_CUST00791,CUST00791,5,2,12,1,Good
ACC_CUST00792,CUST00792,9,5,25,7,Standard
ACC_CUST00793,CUST00793,9,7,25,6,Standard
ACC_CUST00794,CUST00794,9,9,30,9,Bad
ACC_CUST00795,CUST00795,5,3,1,0,Good
ACC_CUST00796,CUST00796,7,5,27,4,Bad
ACC_CUST00797,CUST00797,4,4,18,7,Standard
ACC_CUST00798,CUST00798,1,5,8,0,Good
ACC_CUST00800,CUST00800,5,5,11,4,Good
ACC_CUST00801,CUST00801,5,3,15,6,Standard
ACC_CUST00802,CUST00802,5,7,10,2,Standard
ACC_CUST00803,CUST00803,4,5,4,2,Good
ACC_CUST00804,CUST00804,2,6,2,4,Good
ACC_CUST00805,CUST00805,5,4,2,4,Good
ACC_CUST00806,CUST00806,7,6,15,7,Bad
ACC_CUST00807,CUST00807,4,4,3,0,Good
ACC_CUST00808,CUST00808,8,7,32,5,Bad
ACC_CUST00810,CUST00810,6,9,24,6,Bad
ACC_CUST00811,CUST00811,10,10,17,6,Bad
ACC_CUST00812,CUST00812,8,5,14,3,Standard
ACC_CUST00813,CUST00813,8,9,21,6,Standard
ACC_CUST00815,CUST00815,5,6,14,0,Standard
ACC_CUST00816,CUST00816,0,4,7,2,Good
ACC_CUST00817,CUST00817,6,8,31,7,Bad
ACC_CUST00818,CUST00818,8,9,27,7,Bad
ACC_CUST00819,CUST00819,8,3,13,2,Standard
ACC_CUST00820,CUST00820,0,5,11,4,Good
ACC_CUST00821,CUST00821,5,3,20,3,Standard
ACC_CUST00822,CUST00822,0,4,12,3,Good
ACC_CUST00823,CUST00823,4,7,2,1,Standard
ACC_CUST00824,CUST00824,8,10,27,2,Bad
ACC_CUST00825,CUST00825,5,5,25,7,Standard
ACC_CUST00826,CUST00826,6,5,18,0,Standard
ACC_CUST00827,CUST00827,4,4,2,4,Good
ACC_CUST00828,CUST00828,10,8,16,8,Bad
ACC_CUST00829,CUST00829,8,7,20,5,Bad
ACC_CUST00830,CUST00830,6,7,8,3,Standard
ACC_CUST00831,CUST00831,9,9,33,3,Standard
ACC_CUST00832,CUST00832,4,4,17,2,Standard
ACC_CUST00833,CUST00833,6,3,10,3,Standard
ACC_CUST00834,CUST00834,8,8,34,4,Standard
ACC_CUST00835,CUST00835,9,5,15,9,Bad
ACC_CUST00836,CUST00836,6,6,19,2,Standard
ACC_CUST00837,CUST00837,5,6,11,4,Good
ACC_CUST00838,CUST00838,8,3,8,3,Standard
ACC_CUST00839,CUST00839,8,5,17,3,Bad
ACC_CUST00840,CUST00840,10,7,18,8,Bad
ACC_CUST00841,CUST00841,4,7,17,1,Standard
ACC_CUST00842,CUST00842,6,7,6,2,Standard
ACC_CUST00843,CUST00843,7,8,30,3,Bad
ACC_CUST00844,CUST00844,7,6,18,3,Standard
ACC_CUST00845,CUST00845,5,6,9,0,Standard
ACC_CUST00846,CUST00846,2,5,10,3,Good
ACC_CUST00847,CUST00847,7,6,18,3,Standard
ACC_CUST00848,CUST00848,7,4,8,3,Standard
ACC_CUST00849,CUST00849,1,3,7,4,Good
ACC_CUST00851,CUST00851,3,7,3,2,Good
ACC_CUST00852,CUST00852,3,6,5,1,Standard
ACC_CUST00855,CUST00855,8,5,5,0,Good
ACC_CUST00856,CUST00856,3,3,15,1,Standard
ACC_CUST00857,CUST00857,10,8,31,5,Bad
ACC_CUST00858,CUST00858,0,4,1,2,Good
ACC_CUST00860,CUST00860,8,7,16,5,Standard
ACC_CUST00861,CUST00861,7,6,4,0,Good
ACC_CUST00862,CUST00862,5,4,16,2,Standard
ACC_CUST00863,CUST00863,5,6,5,0,Standard
ACC_CUST00864,CUST00864,5,3,20,4,Standard
ACC_CUST00865,CUST00865,8,8,27,7,Bad
ACC_CUST00866,CUST00866,3,4,1,0,Good
ACC_CUST00867,CUST00867,6,10,32,5,Bad
ACC_CUST00868,CUST00868,7,5,28,6,Bad
ACC_CUST00869,CUST00869,10,7,27,8,Bad
ACC_CUST00870,CUST00870,8,4,16,5,Standard
ACC_CUST00871,CUST00871,8,3,15,4,Standard
ACC_CUST00872,CUST00872,7,6,15,2,Standard
ACC_CUST00873,CUST00873,8,3,30,3,Standard
ACC_CUST00874,CUST00874,0,6,5,2,Good
ACC_CUST00875,CUST00875,6,6,14,4,Standard
ACC_CUST00876,CUST00876,5,4,8,2,Standard
ACC_CUST00877,CUST00877,3,5,1,0,Good
ACC_CUST00878,CUST00878,4,3,19,0,Standard
ACC_CUST00879,CUST00879,2,2,1,3,Good
ACC_CUST00880,CUST00880,9,8,15,8,Bad
ACC_CUST00881,CUST00881,6,5,7,3,Standard
ACC_CUST00883,CUST00883,6,6,14,7,Standard
ACC_CUST00884,CUST00884,5,6,11,0,Standard
ACC_CUST00885,CUST00885,6,6,20,3,Standard
ACC_CUST00886,CUST00886,3,7,5,4,Good
ACC_CUST00888,CUST00888,9,5,18,3,Bad
ACC_CUST00889,CUST00889,0,7,12,2,Good
ACC_CUST00890,CUST00890,6,8,18,4,Standard
ACC_CUST00891,CUST00891,9,5,17,7,Bad
ACC_CUST00892,CUST00892,6,10,23,4,Standard
ACC_CUST00893,CUST00893,8,5,20,7,Bad
ACC_CUST00894,CUST00894,2,5,8,4,Good
ACC_CUST00895,CUST00895,7,6,7,7,Standard
ACC_CUST00896,CUST00896,0,5,5,2,Good
ACC_CUST00897,CUST00897,10,6,34,8,Bad
ACC_CUST00898,CUST00898,3,4,5,2,Standard
ACC_CUST00899,CUST00899,0,1,1,2,Good
ACC_CUST00900,CUST00900,9,10,32,4,Standard
ACC_CUST00901,CUST00901,8,3,1,4,Good
ACC_CUST00902,CUST00902,1,3,9,2,Good
ACC_CUST00903,CUST00903,5,5,16,4,Standard
ACC_CUST00904,CUST00904,9,9,16,3,Bad
ACC_CUST00905,CUST00905,10,8,23,6,Standard
ACC_CUST00906,CUST00906,6,4,6,7,Standard
ACC_CUST00907,CUST00907,3,5,30,4,Standard
ACC_CUST00908,CUST00908,6,5,34,9,Bad
ACC_CUST00910,CUST00910,3,4,4,0,Standard
ACC_CUST00911,CUST00911,3,8,22,2,Standard
ACC_CUST00912,CUST00912,8,4,9,4,Standard
ACC_CUST00913,CUST00913,8,5,26,3,Standard
ACC_CUST00914,CUST00914,4,6,6,1,Good
ACC_CUST00915,CUST00915,5,3,21,4,Standard
ACC_CUST00916,CUST00916,7,5,20,6,Bad
ACC_CUST00917,CUST00917,9,8,26,7,Bad
ACC_CUST00918,CUST00918,8,5,16,9,Bad
ACC_CUST00919,CUST00919,8,3,18,2,Standard
ACC_CUST00920,CUST00920,9,8,21,2,Bad
ACC_CUST00921,CUST00921,0,4,3,1,Good
ACC_CUST00922,CUST00922,6,6,11,4,Standard
ACC_CUST00923,CUST00923,7,7,17,8,Bad
ACC_CUST00924,CUST00924,7,3,10,4,Standard
ACC_CUST00925,CUST00925,7,6,8,7,Standard
ACC_CUST00926,CUST00926,1,6,12,1,Good
ACC_CUST00927,CUST00927,3,7,3,3,Good
ACC_CUST00928,CUST00928,7,5,16,7,Bad
ACC_CUST00929,CUST00929,4,4,4,3,Good
ACC_CUST00930,CUST00930,5,3,18,6,Standard
ACC_CUST00931,CUST00931,7,5,32,2,Bad
ACC_CUST00932,CUST00932,6,4,12,4,Standard
ACC_CUST00933,CUST00933,7,5,8,4,Standard
ACC_CUST00934,CUST00934,5,6,15,3,Standard
ACC_CUST00935,CUST00935,4,3,3,0,Good
ACC_CUST00936,CUST00936,3,5,20,5,Standard
ACC_CUST00937,CUST00937,4,3,7,3,Standard
ACC_CUST00938,CUST00938,5,1,1,4,Good
ACC_CUST00939,CUST00939,4,4,6,3,Good
ACC_CUST00940,CUST00940,5,5,7,0,Good
ACC_CUST00941,CUST00941,8,5,17,3,Standard
ACC_CUST00942,CUST00942,1,5,6,2,Good
ACC_CUST00943,CUST00943,4,4,15,1,Standard
ACC_CUST00944,CUST00944,9,7,31,5,Bad
ACC_CUST00945,CUST00945,8,5,15,3,Standard
ACC_CUST00947,CUST00947,3,6,10,2,Standard
ACC_CUST00948,CUST00948,7,6,7,5,Standard
ACC_CUST00949,CUST00949,10,7,29,8,Bad
ACC_CUST00950,CUST00950,6,10,19,7,Bad
ACC_CUST00951,CUST00951,1,5,4,2,Good
ACC_CUST00952,CUST00952,3,5,10,2,Standard
ACC_CUST00953,CUST00953,2,5,9,4,Good
ACC_CUST00954,CUST00954,8,3,6,7,Standard
ACC_CUST00955,CUST00955,10,7,24,9,Bad
ACC_CUST00956,CUST00956,4,4,12,1,Good
ACC_CUST00957,CUST00957,3,4,19,4,Standard
ACC_CUST00958,CUST00958,6,7,6,3,Standard
ACC_CUST00959,CUST00959,6,8,30,5,Bad
ACC_CUST00960,CUST00960,5,7,9,3,Standard
ACC_CUST00961,CUST00961,8,6,24,5,Bad
ACC_CUST00962,CUST00962,3,6,6,1,Good
ACC_CUST00963,CUST00963,7,7,25,6,Bad
ACC_CUST00964,CUST00964,2,7,7,2,Good
ACC_CUST00965,CUST00965,7,5,19,4,Standard
ACC_CUST00966,CUST00966,8,6,16,3,Standard
ACC_CUST00967,CUST00967,8,8,18,9,Bad
ACC_CUST00968,CUST00968,5,7,3,1,Good
ACC_CUST00969,CUST00969,8,7,23,9,Bad
ACC_CUST00970,CUST00970,8,7,24,9,Bad
ACC_CUST00972,CUST00972,5,5,8,3,Standard
ACC_CUST00973,CUST00973,0,4,11,0,Good
ACC_CUST00974,CUST00974,5,6,8,2,Good
ACC_CUST00976,CUST00976,10,9,27,8,Bad
ACC_CUST00979,CUST00979,3,3,18,0,Standard
ACC_CUST00980,CUST00980,8,6,14,5,Standard
ACC_CUST00981,CUST00981,6,3,17,1,Standard
ACC_CUST00982,CUST00982,7,6,17,2,Standard
ACC_CUST00983,CUST00983,7,5,17,2,Standard
ACC_CUST00984,CUST00984,3,5,8,0,Good
ACC_CUST00985,CUST00985,5,7,17,4,Standard
ACC_CUST00986,CUST00986,7,9,26,9,Bad
ACC_CUST00987,CUST00987,3,7,6,1,Good
ACC_CUST00988,CUST00988,5,7,7,0,Standard
ACC_CUST00989,CUST00989,7,3,16,3,Standard
ACC_CUST00990,CUST00990,9,10,29,6,Standard
ACC_CUST00991,CUST00991,0,3,9,4,Good
ACC_CUST00992,CUST00992,4,6,21,2,Standard
ACC_CUST00993,CUST00993,6,5,15,2,Standard
ACC_CUST00994,CUST00994,10,7,33,7,Standard
ACC_CUST00996,CUST00996,4,5,5,3,Standard
ACC_CUST00997,CUST00997,1,3,12,3,Good
ACC_CUST00998,CUST00998,6,6,22,2,Bad
ACC_CUST00999,CUST00999,3,7,15,4,Standard
ACC_CUST01000,CUST01000,5,3,7,4,Good
ACC_CUST01001,CUST01001,0,7,8,2,Good
ACC_CUST01002,CUST01002,6,4,7,3,Standard
ACC_CUST01003,CUST01003,8,9,30,6,Bad
ACC_CUST01004,CUST01004,7,8,18,7,Bad
ACC_CUST01005,CUST01005,6,5,8,2,Standard
ACC_CUST01006,CUST01006,7,7,24,7,Standard
ACC_CUST01007,CUST01007,7,9,16,4,Bad
ACC_CUST01008,CUST01008,6,7,17,2,Standard
ACC_CUST01009,CUST01009,6,3,22,2,Standard
ACC_CUST01010,CUST01010,3,5,4,4,Good
ACC_CUST01011,CUST01011,0,2,7,1,Good
ACC_CUST01012,CUST01012,7,6,16,0,Standard
ACC_CUST01013,CUST01013,9,10,18,2,Standard
ACC_CUST01014,CUST01014,4,2,4,0,Good
ACC_CUST01015,CUST01015,5,3,13,3,Standard
ACC_CUST01016,CUST01016,7,7,21,9,Bad
ACC_CUST01017,CUST01017,6,5,7,4,Standard
ACC_CUST01018,CUST01018,5,3,4,0,Good
ACC_CUST01020,CUST01020,8,8,29,5,Bad
ACC_CUST01021,CUST01021,6,5,33,7,Bad
ACC_CUST01022,CUST01022,0,5,1,1,Good
ACC_CUST01023,CUST01023,9,10,24,7,Bad
ACC_CUST01024,CUST01024,7,9,22,5,Bad
ACC_CUST01025,CUST01025,7,6,16,4,Standard
ACC_CUST01026,CUST01026,10,8,23,3,Bad
ACC_CUST01027,CUST01027,7,5,6,1,Standard
ACC_CUST01028,CUST01028,5,10,16,3,Standard
ACC_CUST01029,CUST01029,6,3,11,4,Standard
ACC_CUST01030,CUST01030,3,5,9,2,Standard
ACC_CUST01031,CUST01031,5,7,5,4,Good
ACC_CUST01032,CUST01032,7,9,33,8,Bad
ACC_CUST01033,CUST01033,3,3,20,6,Standard
ACC_CUST01034,CUST01034,5,6,10,4,Standard
ACC_CUST01035,CUST01035,8,6,22,2,Bad
ACC_CUST01036,CUST01036,6,7,6,0,Good
ACC_CUST01037,CUST01037,4,4,5,3,Good
ACC_CUST01038,CUST01038,8,3,7,1,Good
ACC_CUST01039,CUST01039,4,5,4,2,Good
ACC_CUST01040,CUST01040,6,3,9,4,Standard
ACC_CUST01041,CUST01041,4,6,10,2,Standard
ACC_CUST01042,CUST01042,10,8,27,5,Bad
ACC_CUST01043,CUST01043,4,4,4,2,Good
ACC_CUST01044,CUST01044,5,6,17,0,Standard
ACC_CUST01045,CUST01045,7,7,17,4,Standard
ACC_CUST01046,CUST01046,5,7,20,1,Standard
ACC_CUST01047,CUST01047,0,5,11,1,Good
ACC_CUST01048,CUST01048,3,4,7,2,Standard
ACC_CUST01049,CUST01049,4,7,13,3,Standard
ACC_CUST01050,CUST01050,4,3,13,3,Standard
ACC_CUST01051,CUST01051,3,4,9,0,Standard
ACC_CUST01052,CUST01052,8,7,9,3,Standard
ACC_CUST01053,CUST01053,4,6,6,3,Good
ACC_CUST01054,CUST01054,3,5,5,1,Good
ACC_CUST01055,CUST01055,7,6,18,3,Standard
ACC_CUST01056,CUST01056,3,3,10,2,Standard
ACC_CUST01057,CUST01057,8,7,10,0,Standard
ACC_CUST01058,CUST01058,8,3,7,1,Standard
ACC_CUST01059,CUST01059,3,5,23,4,Standard
ACC_CUST01060,CUST01060,7,10,28,7,Bad
ACC_CUST01061,CUST01061,5,6,21,3,Standard
ACC_CUST01062,CUST01062,4,7,5,3,Standard
ACC_CUST01063,CUST01063,6,3,13,6,Standard
ACC_CUST01064,CUST01064,2,1,11,0,Good
ACC_CUST01065,CUST01065,0,5,2,4,Good
ACC_CUST01066,CUST01066,7,10,29,4,Standard
ACC_CUST01067,CUST01067,7,5,5,4,Standard
ACC_CUST01068,CUST01068,7,5,5,7,Standard
ACC_CUST01069,CUST01069,8,3,16,3,Standard
ACC_CUST01070,CUST01070,10,8,30,6,Bad
ACC_CUST01071,CUST01071,6,7,14,3,Standard
ACC_CUST01072,CUST01072,10,5,22,5,Bad
ACC_CUST01073,CUST01073,3,6,7,5,Standard
ACC_CUST01074,CUST01074,0,7,6,2,Good
ACC_CUST01075,CUST01075,4,5,9,6,Standard
ACC_CUST01076,CUST01076,3,4,7,2,Good
ACC_CUST01077,CUST01077,9,10,23,8,Bad
ACC_CUST01079,CUST01079,8,7,5,4,Standard
ACC_CUST01080,CUST01080,7,9,19,6,Bad
ACC_CUST01081,CUST01081,8,7,33,6,Standard
ACC_CUST01082,CUST01082,6,7,28,2,Bad
ACC_CUST01084,CUST01084,5,5,12,1,Good
ACC_CUST01085,CUST01085,10,7,33,5,Standard
ACC_CUST01086,CUST01086,3,3,10,2,Good
ACC_CUST01087,CUST01087,0,5,4,3,Good
ACC_CUST01088,CUST01088,10,5,16,7,Bad
ACC_CUST01089,CUST01089,6,8,27,2,Standard
ACC_CUST01090,CUST01090,4,3,4,4,Good
ACC_CUST01091,CUST01091,3,5,14,3,Standard
ACC_CUST01092,CUST01092,1,2,3,1,Good
ACC_CUST01093,CUST01093,7,6,31,8,Bad
ACC_CUST01094,CUST01094,2,5,3,2,Good
ACC_CUST01095,CUST01095,3,5,9,2,Good
ACC_CUST01096,CUST01096,0,3,1,3,Good
ACC_CUST01097,CUST01097,2,6,10,1,Good
ACC_CUST01098,CUST01098,6,5,26,6,Standard
ACC_CUST01099,CUST01099,5,3,9,1,Good
ACC_CUST01100,CUST01100,9,5,22,9,Bad
ACC_CUST01101,CUST01101,4,4,3,4,Good
ACC_CUST01102,CUST01102,10,10,21,6,Bad
ACC_CUST01103,CUST01103,3,6,13,3,Standard
ACC_CUST01104,CUST01104,8,4,20,4,Standard
ACC_CUST01106,CUST01106,3,2,8,0,Good
ACC_CUST01108,CUST01108,3,7,17,3,Standard
ACC_CUST01109,CUST01109,1,7,3,4,Good
ACC_CUST01110,CUST01110,5,5,15,2,Standard
ACC_CUST01111,CUST01111,7,3,14,1,Standard
ACC_CUST01112,CUST01112,5,1,3,3,Good
ACC_CUST01113,CUST01113,8,5,20,4,Bad
ACC_CUST01114,CUST01114,8,5,17,2,Standard
ACC_CUST01115,CUST01115,3,4,13,0,Standard
ACC_CUST01116,CUST01116,8,4,8,3,Good
ACC_CUST01117,CUST01117,1,3,8,3,Good
ACC_CUST01118,CUST01118,5,4,5,4,Standard
ACC_CUST01119,CUST01119,7,4,11,4,Standard
ACC_CUST01120,CUST01120,1,4,1,2,Good
ACC_CUST01121,CUST01121,3,5,15,4,Standard
ACC_CUST01122,CUST01122,7,7,20,2,Standard
ACC_CUST01123,CUST01123,4,6,14,3,Standard
ACC_CUST01124,CUST01124,4,6,3,4,Good
ACC_CUST01125,CUST01125,7,6,15,4,Standard
ACC_CUST01126,CUST01126,4,4,2,3,Good
ACC_CUST01127,CUST01127,3,7,25,7,Standard
ACC_CUST01128,CUST01128,6,5,27,5,Bad
ACC_CUST01129,CUST01129,3,3,9,1,Standard
ACC_CUST01130,CUST01130,3,5,6,0,Good
ACC_CUST01131,CUST01131,1,1,10,3,Good
ACC_CUST01132,CUST01132,3,5,1,0,Good
ACC_CUST01133,CUST01133,8,10,31,4,Bad
ACC_CUST01134,CUST01134,2,7,9,4,Good
ACC_CUST01135,CUST01135,4,4,19,3,Standard
ACC_CUST01136,CUST01136,0,6,3,3,Good
ACC_CUST01137,CUST01137,3,6,12,2,Standard
ACC_CUST01138,CUST01138,9,6,27,5,Bad
ACC_CUST01139,CUST01139,5,5,8,1,Standard
ACC_CUST01140,CUST01140,2,6,7,3,Good
ACC_CUST01141,CUST01141,9,7,29,7,Bad
ACC_CUST01142,CUST01142,8,9,26,7,Bad
ACC_CUST01143,CUST01143,7,6,27,8,Bad
ACC_CUST01144,CUST01144,7,6,20,1,Standard
ACC_CUST01145,CUST01145,7,10,30,6,Bad
ACC_CUST01146,CUST01146,2,5,9,0,Good
ACC_CUST01147,CUST01147,5,5,8,0,Standard
ACC_CUST01148,CUST01148,8,9,31,6,Bad
ACC_CUST01149,CUST01149,7,7,8,4,Standard
ACC_CUST01150,CUST01150,5,4,5,2,Standard
ACC_CUST01151,CUST01151,6,3,13,0,Standard
ACC_CUST01152,CUST01152,10,5,33,9,Bad
ACC_CUST01153,CUST01153,3,5,14,4,Standard
ACC_CUST01154,CUST01154,8,6,9,0,Good
ACC_CUST01155,CUST01155,6,6,17,1,Standard
ACC_CUST01156,CUST01156,5,7,13,1,Standard
ACC_CUST01157,CUST01157,7,4,18,3,Standard
ACC_CUST01158,CUST01158,5,4,18,1,Standard
ACC_CUST01159,CUST01159,5,5,6,3,Standard
ACC_CUST01160,CUST01160,2,1,12,1,Good
ACC_CUST01161,CUST01161,7,3,5,6,Standard
ACC_CUST01162,CUST01162,0,7,3,4,Good
ACC_CUST01163,CUST01163,3,6,16,2,Standard
ACC_CUST01164,CUST01164,5,7,30,3,Standard
ACC_CUST01165,CUST01165,8,5,25,3,Standard
ACC_CUST01166,CUST01166,9,7,21,8,Bad
ACC_CUST01167,CUST01167,0,7,8,0,Good
ACC_CUST01168,CUST01168,3,4,4,4,Good
ACC_CUST01169,CUST01169,3,7,12,1,Standard
ACC_CUST01170,CUST01170,4,5,15,3,Standard
ACC_CUST01171,CUST01171,6,8,19,9,Bad
ACC_CUST01172,CUST01172,0,5,11,3,Good
ACC_CUST01173,CUST01173,0,6,6,0,Good
ACC_CUST01174,CUST01174,3,3,18,0,Standard
ACC_CUST01175,CUST01175,1,4,4,4,Good
ACC_CUST01176,CUST01176,0,4,6,1,Good
ACC_CUST01177,CUST01177,3,4,13,3,Standard
ACC_CUST01178,CUST01178,7,6,20,2,Standard
ACC_CUST01179,CUST01179,2,7,12,4,Good
ACC_CUST01180,CUST01180,8,7,17,2,Standard
ACC_CUST01181,CUST01181,3,4,18,0,Standard
ACC_CUST01182,CUST01182,7,4,15,7,Standard
ACC_CUST01183,CUST01183,7,3,7,0,Standard
ACC_CUST01184,CUST01184,7,7,8,3,Standard
ACC_CUST01185,CUST01185,1,1,3,1,Good
ACC_CUST01186,CUST01186,5,6,8,0,Standard
ACC_CUST01187,CUST01187,5,4,7,2,Good
ACC_CUST01188,CUST01188,4,5,13,2,Standard
ACC_CUST01189,CUST01189,4,4,13,1,Standard
ACC_CUST01190,CUST01190,0,4,11,2,Good
ACC_CUST01191,CUST01191,7,7,18,8,Bad
ACC_CUST01192,CUST01192,9,10,18,7,Bad
ACC_CUST01193,CUST01193,3,9,15,5,Standard
ACC_CUST01194,CUST01194,8,4,12,3,Standard
ACC_CUST01195,CUST01195,9,5,27,6,Bad
ACC_CUST01196,CUST01196,5,4,3,0,Good
ACC_CUST01198,CUST01198,4,6,14,0,Standard
ACC_CUST01199,CUST01199,8,3,6,7,Standard
ACC_CUST01200,CUST01200,2,3,2,3,Good
ACC_CUST01201,CUST01201,2,5,2,0,Good
ACC_CUST01202,CUST01202,7,4,18,2,Standard
ACC_CUST01203,CUST01203,6,6,25,5,Bad
ACC_CUST01204,CUST01204,0,1,6,4,Good
ACC_CUST01205,CUST01205,2,2,3,4,Good
ACC_CUST01206,CUST01206,0,4,11,3,Good
ACC_CUST01207,CUST01207,3,3,5,3,Standard
ACC_CUST01208,CUST01208,2,7,2,4,Good
ACC_CUST01209,CUST01209,7,9,32,4,Bad
ACC_CUST01210,CUST01210,6,4,21,5,Standard
ACC_CUST01211,CUST01211,3,5,19,2,Standard
ACC_CUST01212,CUST01212,8,5,19,6,Bad
ACC_CUST01213,CUST01213,2,2,7,3,Good
ACC_CUST01214,CUST01214,6,7,21,5,Bad
ACC_CUST01215,CUST01215,8,5,12,0,Standard
ACC_CUST01216,CUST01216,8,6,17,1,Standard
ACC_CUST01217,CUST01217,7,4,16,2,Standard
ACC_CUST01218,CUST01218,9,6,25,9,Bad
ACC_CUST01220,CUST01220,3,5,12,2,Standard
ACC_CUST01221,CUST01221,1,3,11,4,Good
ACC_CUST01222,CUST01222,4,4,6,2,Standard
ACC_CUST01223,CUST01223,4,7,10,2,Good
ACC_CUST01224,CUST01224,5,4,20,5,Standard
ACC_CUST01225,CUST01225,4,7,33,6,Standard
ACC_CUST01226,CUST01226,8,8,18,2,Bad
ACC_CUST01227,CUST01227,2,3,9,1,Good
ACC_CUST01228,CUST01228,3,1,4,2,Good
ACC_CUST01229,CUST01229,8,9,19,9,Bad
ACC_CUST01230,CUST01230,8,5,23,6,Standard
ACC_CUST01231,CUST01231,6,5,29,7,Bad
ACC_CUST01232,CUST01232,6,7,24,7,Bad
ACC_CUST01233,CUST01233,8,3,15,3,Standard
ACC_CUST01234,CUST01234,7,6,23,7,Bad
ACC_CUST01235,CUST01235,8,6,30,5,Bad
ACC_CUST01236,CUST01236,6,7,23,6,Bad
ACC_CUST01237,CUST01237,8,4,20,0,Standard
ACC_CUST01238,CUST01238,2,7,6,3,Good
ACC_CUST01239,CUST01239,3,2,9,0,Good
ACC_CUST01240,CUST01240,7,5,12,2,Standard
ACC_CUST01241,CUST01241,6,3,16,4,Standard
ACC_CUST01242,CUST01242,7,5,14,1,Standard
ACC_CUST01243,CUST01243,8,9,31,5,Bad
ACC_CUST01244,CUST01244,8,4,18,0,Standard
ACC_CUST01245,CUST01245,2,6,12,0,Good
ACC_CUST01246,CUST01246,3,4,6,1,Good
ACC_CUST01247,CUST01247,7,3,6,5,Standard
ACC_CUST01248,CUST01248,3,3,10,3,Good
ACC_CUST01249,CUST01249,8,4,17,0,Standard
ACC_CUST01250,CUST01250,8,10,30,3,Standard
ACC_CUST01251,CUST01251,7,7,16,7,Bad
ACC_CUST01252,CUST01252,9,10,20,2,Bad
ACC_CUST01253,CUST01253,6,7,5,2,Standard
ACC_CUST01254,CUST01254,4,6,5,1,Standard
ACC_CUST01256,CUST01256,1,6,5,1,Good
ACC_CUST01257,CUST01257,0,4,6,0,Good
ACC_CUST01258,CUST01258,5,2,11,3,Good
ACC_CUST01259,CUST01259,4,6,3,1,Good
ACC_CUST01260,CUST01260,5,5,13,4,Standard
ACC_CUST01261,CUST01261,6,4,9,3,Standard
ACC_CUST01262,CUST01262,6,7,9,1,Good
ACC_CUST01263,CUST01263,6,5,34,9,Bad
ACC_CUST01264,CUST01264,8,4,11,1,Good
ACC_CUST01266,CUST01266,7,7,9,4,Standard
ACC_CUST01267,CUST01267,6,3,10,3,Good
ACC_CUST01268,CUST01268,3,7,8,1,Standard
ACC_CUST01269,CUST01269,5,2,4,2,Good
ACC_CUST01270,CUST01270,1,6,7,3,Good
ACC_CUST01271,CUST01271,1,3,12,2,Good
ACC_CUST01272,CUST01272,8,5,5,2,Good
ACC_CUST01273,CUST01273,2,4,6,1,Good
ACC_CUST01275,CUST01275,2,7,2,2,Good
ACC_CUST01277,CUST01277,5,7,3,2,Good
ACC_CUST01278,CUST01278,3,7,8,0,Good
ACC_CUST01279,CUST01279,8,7,19,0,Standard
ACC_CUST01280,CUST01280,6,4,9,3,Standard
ACC_CUST01281,CUST01281,5,7,10,7,Standard
ACC_CUST01282,CUST01282,0,5,1,1,Good
ACC_CUST01284,CUST01284,5,7,10,4,Standard
ACC_CUST01285,CUST01285,4,4,27,3,Standard
ACC_CUST01286,CUST01286,6,9,29,2,Standard
ACC_CUST01287,CUST01287,6,3,17,3,Standard
ACC_CUST01288,CUST01288,1,7,1,2,Good
ACC_CUST01289,CUST01289,0,5,9,4,Good
ACC_CUST01290,CUST01290,5,7,10,4,Good
ACC_CUST01291,CUST01291,5,7,1,4,Good
ACC_CUST01292,CUST01292,5,4,10,2,Standard
ACC_CUST01293,CUST01293,3,7,17,5,Standard
ACC_CUST01294,CUST01294,6,4,10,3,Good
ACC_CUST01295,CUST01295,0,5,2,2,Good
ACC_CUST01296,CUST01296,7,6,17,3,Standard
ACC_CUST01297,CUST01297,4,5,3,0,Good
ACC_CUST01298,CUST01298,8,6,22,2,Bad
ACC_CUST01299,CUST01299,7,7,26,7,Standard
ACC_CUST01300,CUST01300,9,5,24,9,Bad
ACC_CUST01302,CUST01302,8,10,30,8,Bad
ACC_CUST01303,CUST01303,3,7,10,4,Good
ACC_CUST01304,CUST01304,5,6,13,0,Standard
ACC_CUST01305,CUST01305,5,1,2,1,Good
ACC_CUST01306,CUST01306,6,9,20,6,Bad
ACC_CUST01307,CUST01307,10,5,16,7,Bad
ACC_CUST01309,CUST01309,10,8,18,5,Bad
ACC_CUST01310,CUST01310,6,6,30,7,Bad
ACC_CUST01312,CUST01312,7,5,17,2,Standard
ACC_CUST01313,CUST01313,5,7,17,1,Standard
ACC_CUST01314,CUST01314,7,6,30,8,Bad
ACC_CUST01315,CUST01315,3,5,11,3,Good
ACC_CUST01316,CUST01316,5,4,9,2,Good
ACC_CUST01317,CUST01317,7,10,21,2,Bad
ACC_CUST01318,CUST01318,8,6,13,0,Standard
ACC_CUST01319,CUST01319,6,5,14,4,Standard
ACC_CUST01320,CUST01320,5,4,17,4,Standard
ACC_CUST01321,CUST01321,3,7,12,1,Standard
ACC_CUST01322,CUST01322,3,7,11,4,Standard
ACC_CUST01323,CUST01323,0,3,7,3,Good
ACC_CUST01324,CUST01324,5,1,3,4,Good
ACC_CUST01325,CUST01325,5,6,14,6,Standard
ACC_CUST01326,CUST01326,8,10,17,2,Standard
ACC_CUST01327,CUST01327,5,7,8,2,Good
ACC_CUST01328,CUST01328,9,5,26,7,Bad
ACC_CUST01329,CUST01329,7,6,31,2,Bad
ACC_CUST01330,CUST01330,2,1,2,0,Good
ACC_CUST01331,CUST01331,5,7,17,5,Standard
ACC_CUST01332,CUST01332,8,3,15,1,Standard
ACC_CUST01333,CUST01333,6,3,2,4,Standard
ACC_CUST01334,CUST01334,3,5,9,0,Good
ACC_CUST01335,CUST01335,7,4,13,4,Standard
ACC_CUST01336,CUST01336,8,3,20,5,Standard
ACC_CUST01337,CUST01337,2,3,2,3,Good
ACC_CUST01338,CUST01338,2,5,8,0,Good
ACC_CUST01339,CUST01339,5,7,29,4,Standard
ACC_CUST01340,CUST01340,6,10,22,6,Bad
ACC_CUST01341,CUST01341,1,1,6,2,Good
ACC_CUST01342,CUST01342,7,6,28,9,Bad
ACC_CUST01343,CUST01343,3,3,9,6,Standard
ACC_CUST01344,CUST01344,8,7,12,4,Standard
ACC_CUST01345,CUST01345,9,9,15,6,Bad
ACC_CUST01346,CUST01346,2,5,10,3,Good
ACC_CUST01347,CUST01347,6,5,32,7,Bad
ACC_CUST01348,CUST01348,3,6,8,3,Good
ACC_CUST01349,CUST01349,6,3,14,4,Standard
ACC_CUST01350,CUST01350,1,5,6,2,Good
ACC_CUST01351,CUST01351,10,6,19,6,Bad
ACC_CUST01352,CUST01352,10,8,23,6,Bad
ACC_CUST01353,CUST01353,4,6,14,0,Standard
ACC_CUST01354,CUST01354,4,3,9,2,Good
ACC_CUST01355,CUST01355,4,5,9,3,Good
ACC_CUST01356,CUST01356,5,6,6,7,Standard
ACC_CUST01357,CUST01357,10,7,22,9,Bad
ACC_CUST01358,CUST01358,8,6,16,9,Bad
ACC_CUST01359,CUST01359,4,6,5,6,Standard
ACC_CUST01360,CUST01360,5,7,14,0,Standard
ACC_CUST01361,CUST01361,0,3,9,0,Good
ACC_CUST01363,CUST01363,8,8,21,4,Bad
ACC_CUST01364,CUST01364,7,7,15,0,Standard
ACC_CUST01365,CUST01365,3,6,5,1,Standard
ACC_CUST01366,CUST01366,9,5,26,7,Bad
ACC_CUST01367,CUST01367,3,4,4,3,Good
ACC_CUST01368,CUST01368,3,3,8,0,Good
ACC_CUST01369,CUST01369,4,5,4,0,Good
ACC_CUST01370,CUST01370,10,8,25,7,Bad
ACC_CUST01371,CUST01371,5,2,7,3,Good
ACC_CUST01372,CUST01372,6,7,3,3,Good
ACC_CUST01373,CUST01373,0,1,7,0,Good
ACC_CUST01374,CUST01374,8,6,20,5,Bad
ACC_CUST01375,CUST01375,5,5,4,4,Good
ACC_CUST01376,CUST01376,7,6,16,8,Bad
ACC_CUST01377,CUST01377,9,8,28,3,Bad
ACC_CUST01378,CUST01378,8,10,16,7,Bad
ACC_CUST01379,CUST01379,4,7,10,2,Standard
ACC_CUST01380,CUST01380,6,4,7,3,Good
ACC_CUST01381,CUST01381,3,5,7,0,Standard
ACC_CUST01382,CUST01382,0,1,4,4,Good
ACC_CUST01383,CUST01383,8,3,14,2,Standard
ACC_CUST01384,CUST01384,3,6,5,0,Standard
ACC_CUST01385,CUST01385,1,5,10,4,Good
ACC_CUST01386,CUST01386,2,5,7,1,Good
ACC_CUST01387,CUST01387,5,4,17,4,Standard
ACC_CUST01388,CUST01388,8,5,15,5,Bad
ACC_CUST01389,CUST01389,6,6,12,4,Standard
ACC_CUST01390,CUST01390,8,7,28,6,Standard
ACC_CUST01392,CUST01392,10,10,19,6,Bad
ACC_CUST01393,CUST01393,3,7,10,3,Good
ACC_CUST01394,CUST01394,8,9,19,6,Standard
ACC_CUST01395,CUST01395,7,6,29,3,Standard
ACC_CUST01396,CUST01396,7,9,30,5,Bad
ACC_CUST01397,CUST01397,6,5,15,2,Standard
ACC_CUST01398,CUST01398,5,5,32,7,Standard
ACC_CUST01399,CUST01399,6,7,12,4,Standard
ACC_CUST01400,CUST01400,7,5,14,2,Standard
ACC_CUST01401,CUST01401,5,5,13,2,Standard
ACC_CUST01402,CUST01402,5,5,8,0,Good
ACC_CUST01403,CUST01403,6,9,18,3,Bad
ACC_CUST01404,CUST01404,5,5,20,2,Standard
ACC_CUST01406,CUST01406,10,8,21,8,Bad
ACC_CUST01407,CUST01407,5,4,7,4,Good
ACC_CUST01408,CUST01408,0,3,3,2,Good
ACC_CUST01409,CUST01409,4,7,9,2,Standard
ACC_CUST01410,CUST01410,1,7,7,3,Good
ACC_CUST01411,CUST01411,0,6,4,1,Good
ACC_CUST01412,CUST01412,3,3,12,1,Standard
ACC_CUST01413,CUST01413,1,5,5,1,Good
ACC_CUST01414,CUST01414,4,3,5,6,Standard
ACC_CUST01415,CUST01415,3,1,3,3,Good
ACC_CUST01416,CUST01416,8,9,18,9,Bad
ACC_CUST01417,CUST01417,1,6,5,3,Good
ACC_CUST01418,CUST01418,3,4,9,3,Good
ACC_CUST01419,CUST01419,5,6,19,3,Standard
ACC_CUST01420,CUST01420,10,6,24,3,Bad
ACC_CUST01421,CUST01421,6,6,18,1,Standard
ACC_CUST01422,CUST01422,4,6,18,6,Standard
ACC_CUST01423,CUST01423,6,3,18,4,Standard
ACC_CUST01424,CUST01424,2,3,4,0,Good
ACC_CUST01425,CUST01425,1,4,1,4,Good
ACC_CUST01426,CUST01426,5,3,22,7,Standard
ACC_CUST01427,CUST01427,5,5,10,0,Standard
ACC_CUST01428,CUST01428,2,3,4,3,Good
ACC_CUST01429,CUST01429,0,3,2,4,Good
ACC_CUST01430,CUST01430,5,5,10,3,Good
ACC_CUST01431,CUST01431,8,6,14,2,Standard
ACC_CUST01432,CUST01432,6,3,16,7,Standard
ACC_CUST01433,CUST01433,10,7,31,6,Standard
ACC_CUST01434,CUST01434,10,8,24,7,Bad
ACC_CUST01435,CUST01435,6,5,31,5,Standard
ACC_CUST01436,CUST01436,10,9,33,3,Bad
ACC_CUST01437,CUST01437,6,5,20,3,Standard
ACC_CUST01438,CUST01438,7,8,16,6,Bad
ACC_CUST01439,CUST01439,7,5,14,6,Standard
ACC_CUST01440,CUST01440,7,3,16,1,Standard
ACC_CUST01441,CUST01441,8,10,16,5,Bad
ACC_CUST01442,CUST01442,4,6,4,2,Good
ACC_CUST01443,CUST01443,5,7,17,5,Standard
ACC_CUST01444,CUST01444,3,7,20,3,Standard
ACC_CUST01445,CUST01445,2,3,12,3,Good
ACC_CUST01446,CUST01446,3,6,19,2,Standard
ACC_CUST01447,CUST01447,0,4,10,1,Good
ACC_CUST01448,CUST01448,2,1,11,0,Good
ACC_CUST01449,CUST01449,8,9,34,7,Bad
ACC_CUST01451,CUST01451,4,1,4,2,Good
ACC_CUST01453,CUST01453,8,9,15,8,Bad
ACC_CUST01454,CUST01454,7,7,16,3,Standard
ACC_CUST01455,CUST01455,7,6,17,4,Standard
ACC_CUST01456,CUST01456,3,4,20,2,Standard
ACC_CUST01457,CUST01457,5,2,5,3,Good
ACC_CUST01458,CUST01458,2,5,3,4,Good
ACC_CUST01459,CUST01459,8,4,12,7,Standard
ACC_CUST01460,CUST01460,6,7,33,5,Bad
ACC_CUST01461,CUST01461,3,4,5,3,Standard
ACC_CUST01462,CUST01462,1,4,2,3,Good
ACC_CUST01463,CUST01463,5,4,10,4,Good
ACC_CUST01464,CUST01464,4,2,6,3,Good
ACC_CUST01465,CUST01465,8,10,21,5,Standard
ACC_CUST01466,CUST01466,7,6,34,6,Bad
ACC_CUST01467,CUST01467,4,2,8,0,Good
ACC_CUST01468,CUST01468,7,10,16,6,Bad
ACC_CUST01469,CUST01469,7,7,33,6,Bad
ACC_CUST01470,CUST01470,6,8,25,5,Bad
ACC_CUST01471,CUST01471,4,4,17,3,Standard
ACC_CUST01472,CUST01472,0,6,5,4,Good
ACC_CUST01473,CUST01473,7,7,27,6,Bad
ACC_CUST01474,CUST01474,2,3,11,4,Good
ACC_CUST01475,CUST01475,6,6,9,2,Standard
ACC_CUST01476,CUST01476,7,9,29,4,Bad
ACC_CUST01477,CUST01477,4,3,1,2,Good
ACC_CUST01478,CUST01478,6,6,13,2,Standard
ACC_CUST01479,CUST01479,6,6,28,4,Standard
ACC_CUST01480,CUST01480,5,4,10,4,Good
ACC_CUST01481,CUST01481,4,6,6,4,Good
ACC_CUST01482,CUST01482,6,7,5,7,Standard
ACC_CUST01483,CUST01483,7,5,16,5,Standard
ACC_CUST01484,CUST01484,6,6,12,3,Standard
ACC_CUST01485,CUST01485,9,6,18,6,Bad
ACC_CUST01486,CUST01486,1,3,1,1,Good
ACC_CUST01488,CUST01488,7,5,34,9,Bad
ACC_CUST01489,CUST01489,6,7,23,6,Bad
ACC_CUST01490,CUST01490,9,6,32,3,Bad
ACC_CUST01491,CUST01491,7,4,10,3,Good
ACC_CUST01492,CUST01492,6,3,5,0,Standard
ACC_CUST01493,CUST01493,2,3,2,2,Good
ACC_CUST01494,CUST01494,7,3,10,0,Standard
ACC_CUST01495,CUST01495,8,7,14,0,Standard
ACC_CUST01496,CUST01496,6,3,7,2,Standard
ACC_CUST01497,CUST01497,6,6,30,8,Bad
ACC_CUST01498,CUST01498,0,4,2,2,Good
ACC_CUST01499,CUST01499,10,5,23,7,Bad
ACC_CUST01500,CUST01500,6,5,15,9,Bad
ACC_CUST01501,CUST01501,5,5,17,4,Standard
ACC_CUST01502,CUST01502,8,5,33,7,Standard
ACC_CUST01503,CUST01503,1,6,11,3,Good
ACC_CUST01504,CUST01504,7,9,33,5,Bad
ACC_CUST01505,CUST01505,4,7,5,3,Standard
ACC_CUST01506,CUST01506,1,5,11,2,Good
ACC_CUST01507,CUST01507,7,6,14,0,Standard
ACC_CUST01508,CUST01508,6,5,29,5,Bad
ACC_CUST01509,CUST01509,3,5,8,2,Standard
ACC_CUST01510,CUST01510,10,6,20,5,Bad
ACC_CUST01511,CUST01511,1,7,12,2,Good
ACC_CUST01512,CUST01512,0,1,5,2,Good
ACC_CUST01513,CUST01513,10,9,25,2,Bad
ACC_CUST01514,CUST01514,0,3,6,1,Good
ACC_CUST01515,CUST01515,3,4,5,3,Standard
ACC_CUST01517,CUST01517,2,2,8,3,Good
ACC_CUST01518,CUST01518,6,5,20,3,Standard
ACC_CUST01519,CUST01519,5,4,2,2,Good
ACC_CUST01520,CUST01520,8,9,29,7,Bad
ACC_CUST01521,CUST01521,4,4,13,1,Standard
ACC_CUST01522,CUST01522,7,10,27,4,Bad
ACC_CUST01523,CUST01523,3,7,32,5,Standard
ACC_CUST01524,CUST01524,5,3,5,4,Standard
ACC_CUST01526,CUST01526,9,7,27,7,Bad
ACC_CUST01527,CUST01527,6,6,28,8,Bad
ACC_CUST01528,CUST01528,9,5,25,7,Bad
ACC_CUST01529,CUST01529,7,6,25,7,Bad
ACC_CUST01530,CUST01530,1,2,4,3,Good
ACC_CUST01531,CUST01531,9,9,29,6,Bad
ACC_CUST01532,CUST01532,3,5,9,0,Good
ACC_CUST01533,CUST01533,9,9,22,7,Bad
ACC_CUST01534,CUST01534,5,6,12,4,Good
ACC_CUST01535,CUST01535,3,7,15,1,Standard
ACC_CUST01536,CUST01536,6,6,12,2,Standard
ACC_CUST01537,CUST01537,3,3,11,3,Standard
ACC_CUST01538,CUST01538,2,1,5,0,Good
ACC_CUST01539,CUST01539,6,5,19,0,Standard
ACC_CUST01540,CUST01540,2,4,7,4,Good
ACC_CUST01541,CUST01541,3,3,16,4,Standard
ACC_CUST01542,CUST01542,8,4,20,2,Standard
ACC_CUST01543,CUST01543,1,5,11,0,Good
ACC_CUST01544,CUST01544,0,4,8,2,Good
ACC_CUST01545,CUST01545,0,6,5,4,Good
ACC_CUST01546,CUST01546,4,1,9,3,Good
ACC_CUST01547,CUST01547,3,4,12,3,Standard
ACC_CUST01548,CUST01548,4,3,9,0,Good
ACC_CUST01549,CUST01549,7,10,28,7,Bad
ACC_CUST01550,CUST01550,4,5,12,1,Good
ACC_CUST01551,CUST01551,5,4,8,4,Standard
ACC_CUST01552,CUST01552,5,3,1,4,Good
ACC_CUST01553,CUST01553,3,3,18,1,Standard
ACC_CUST01554,CUST01554,4,4,12,4,Standard
ACC_CUST01555,CUST01555,3,6,11,3,Good
ACC_CUST01556,CUST01556,3,4,5,2,Good
ACC_CUST01557,CUST01557,5,3,11,0,Standard
ACC_CUST01558,CUST01558,7,8,17,5,Bad
ACC_CUST01559,CUST01559,8,6,25,7,Bad
ACC_CUST01560,CUST01560,5,6,17,1,Standard
ACC_CUST01561,CUST01561,2,5,5,1,Good
ACC_CUST01562,CUST01562,5,5,10,5,Standard
ACC_CUST01563,CUST01563,0,5,4,4,Good
ACC_CUST01564,CUST01564,5,4,2,2,Good
ACC_CUST01565,CUST01565,7,7,26,6,Bad
ACC_CUST01566,CUST01566,5,6,1,2,Standard
ACC_CUST01567,CUST01567,3,1,6,1,Good
ACC_CUST01568,CUST01568,3,7,12,1,Good
ACC_CUST01569,CUST01569,5,7,8,4,Good
ACC_CUST01570,CUST01570,3,3,1,4,Good
ACC_CUST01571,CUST01571,7,4,17,1,Standard
ACC_CUST01572,CUST01572,5,6,20,1,Standard
ACC_CUST01573,CUST01573,3,7,15,2,Standard
ACC_CUST01574,CUST01574,5,5,3,0,Good
ACC_CUST01575,CUST01575,1,4,5,4,Good
ACC_CUST01576,CUST01576,6,6,20,8,Bad
ACC_CUST01577,CUST01577,6,3,9,1,Standard
ACC_CUST01578,CUST01578,7,4,13,1,Standard
ACC_CUST01579,CUST01579,3,3,19,2,Standard
ACC_CUST01580,CUST01580,7,6,16,6,Bad
ACC_CUST01581,CUST01581,6,5,12,4,Standard
ACC_CUST01582,CUST01582,5,7,20,0,Standard
ACC_CUST01583,CUST01583,4,3,12,3,Good
ACC_CUST01585,CUST01585,2,4,1,2,Good
ACC_CUST01586,CUST01586,7,9,34,8,Bad
ACC_CUST01587,CUST01587,8,9,27,3,Standard
ACC_CUST01588,CUST01588,6,6,34,9,Bad
ACC_CUST01589,CUST01589,3,7,2,2,Good
ACC_CUST01590,CUST01590,4,7,7,1,Standard
ACC_CUST01591,CUST01591,4,4,9,1,Standard
ACC_CUST01592,CUST01592,7,7,11,4,Good
ACC_CUST01593,CUST01593,6,3,5,3,Standard
ACC_CUST01594,CUST01594,9,7,27,7,Bad
ACC_CUST01595,CUST01595,4,7,18,4,Standard
ACC_CUST01596,CUST01596,5,5,11,4,Good
ACC_CUST01597,CUST01597,6,4,5,3,Good
ACC_CUST01598,CUST01598,8,4,14,2,Standard
ACC_CUST01599,CUST01599,5,7,12,4,Good
ACC_CUST01600,CUST01600,7,7,18,2,Standard
ACC_CUST01601,CUST01601,7,4,33,3,Standard
ACC_CUST01602,CUST01602,7,6,33,4,Bad
ACC_CUST01603,CUST01603,4,5,20,4,Standard
ACC_CUST01604,CUST01604,5,7,11,4,Standard
ACC_CUST01605,CUST01605,6,5,12,3,Standard
ACC_CUST01606,CUST01606,0,5,12,1,Good
ACC_CUST01607,CUST01607,4,5,20,3,Standard
ACC_CUST01608,CUST01608,8,5,12,2,Good
ACC_CUST01609,CUST01609,1,7,7,0,Good
ACC_CUST01610,CUST01610,0,5,7,3,Good
ACC_CUST01611,CUST01611,8,4,19,0,Standard
ACC_CUST01612,CUST01612,5,6,6,1,Standard
ACC_CUST01613,CUST01613,8,8,21,6,Bad
ACC_CUST01614,CUST01614,5,6,16,3,Standard
ACC_CUST01615,CUST01615,0,3,5,4,Good
ACC_CUST01616,CUST01616,8,3,15,1,Standard
ACC_CUST01617,CUST01617,3,5,5,0,Standard
ACC_CUST01618,CUST01618,7,5,16,3,Standard
ACC_CUST01619,CUST01619,7,5,7,0,Standard
ACC_CUST01620,CUST01620,6,8,27,8,Bad
ACC_CUST01621,CUST01621,7,6,14,5,Standard
ACC_CUST01622,CUST01622,8,3,10,3,Standard
ACC_CUST01623,CUST01623,6,7,13,3,Standard
ACC_CUST01624,CUST01624,6,5,33,3,Standard
ACC_CUST01625,CUST01625,7,7,13,2,Standard
ACC_CUST01626,CUST01626,9,10,33,7,Standard
ACC_CUST01627,CUST01627,1,6,1,4,Good
ACC_CUST01628,CUST01628,6,7,15,6,Standard
ACC_CUST01629,CUST01629,9,8,26,2,Bad
ACC_CUST01630,CUST01630,2,4,4,3,Good
ACC_CUST01631,CUST01631,7,6,20,3,Standard
ACC_CUST01632,CUST01632,6,6,21,8,Bad
ACC_CUST01633,CUST01633,8,5,13,4,Standard
ACC_CUST01634,CUST01634,6,5,8,2,Good
ACC_CUST01635,CUST01635,0,3,8,2,Good
ACC_CUST01636,CUST01636,3,3,5,3,Good
ACC_CUST01637,CUST01637,7,5,12,1,Standard
ACC_CUST01639,CUST01639,4,1,3,1,Good
ACC_CUST01640,CUST01640,3,3,9,3,Standard
ACC_CUST01641,CUST01641,5,7,18,3,Standard
ACC_CUST01642,CUST01642,3,3,2,3,Good
ACC_CUST01643,CUST01643,5,5,6,1,Standard
ACC_CUST01644,CUST01644,6,4,23,2,Standard
ACC_CUST01646,CUST01646,3,3,19,2,Standard
ACC_CUST01648,CUST01648,7,3,9,1,Standard
ACC_CUST01649,CUST01649,4,2,3,4,Good
ACC_CUST01650,CUST01650,5,6,10,3,Standard
ACC_CUST01651,CUST01651,7,3,15,3,Standard
ACC_CUST01653,CUST01653,3,4,1,1,Good
ACC_CUST01654,CUST01654,8,7,20,2,Standard
ACC_CUST01655,CUST01655,2,2,12,1,Good
ACC_CUST01656,CUST01656,6,5,15,4,Standard
ACC_CUST01657,CUST01657,7,7,15,7,Standard
ACC_CUST01658,CUST01658,2,4,12,2,Good
ACC_CUST01659,CUST01659,9,6,24,6,Bad
ACC_CUST01660,CUST01660,2,6,12,0,Good
ACC_CUST01661,CUST01661,4,3,19,3,Standard
ACC_CUST01662,CUST01662,7,6,21,3,Standard
ACC_CUST01663,CUST01663,10,7,20,6,Bad
ACC_CUST01664,CUST01664,1,3,7,2,Good
ACC_CUST01665,CUST01665,4,4,20,0,Standard
ACC_CUST01666,CUST01666,3,7,11,3,Standard
ACC_CUST01667,CUST01667,7,10,32,7,Bad
ACC_CUST01668,CUST01668,4,3,5,4,Standard
ACC_CUST01669,CUST01669,5,6,14,3,Standard
ACC_CUST01672,CUST01672,6,3,6,3,Standard
ACC_CUST01673,CUST01673,6,6,16,6,Standard
ACC_CUST01674,CUST01674,8,10,15,7,Bad
ACC_CUST01675,CUST01675,7,7,22,5,Standard
ACC_CUST01676,CUST01676,0,7,10,3,Good
ACC_CUST01677,CUST01677,2,1,1,0,Good
ACC_CUST01678,CUST01678,7,7,6,4,Standard
ACC_CUST01679,CUST01679,5,3,5,2,Good
ACC_CUST01680,CUST01680,4,6,2,3,Good
ACC_CUST01681,CUST01681,8,8,24,6,Bad
ACC_CUST01682,CUST01682,6,10,20,6,Bad
ACC_CUST01683,CUST01683,8,8,26,9,Bad
ACC_CUST01686,CUST01686,9,8,16,8,Bad
ACC_CUST01688,CUST01688,2,3,7,3,Good
ACC_CUST01689,CUST01689,10,8,31,7,Bad
ACC_CUST01690,CUST01690,8,6,23,7,Bad
ACC_CUST01691,CUST01691,6,5,5,0,Standard
ACC_CUST01692,CUST01692,5,4,6,4,Good
ACC_CUST01693,CUST01693,8,7,14,4,Standard
ACC_CUST01694,CUST01694,0,4,1,2,Good
ACC_CUST01695,CUST01695,6,7,13,2,Standard
ACC_CUST01696,CUST01696,9,5,29,5,Bad
ACC_CUST01697,CUST01697,7,7,9,4,Standard
ACC_CUST01698,CUST01698,0,5,10,4,Good
ACC_CUST01699,CUST01699,8,8,27,7,Bad
ACC_CUST01700,CUST01700,6,6,19,6,Bad
ACC_CUST01701,CUST01701,3,6,15,7,Standard
ACC_CUST01702,CUST01702,6,5,31,9,Bad
ACC_CUST01703,CUST01703,5,5,12,3,Good
ACC_CUST01704,CUST01704,0,4,12,0,Good
ACC_CUST01705,CUST01705,9,8,22,5,Bad
ACC_CUST01706,CUST01706,4,6,8,0,Good
ACC_CUST01707,CUST01707,4,3,3,4,Good
ACC_CUST01708,CUST01708,6,10,21,6,Bad
ACC_CUST01710,CUST01710,3,6,1,4,Good
ACC_CUST01711,CUST01711,3,5,16,4,Standard
ACC_CUST01712,CUST01712,9,5,21,8,Bad
ACC_CUST01713,CUST01713,5,7,8,2,Good
ACC_CUST01714,CUST01714,4,4,8,2,Good
ACC_CUST01715,CUST01715,3,3,1,3,Good
ACC_CUST01716,CUST01716,3,4,8,2,Good
ACC_CUST01717,CUST01717,3,6,12,7,Standard
ACC_CUST01718,CUST01718,8,6,22,9,Bad
ACC_CUST01719,CUST01719,1,6,4,1,Good
ACC_CUST01720,CUST01720,3,4,5,2,Good
ACC_CUST01721,CUST01721,6,5,17,4,Standard
ACC_CUST01722,CUST01722,1,3,5,2,Good
ACC_CUST01723,CUST01723,7,5,6,3,Standard
ACC_CUST01724,CUST01724,5,5,12,2,Good
ACC_CUST01725,CUST01725,9,7,15,6,Bad
ACC_CUST01726,CUST01726,3,6,15,4,Standard
ACC_CUST01727,CUST01727,2,6,7,4,Good
ACC_CUST01729,CUST01729,1,7,10,2,Good
ACC_CUST01730,CUST01730,8,4,11,4,Good
ACC_CUST01731,CUST01731,4,4,9,3,Standard
ACC_CUST01732,CUST01732,8,4,32,5,Standard
ACC_CUST01733,CUST01733,10,5,32,5,Bad
ACC_CUST01734,CUST01734,8,7,30,7,Bad
ACC_CUST01735,CUST01735,5,5,3,1,Standard
ACC_CUST01736,CUST01736,7,6,13,2,Standard
ACC_CUST01737,CUST01737,9,7,19,9,Bad
ACC_CUST01738,CUST01738,6,5,7,2,Standard
ACC_CUST01739,CUST01739,6,4,7,3,Standard
ACC_CUST01740,CUST01740,6,7,32,7,Bad
ACC_CUST01741,CUST01741,2,7,4,4,Good
ACC_CUST01742,CUST01742,9,10,22,2,Bad
ACC_CUST01743,CUST01743,5,3,20,4,Standard
ACC_CUST01744,CUST01744,4,4,9,1,Good
ACC_CUST01746,CUST01746,7,3,17,6,Standard
ACC_CUST01747,CUST01747,8,5,5,5,Standard
ACC_CUST01748,CUST01748,4,4,18,3,Standard
ACC_CUST01749,CUST01749,3,7,13,0,Standard
ACC_CUST01750,CUST01750,9,10,20,8,Bad
ACC_CUST01751,CUST01751,10,8,22,9,Bad
ACC_CUST01752,CUST01752,6,6,3,0,Good
ACC_CUST01753,CUST01753,8,7,14,1,Standard
ACC_CUST01754,CUST01754,6,3,34,7,Standard
ACC_CUST01755,CUST01755,4,6,6,5,Standard
ACC_CUST01756,CUST01756,3,5,19,5,Standard
ACC_CUST01757,CUST01757,7,4,15,1,Standard
ACC_CUST01758,CUST01758,6,7,7,3,Standard
ACC_CUST01759,CUST01759,3,6,15,3,Standard
ACC_CUST01760,CUST01760,10,5,17,6,Standard
ACC_CUST01761,CUST01761,1,6,2,3,Good
ACC_CUST01762,CUST01762,4,3,6,4,Good
ACC_CUST01763,CUST01763,8,9,22,7,Bad
ACC_CUST01764,CUST01764,6,6,16,3,Standard
ACC_CUST01765,CUST01765,9,6,28,6,Bad
ACC_CUST01766,CUST01766,10,7,18,5,Bad
ACC_CUST01768,CUST01768,8,7,2,0,Good
ACC_CUST01769,CUST01769,0,3,4,3,Good
ACC_CUST01770,CUST01770,7,7,18,7,Standard
ACC_CUST01771,CUST01771,7,7,32,5,Bad
ACC_CUST01772,CUST01772,7,5,19,6,Standard
ACC_CUST01773,CUST01773,8,10,20,2,Standard
ACC_CUST01774,CUST01774,6,7,6,2,Standard
ACC_CUST01776,CUST01776,6,5,19,4,Standard
ACC_CUST01777,CUST01777,6,6,27,7,Standard
ACC_CUST01778,CUST01778,5,7,4,4,Good
ACC_CUST01779,CUST01779,2,4,6,3,Good
ACC_CUST01780,CUST01780,7,7,33,3,Bad
ACC_CUST01781,CUST01781,6,6,11,2,Good
ACC_CUST01782,CUST01782,4,3,17,5,Standard
ACC_CUST01783,CUST01783,6,5,17,3,Standard
ACC_CUST01784,CUST01784,1,2,12,4,Good
ACC_CUST01785,CUST01785,7,4,5,0,Good
ACC_CUST01786,CUST01786,1,3,3,0,Good
ACC_CUST01787,CUST01787,7,6,16,7,Bad
ACC_CUST01788,CUST01788,1,4,1,0,Good
ACC_CUST01789,CUST01789,8,4,20,3,Standard
ACC_CUST01790,CUST01790,10,7,27,8,Bad
ACC_CUST01791,CUST01791,8,4,6,4,Standard
ACC_CUST01792,CUST01792,4,3,12,1,Standard
ACC_CUST01793,CUST01793,3,7,1,3,Good
ACC_CUST01794,CUST01794,7,3,1,2,Standard
ACC_CUST01795,CUST01795,2,3,8,0,Good
ACC_CUST01796,CUST01796,4,4,15,2,Standard
ACC_CUST01797,CUST01797,8,10,24,5,Standard
ACC_CUST01798,CUST01798,1,4,2,4,Good
ACC_CUST01799,CUST01799,8,5,13,1,Standard
ACC_CUST01800,CUST01800,3,5,12,0,Standard
ACC_CUST01801,CUST01801,4,6,20,2,Standard
ACC_CUST01802,CUST01802,10,5,18,7,Bad
ACC_CUST01803,CUST01803,8,6,11,3,Standard
ACC_CUST01804,CUST01804,6,9,25,2,Bad
ACC_CUST01806,CUST01806,7,7,19,7,Bad
ACC_CUST01807,CUST01807,10,6,20,6,Bad
ACC_CUST01808,CUST01808,8,6,9,4,Good
ACC_CUST01809,CUST01809,8,6,16,1,Standard
ACC_CUST01810,CUST01810,7,9,26,8,Bad
ACC_CUST01811,CUST01811,6,7,9,7,Standard
ACC_CUST01812,CUST01812,6,7,31,5,Standard
ACC_CUST01813,CUST01813,9,10,25,9,Bad
ACC_CUST01814,CUST01814,5,3,16,4,Standard
ACC_CUST01815,CUST01815,8,7,11,0,Standard
ACC_CUST01816,CUST01816,7,8,23,7,Bad
ACC_CUST01817,CUST01817,2,5,5,2,Good
ACC_CUST01818,CUST01818,7,3,10,3,Standard
ACC_CUST01819,CUST01819,7,3,21,5,Standard
ACC_CUST01820,CUST01820,6,5,17,4,Standard
ACC_CUST01821,CUST01821,5,4,13,2,Standard
ACC_CUST01822,CUST01822,10,8,21,5,Bad
ACC_CUST01824,CUST01824,10,6,28,8,Bad
ACC_CUST01825,CUST01825,3,4,5,3,Good
ACC_CUST01826,CUST01826,4,6,8,4,Good
ACC_CUST01827,CUST01827,6,5,6,5,Standard
ACC_CUST01828,CUST01828,4,4,11,0,Good
ACC_CUST01829,CUST01829,4,1,10,2,Good
ACC_CUST01830,CUST01830,7,6,31,5,Standard
ACC_CUST01831,CUST01831,8,8,24,4,Bad
ACC_CUST01832,CUST01832,7,3,12,4,Standard
ACC_CUST01833,CUST01833,7,7,20,0,Standard
ACC_CUST01834,CUST01834,6,8,28,7,Bad
ACC_CUST01835,CUST01835,10,9,25,7,Bad
ACC_CUST01836,CUST01836,5,5,20,4,Standard
ACC_CUST01837,CUST01837,2,2,12,4,Good
ACC_CUST01838,CUST01838,8,6,17,2,Standard
ACC_CUST01839,CUST01839,1,5,1,1,Good
ACC_CUST01840,CUST01840,8,9,23,7,Bad
ACC_CUST01841,CUST01841,6,5,10,1,Standard
ACC_CUST01842,CUST01842,8,5,9,4,Standard
ACC_CUST01843,CUST01843,7,7,19,7,Standard
ACC_CUST01844,CUST01844,9,6,22,2,Standard
ACC_CUST01845,CUST01845,9,9,24,7,Bad
ACC_CUST01846,CUST01846,6,5,31,4,Bad
ACC_CUST01847,CUST01847,8,6,16,4,Standard
ACC_CUST01848,CUST01848,5,5,16,4,Standard
ACC_CUST01849,CUST01849,8,6,17,1,Standard
ACC_CUST01850,CUST01850,7,6,16,6,Bad
ACC_CUST01851,CUST01851,4,5,1,3,Good
ACC_CUST01852,CUST01852,8,5,8,4,Standard
ACC_CUST01853,CUST01853,6,6,25,6,Standard
ACC_CUST01854,CUST01854,6,10,33,9,Bad
ACC_CUST01855,CUST01855,5,7,20,5,Standard
ACC_CUST01856,CUST01856,5,6,6,1,Good
ACC_CUST01857,CUST01857,5,6,8,7,Standard
ACC_CUST01858,CUST01858,2,5,5,4,Good
ACC_CUST01859,CUST01859,0,2,10,1,Good
ACC_CUST01860,CUST01860,6,6,6,4,Standard
ACC_CUST01861,CUST01861,5,4,11,3,Good
ACC_CUST01862,CUST01862,4,3,6,3,Good
ACC_CUST01863,CUST01863,7,7,25,7,Bad
ACC_CUST01865,CUST01865,6,5,17,6,Bad
ACC_CUST01866,CUST01866,6,5,7,5,Standard
ACC_CUST01867,CUST01867,8,7,16,2,Standard
ACC_CUST01868,CUST01868,6,7,20,3,Standard
ACC_CUST01869,CUST01869,3,5,6,0,Standard
ACC_CUST01871,CUST01871,8,6,21,3,Bad
ACC_CUST01872,CUST01872,10,10,21,3,Bad
ACC_CUST01873,CUST01873,6,9,31,8,Bad
ACC_CUST01874,CUST01874,3,3,12,1,Good
ACC_CUST01875,CUST01875,0,7,5,1,Good
ACC_CUST01876,CUST01876,9,6,18,6,Standard
ACC_CUST01877,CUST01877,7,4,19,4,Standard
ACC_CUST01878,CUST01878,5,3,2,2,Good
ACC_CUST01880,CUST01880,7,5,16,5,Bad
ACC_CUST01881,CUST01881,8,4,12,4,Good
ACC_CUST01882,CUST01882,7,6,27,8,Bad
ACC_CUST01883,CUST01883,0,6,7,0,Good
ACC_CUST01884,CUST01884,7,8,34,9,Bad
ACC_CUST01885,CUST01885,7,7,13,3,Standard
ACC_CUST01886,CUST01886,7,3,17,7,Standard
ACC_CUST01887,CUST01887,5,7,9,0,Standard
ACC_CUST01888,CUST01888,3,4,3,3,Good
ACC_CUST01889,CUST01889,6,6,19,5,Bad
ACC_CUST01890,CUST01890,3,3,33,3,Standard
ACC_CUST01891,CUST01891,6,8,32,6,Standard
ACC_CUST01892,CUST01892,5,1,7,3,Good
ACC_CUST01893,CUST01893,3,8,24,3,Standard
ACC_CUST01894,CUST01894,9,7,23,5,Bad
ACC_CUST01895,CUST01895,4,7,5,2,Standard
ACC_CUST01896,CUST01896,4,1,2,1,Good
ACC_CUST01897,CUST01897,6,4,6,6,Standard
ACC_CUST01898,CUST01898,8,8,28,9,Bad
ACC_CUST01899,CUST01899,3,5,8,3,Good
ACC_CUST01900,CUST01900,2,7,11,2,Good
ACC_CUST01901,CUST01901,9,7,31,6,Bad
ACC_CUST01902,CUST01902,8,8,29,9,Bad
ACC_CUST01903,CUST01903,7,4,13,3,Standard
ACC_CUST01904,CUST01904,2,7,5,4,Good
ACC_CUST01905,CUST01905,0,2,4,4,Good
ACC_CUST01906,CUST01906,10,8,19,7,Bad
ACC_CUST01907,CUST01907,2,2,7,0,Good
ACC_CUST01908,CUST01908,3,7,17,3,Standard
ACC_CUST01909,CUST01909,1,5,12,3,Good
ACC_CUST01910,CUST01910,7,6,11,0,Standard
ACC_CUST01911,CUST01911,8,7,16,0,Standard
ACC_CUST01912,CUST01912,4,6,5,5,Standard
ACC_CUST01913,CUST01913,6,7,17,8,Bad
ACC_CUST01914,CUST01914,0,1,11,4,Good
ACC_CUST01915,CUST01915,6,9,16,6,Bad
ACC_CUST01916,CUST01916,3,4,11,1,Standard
ACC_CUST01918,CUST01918,7,6,27,5,Standard
ACC_CUST01919,CUST01919,10,9,28,4,Bad
ACC_CUST01920,CUST01920,9,8,21,2,Bad
ACC_CUST01921,CUST01921,2,1,1,1,Good
ACC_CUST01922,CUST01922,5,2,8,3,Good
ACC_CUST01923,CUST01923,0,4,1,3,Good
ACC_CUST01924,CUST01924,8,7,15,2,Bad
ACC_CUST01925,CUST01925,7,3,20,2,Standard
ACC_CUST01926,CUST01926,5,6,8,2,Good
ACC_CUST01927,CUST01927,6,4,15,0,Standard
ACC_CUST01928,CUST01928,8,5,15,6,Bad
ACC_CUST01929,CUST01929,10,8,31,4,Standard
ACC_CUST01930,CUST01930,10,7,34,5,Bad
ACC_CUST01931,CUST01931,5,7,3,2,Good
ACC_CUST01932,CUST01932,9,10,17,9,Bad
ACC_CUST01933,CUST01933,5,6,8,3,Standard
ACC_CUST01934,CUST01934,8,4,12,3,Standard
ACC_CUST01935,CUST01935,8,4,4,1,Good
ACC_CUST01936,CUST01936,10,7,24,8,Bad
ACC_CUST01938,CUST01938,5,4,10,2,Good
ACC_CUST01939,CUST01939,2,6,2,3,Good
ACC_CUST01940,CUST01940,3,5,1,0,Good
ACC_CUST01941,CUST01941,4,4,2,1,Good
ACC_CUST01942,CUST01942,8,4,19,2,Standard
ACC_CUST01943,CUST01943,2,3,10,4,Good
ACC_CUST01944,CUST01944,6,5,27,4,Bad
ACC_CUST01945,CUST01945,4,1,10,1,Good
ACC_CUST01946,CUST01946,5,5,7,2,Good
ACC_CUST01947,CUST01947,5,5,20,4,Standard
ACC_CUST01948,CUST01948,3,6,1,1,Good
ACC_CUST01949,CUST01949,1,6,8,2,Good
ACC_CUST01950,CUST01950,4,3,14,3,Standard
ACC_CUST01951,CUST01951,6,6,34,5,Bad
ACC_CUST01952,CUST01952,5,5,16,5,Standard
ACC_CUST01953,CUST01953,7,10,15,9,Bad
ACC_CUST01954,CUST01954,8,5,5,1,Standard
ACC_CUST01955,CUST01955,2,6,4,1,Good
ACC_CUST01956,CUST01956,6,6,6,7,Standard
ACC_CUST01957,CUST01957,0,5,8,3,Good
ACC_CUST01958,CUST01958,6,7,13,1,Standard
ACC_CUST01959,CUST01959,6,6,6,0,Standard
ACC_CUST01960,CUST01960,3,2,8,4,Good
ACC_CUST01961,CUST01961,7,7,5,4,Standard
ACC_CUST01962,CUST01962,5,5,8,4,Good
ACC_CUST01963,CUST01963,4,3,9,3,Good
ACC_CUST01964,CUST01964,6,4,15,1,Standard
ACC_CUST01965,CUST01965,5,6,19,4,Standard
ACC_CUST01966,CUST01966,4,4,17,6,Standard
ACC_CUST01967,CUST01967,5,3,1,1,Good
ACC_CUST01968,CUST01968,6,6,31,8,Bad
ACC_CUST01969,CUST01969,10,10,15,9,Bad
ACC_CUST01970,CUST01970,3,7,19,4,Standard
ACC_CUST01973,CUST01973,3,6,20,4,Standard
ACC_CUST01974,CUST01974,1,4,7,0,Good
ACC_CUST01975,CUST01975,10,10,34,9,Bad
ACC_CUST01976,CUST01976,9,7,33,6,Bad
ACC_CUST01979,CUST01979,7,6,16,3,Standard
ACC_CUST01980,CUST01980,4,7,3,0,Good
ACC_CUST01981,CUST01981,3,3,15,2,Standard
ACC_CUST01982,CUST01982,4,7,15,3,Standard
ACC_CUST01983,CUST01983,5,6,14,4,Standard
ACC_CUST01984,CUST01984,4,3,4,3,Good
ACC_CUST01985,CUST01985,5,1,5,0,Good
ACC_CUST01986,CUST01986,0,2,6,1,Good
ACC_CUST01987,CUST01987,6,7,29,7,Bad
ACC_CUST01988,CUST01988,0,1,4,2,Good
ACC_CUST01989,CUST01989,8,10,27,9,Bad
ACC_CUST01990,CUST01990,7,7,5,4,Standard
ACC_CUST01992,CUST01992,3,4,27,3,Standard
ACC_CUST01993,CUST01993,9,9,21,3,Bad
ACC_CUST01994,CUST01994,6,4,10,0,Standard
ACC_CUST01995,CUST01995,6,7,23,7,Bad
ACC_CUST01996,CUST01996,8,6,6,0,Standard
ACC_CUST01997,CUST01997,7,6,20,0,Standard
ACC_CUST01998,CUST01998,8,7,13,1,Standard
ACC_CUST01999,CUST01999,3,6,18,3,Standard
ACC_CUST02000,CUST02000,4,7,12,3,Standard
ACC_CUST02001,CUST02001,5,5,1,0,Good
ACC_CUST02002,CUST02002,5,4,5,4,Standard
ACC_CUST02003,CUST02003,0,7,10,0,Good
ACC_CUST02004,CUST02004,4,6,14,3,Standard
ACC_CUST02005,CUST02005,2,6,12,3,Good
ACC_CUST02006,CUST02006,5,5,11,4,Good
ACC_CUST02007,CUST02007,5,3,9,3,Good
ACC_CUST02008,CUST02008,3,5,2,3,Good
ACC_CUST02010,CUST02010,3,5,11,3,Standard
ACC_CUST02011,CUST02011,2,4,1,2,Good
ACC_CUST02012,CUST02012,5,4,4,0,Good
ACC_CUST02013,CUST02013,7,5,29,5,Bad
ACC_CUST02014,CUST02014,6,4,9,3,Standard
ACC_CUST02015,CUST02015,3,3,8,3,Good
ACC_CUST02016,CUST02016,3,5,5,2,Standard
ACC_CUST02017,CUST02017,9,7,34,3,Bad
ACC_CUST02018,CUST02018,4,5,9,3,Good
ACC_CUST02019,CUST02019,7,4,11,3,Good
ACC_CUST02020,CUST02020,4,6,14,4,Standard
ACC_CUST02021,CUST02021,6,6,11,5,Standard
ACC_CUST02022,CUST02022,0,5,8,2,Good
ACC_CUST02023,CUST02023,2,3,2,0,Good
ACC_CUST02024,CUST02024,6,4,2,3,Good
ACC_CUST02025,CUST02025,1,5,5,0,Good
ACC_CUST02026,CUST02026,4,6,19,1,Standard
ACC_CUST02027,CUST02027,8,3,5,2,Standard
ACC_CUST02028,CUST02028,4,3,15,6,Standard
ACC_CUST02029,CUST02029,6,6,16,6,Bad
ACC_CUST02030,CUST02030,4,7,5,7,Standard
ACC_CUST02031,CUST02031,6,6,15,5,Standard
ACC_CUST02032,CUST02032,7,8,26,7,Bad
ACC_CUST02033,CUST02033,10,8,20,7,Bad
ACC_CUST02034,CUST02034,4,10,31,5,Standard
ACC_CUST02035,CUST02035,2,5,5,0,Good
ACC_CUST02036,CUST02036,8,3,9,4,Good
ACC_CUST02037,CUST02037,8,3,5,2,Good
ACC_CUST02038,CUST02038,8,3,20,0,Standard
ACC_CUST02039,CUST02039,2,4,5,1,Good
ACC_CUST02040,CUST02040,8,6,10,0,Standard
ACC_CUST02041,CUST02041,8,8,24,4,Bad
ACC_CUST02042,CUST02042,10,9,27,7,Bad
ACC_CUST02043,CUST02043,0,2,3,4,Good
ACC_CUST02044,CUST02044,7,8,20,2,Bad
ACC_CUST02045,CUST02045,6,6,19,6,Bad
ACC_CUST02046,CUST02046,5,7,7,2,Good
ACC_CUST02047,CUST02047,5,7,8,0,Standard
ACC_CUST02048,CUST02048,6,9,32,5,Bad
ACC_CUST02049,CUST02049,1,4,1,2,Good
ACC_CUST02050,CUST02050,1,6,8,1,Good
ACC_CUST02051,CUST02051,5,3,3,3,Good
ACC_CUST02052,CUST02052,7,9,18,5,Bad
ACC_CUST02053,CUST02053,8,5,23,8,Bad
ACC_CUST02054,CUST02054,4,3,7,1,Good
ACC_CUST02055,CUST02055,4,7,10,1,Standard
ACC_CUST02056,CUST02056,4,5,5,4,Good
ACC_CUST02057,CUST02057,5,6,10,1,Good
ACC_CUST02058,CUST02058,1,6,5,3,Good
ACC_CUST02059,CUST02059,3,3,9,7,Standard
ACC_CUST02060,CUST02060,0,5,2,1,Good
ACC_CUST02061,CUST02061,5,4,5,4,Good
ACC_CUST02062,CUST02062,5,7,17,1,Standard
ACC_CUST02063,CUST02063,1,1,7,3,Good
ACC_CUST02064,CUST02064,3,3,4,2,Good
ACC_CUST02065,CUST02065,5,6,12,4,Standard
ACC_CUST02066,CUST02066,4,5,18,1,Standard
ACC_CUST02067,CUST02067,5,3,20,0,Standard
ACC_CUST02068,CUST02068,5,7,16,6,Standard
ACC_CUST02069,CUST02069,4,7,4,3,Good
ACC_CUST02070,CUST02070,9,10,15,7,Standard
ACC_CUST02071,CUST02071,3,6,3,3,Good
ACC_CUST02072,CUST02072,9,7,29,2,Bad
ACC_CUST02073,CUST02073,3,4,12,1,Standard
ACC_CUST02075,CUST02075,7,5,25,9,Bad
ACC_CUST02076,CUST02076,3,7,2,2,Good
ACC_CUST02077,CUST02077,9,5,16,6,Bad
ACC_CUST02078,CUST02078,6,8,28,4,Bad
ACC_CUST02079,CUST02079,8,7,1,0,Good
ACC_CUST02080,CUST02080,8,3,1,1,Good
ACC_CUST02081,CUST02081,8,10,33,6,Bad
ACC_CUST02083,CUST02083,7,7,16,7,Bad
ACC_CUST02084,CUST02084,5,5,6,2,Standard
ACC_CUST02085,CUST02085,1,3,5,1,Good
ACC_CUST02087,CUST02087,3,6,3,1,Good
ACC_CUST02088,CUST02088,8,8,28,7,Bad
ACC_CUST02089,CUST02089,8,6,34,6,Bad
ACC_CUST02090,CUST02090,4,7,13,2,Standard
ACC_CUST02091,CUST02091,3,4,6,3,Standard
ACC_CUST02092,CUST02092,3,6,4,3,Good
ACC_CUST02093,CUST02093,7,5,16,2,Standard
ACC_CUST02094,CUST02094,6,7,31,7,Bad
ACC_CUST02095,CUST02095,5,3,6,2,Standard
ACC_CUST02096,CUST02096,7,8,16,7,Bad
ACC_CUST02097,CUST02097,1,3,4,2,Good
ACC_CUST02098,CUST02098,8,4,30,4,Standard
ACC_CUST02099,CUST02099,3,4,20,3,Standard
ACC_CUST02100,CUST02100,5,3,10,1,Standard
ACC_CUST02101,CUST02101,6,7,17,4,Standard
ACC_CUST02102,CUST02102,6,10,28,8,Bad
ACC_CUST02103,CUST02103,3,5,11,3,Standard
ACC_CUST02104,CUST02104,5,5,17,3,Standard
ACC_CUST02105,CUST02105,10,7,19,9,Bad
ACC_CUST02106,CUST02106,6,3,13,2,Standard
ACC_CUST02107,CUST02107,3,7,2,2,Good
ACC_CUST02108,CUST02108,5,3,5,4,Standard
ACC_CUST02109,CUST02109,5,6,3,4,Good
ACC_CUST02110,CUST02110,10,10,34,4,Bad
ACC_CUST02111,CUST02111,1,4,1,2,Good
ACC_CUST02112,CUST02112,4,3,8,4,Good
ACC_CUST02113,CUST02113,10,5,20,7,Bad
ACC_CUST02114,CUST02114,6,7,9,2,Standard
ACC_CUST02115,CUST02115,6,3,5,3,Standard
ACC_CUST02116,CUST02116,9,9,18,9,Bad
ACC_CUST02117,CUST02117,3,5,1,4,Good
ACC_CUST02118,CUST02118,6,9,17,6,Bad
ACC_CUST02119,CUST02119,9,8,22,5,Bad
ACC_CUST02120,CUST02120,3,2,12,0,Good
ACC_CUST02121,CUST02121,8,3,17,1,Standard
ACC_CUST02122,CUST02122,3,5,5,2,Good
ACC_CUST02123,CUST02123,4,7,13,4,Standard
ACC_CUST02124,CUST02124,2,1,4,4,Good
ACC_CUST02125,CUST02125,2,4,6,0,Good
ACC_CUST02126,CUST02126,1,5,4,4,Good
ACC_CUST02127,CUST02127,8,8,20,5,Bad
ACC_CUST02128,CUST02128,5,4,3,2,Good
ACC_CUST02129,CUST02129,1,1,11,0,Good
ACC_CUST02130,CUST02130,6,8,21,7,Standard
ACC_CUST02131,CUST02131,3,1,5,3,Good
ACC_CUST02132,CUST02132,9,10,32,5,Bad
ACC_CUST02133,CUST02133,1,5,2,4,Good
ACC_CUST02134,CUST02134,7,6,16,3,Standard
ACC_CUST02135,CUST02135,10,7,22,2,Standard
ACC_CUST02136,CUST02136,10,5,17,6,Bad
ACC_CUST02137,CUST02137,3,3,10,3,Good
ACC_CUST02138,CUST02138,5,6,9,7,Standard
ACC_CUST02139,CUST02139,7,5,3,4,Good
ACC_CUST02141,CUST02141,2,6,1,4,Good
ACC_CUST02142,CUST02142,0,3,3,0,Good
ACC_CUST02143,CUST02143,0,3,2,3,Good
ACC_CUST02144,CUST02144,7,4,20,6,Standard
ACC_CUST02145,CUST02145,5,9,25,2,Standard
ACC_CUST02146,CUST02146,3,3,19,1,Standard
ACC_CUST02147,CUST02147,3,5,14,3,Standard
ACC_CUST02148,CUST02148,8,7,33,2,Bad
ACC_CUST02149,CUST02149,3,4,12,3,Standard
ACC_CUST02150,CUST02150,1,3,2,2,Good
ACC_CUST02151,CUST02151,4,3,1,4,Good
ACC_CUST02152,CUST02152,10,6,25,7,Bad
ACC_CUST02153,CUST02153,4,3,12,1,Standard
ACC_CUST02154,CUST02154,3,5,18,4,Standard
ACC_CUST02155,CUST02155,5,2,5,3,Good
ACC_CUST02156,CUST02156,5,6,6,4,Good
ACC_CUST02157,CUST02157,8,6,30,6,Bad
ACC_CUST02158,CUST02158,5,5,11,0,Good
ACC_CUST02159,CUST02159,9,5,22,8,Bad
ACC_CUST02160,CUST02160,5,6,12,3,Standard
ACC_CUST02161,CUST02161,8,4,13,5,Standard
ACC_CUST02162,CUST02162,10,9,32,6,Bad
ACC_CUST02163,CUST02163,10,9,24,9,Bad
ACC_CUST02164,CUST02164,5,6,9,4,Good
ACC_CUST02165,CUST02165,4,5,6,3,Good
ACC_CUST02168,CUST02168,3,4,19,5,Standard
ACC_CUST02169,CUST02169,9,8,22,7,Standard
ACC_CUST02170,CUST02170,6,8,24,4,Bad
ACC_CUST02171,CUST02171,9,7,28,8,Bad
ACC_CUST02172,CUST02172,6,6,31,6,Bad
ACC_CUST02173,CUST02173,5,6,2,4,Good
ACC_CUST02174,CUST02174,8,7,17,1,Standard
ACC_CUST02175,CUST02175,10,7,23,8,Bad
ACC_CUST02176,CUST02176,4,5,12,4,Good
ACC_CUST02177,CUST02177,3,7,27,7,Standard
ACC_CUST02178,CUST02178,7,7,10,0,Standard
ACC_CUST02179,CUST02179,2,2,12,2,Good
ACC_CUST02180,CUST02180,5,5,11,5,Standard
ACC_CUST02181,CUST02181,4,3,20,4,Standard
ACC_CUST02182,CUST02182,6,3,8,1,Standard
ACC_CUST02183,CUST02183,3,4,7,6,Standard
ACC_CUST02184,CUST02184,7,3,6,2,Standard
ACC_CUST02185,CUST02185,7,6,13,5,Standard
ACC_CUST02187,CUST02187,4,5,12,4,Good
ACC_CUST02188,CUST02188,3,7,1,1,Good
ACC_CUST02189,CUST02189,7,7,11,4,Standard
ACC_CUST02190,CUST02190,10,10,26,8,Bad
ACC_CUST02191,CUST02191,5,5,17,3,Standard
ACC_CUST02192,CUST02192,3,4,8,2,Good
ACC_CUST02193,CUST02193,7,3,20,4,Standard
ACC_CUST02194,CUST02194,7,6,29,9,Bad
ACC_CUST02195,CUST02195,5,7,20,3,Standard
ACC_CUST02196,CUST02196,7,3,11,4,Standard
ACC_CUST02197,CUST02197,8,5,19,2,Standard
ACC_CUST02198,CUST02198,3,4,9,3,Good
ACC_CUST02199,CUST02199,8,6,10,2,Standard
ACC_CUST02200,CUST02200,8,5,14,6,Standard
ACC_CUST02201,CUST02201,10,6,28,9,Bad
ACC_CUST02202,CUST02202,6,6,25,3,Standard
ACC_CUST02203,CUST02203,5,7,6,1,Standard
ACC_CUST02204,CUST02204,4,3,6,5,Standard
ACC_CUST02205,CUST02205,9,7,22,6,Bad
ACC_CUST02207,CUST02207,8,7,14,5,Standard
ACC_CUST02208,CUST02208,3,4,3,4,Good
ACC_CUST02209,CUST02209,7,7,32,7,Standard
ACC_CUST02210,CUST02210,6,3,12,1,Standard
ACC_CUST02211,CUST02211,4,6,5,4,Standard
ACC_CUST02212,CUST02212,3,4,13,5,Standard
ACC_CUST02213,CUST02213,8,5,9,2,Standard
ACC_CUST02214,CUST02214,3,3,1,3,Good
ACC_CUST02215,CUST02215,4,7,4,0,Good
ACC_CUST02216,CUST02216,8,8,20,2,Standard
ACC_CUST02217,CUST02217,7,3,5,2,Standard
ACC_CUST02219,CUST02219,5,7,20,0,Standard
ACC_CUST02220,CUST02220,7,5,32,9,Bad
ACC_CUST02221,CUST02221,6,7,18,2,Standard
ACC_CUST02223,CUST02223,7,4,9,0,Standard
ACC_CUST02224,CUST02224,4,7,7,0,Standard
ACC_CUST02225,CUST02225,7,4,16,2,Standard
ACC_CUST02226,CUST02226,4,5,18,7,Standard
ACC_CUST02227,CUST02227,6,4,19,3,Standard
ACC_CUST02228,CUST02228,2,5,9,2,Good
ACC_CUST02229,CUST02229,1,7,11,1,Good
ACC_CUST02230,CUST02230,6,6,18,2,Bad
ACC_CUST02231,CUST02231,6,7,7,2,Standard
ACC_CUST02232,CUST02232,5,6,3,4,Good
ACC_CUST02233,CUST02233,4,9,22,2,Standard
ACC_CUST02234,CUST02234,8,3,10,3,Standard
ACC_CUST02235,CUST02235,3,3,6,2,Standard
ACC_CUST02236,CUST02236,6,6,25,8,Bad
ACC_CUST02237,CUST02237,7,7,6,7,Standard
ACC_CUST02238,CUST02238,7,6,23,9,Bad
ACC_CUST02239,CUST02239,6,6,20,7,Standard
ACC_CUST02240,CUST02240,7,3,7,3,Standard
ACC_CUST02241,CUST02241,1,2,7,0,Good
ACC_CUST02242,CUST02242,4,3,15,2,Standard
ACC_CUST02243,CUST02243,7,6,14,0,Standard
ACC_CUST02244,CUST02244,5,5,20,2,Standard
ACC_CUST02245,CUST02245,10,5,17,7,Bad
ACC_CUST02246,CUST02246,3,7,10,0,Standard
ACC_CUST02247,CUST02247,9,9,32,7,Standard
ACC_CUST02248,CUST02248,7,4,15,5,Standard
ACC_CUST02249,CUST02249,3,5,11,3,Good
ACC_CUST02250,CUST02250,1,4,6,0,Good
ACC_CUST02251,CUST02251,6,10,25,8,Bad
ACC_CUST02252,CUST02252,6,6,14,7,Standard
ACC_CUST02253,CUST02253,7,6,10,0,Good
ACC_CUST02254,CUST02254,5,4,2,3,Good
ACC_CUST02255,CUST02255,4,3,19,4,Standard
ACC_CUST02256,CUST02256,6,6,17,3,Standard
ACC_CUST02257,CUST02257,5,7,8,2,Good
ACC_CUST02258,CUST02258,1,6,10,0,Good
ACC_CUST02259,CUST02259,6,3,15,3,Standard
ACC_CUST02260,CUST02260,1,6,5,1,Good
ACC_CUST02261,CUST02261,5,6,5,0,Good
ACC_CUST02262,CUST02262,4,4,32,4,Standard
ACC_CUST02263,CUST02263,5,7,18,6,Standard
ACC_CUST02264,CUST02264,7,7,20,2,Bad
ACC_CUST02265,CUST02265,7,5,10,3,Standard
ACC_CUST02267,CUST02267,8,4,12,3,Standard
ACC_CUST02268,CUST02268,1,3,12,2,Good
ACC_CUST02269,CUST02269,4,3,5,1,Standard
ACC_CUST02270,CUST02270,1,2,8,1,Good
ACC_CUST02271,CUST02271,8,3,8,5,Standard
ACC_CUST02272,CUST02272,6,6,17,2,Standard
ACC_CUST02274,CUST02274,6,9,16,9,Bad
ACC_CUST02275,CUST02275,8,4,13,3,Standard
ACC_CUST02276,CUST02276,7,10,29,5,Bad
ACC_CUST02277,CUST02277,4,3,12,4,Good
ACC_CUST02278,CUST02278,4,3,10,0,Good
ACC_CUST02279,CUST02279,8,7,12,2,Standard
ACC_CUST02280,CUST02280,0,3,2,3,Good
ACC_CUST02281,CUST02281,4,4,7,6,Standard
ACC_CUST02282,CUST02282,5,4,1,2,Good
ACC_CUST02283,CUST02283,6,7,16,6,Standard
ACC_CUST02284,CUST02284,7,7,11,2,Standard
ACC_CUST02285,CUST02285,7,7,7,6,Standard
ACC_CUST02286,CUST02286,6,6,15,2,Standard
ACC_CUST02287,CUST02287,3,4,11,3,Good
ACC_CUST02288,CUST02288,8,3,10,0,Standard
ACC_CUST02289,CUST02289,8,9,30,5,Bad
ACC_CUST02290,CUST02290,8,7,6,2,Standard
ACC_CUST02291,CUST02291,5,3,15,4,Standard
ACC_CUST02292,CUST02292,4,4,7,3,Standard
ACC_CUST02293,CUST02293,3,5,11,7,Standard
ACC_CUST02295,CUST02295,3,3,8,4,Good
ACC_CUST02297,CUST02297,0,6,6,0,Good
ACC_CUST02298,CUST02298,3,4,12,0,Good
ACC_CUST02299,CUST02299,1,5,6,0,Good
ACC_CUST02300,CUST02300,3,1,8,0,Good
ACC_CUST02301,CUST02301,8,4,5,4,Standard
ACC_CUST02302,CUST02302,9,5,19,6,Standard
ACC_CUST02303,CUST02303,8,8,30,3,Standard
ACC_CUST02304,CUST02304,5,6,11,2,Good
ACC_CUST02305,CUST02305,4,4,27,4,Standard
ACC_CUST02306,CUST02306,8,6,10,5,Standard
ACC_CUST02307,CUST02307,4,5,11,4,Good
ACC_CUST02308,CUST02308,7,6,34,8,Bad
ACC_CUST02309,CUST02309,2,3,2,3,Good
ACC_CUST02310,CUST02310,4,2,10,2,Good
ACC_CUST02311,CUST02311,1,7,5,3,Good
ACC_CUST02312,CUST02312,4,4,12,7,Standard
ACC_CUST02313,CUST02313,2,4,6,3,Good
ACC_CUST02316,CUST02316,5,2,10,0,Good
ACC_CUST02317,CUST02317,1,4,8,4,Good
ACC_CUST02318,CUST02318,7,3,7,3,Standard
ACC_CUST02319,CUST02319,7,7,8,5,Standard
ACC_CUST02320,CUST02320,10,9,31,6,Bad
ACC_CUST02321,CUST02321,6,6,18,3,Standard
ACC_CUST02322,CUST02322,10,9,32,9,Bad
ACC_CUST02323,CUST02323,5,4,20,6,Standard
ACC_CUST02324,CUST02324,6,9,17,2,Standard
ACC_CUST02325,CUST02325,8,7,21,9,Bad
ACC_CUST02326,CUST02326,6,9,16,8,Bad
ACC_CUST02327,CUST02327,2,6,11,0,Good
ACC_CUST02328,CUST02328,4,6,6,3,Standard
ACC_CUST02329,CUST02329,3,4,19,2,Standard
ACC_CUST02330,CUST02330,2,3,4,3,Good
ACC_CUST02331,CUST02331,5,3,18,0,Standard
ACC_CUST02332,CUST02332,4,3,17,6,Standard
ACC_CUST02334,CUST02334,8,7,19,4,Standard
ACC_CUST02335,CUST02335,2,1,2,4,Good
ACC_CUST02336,CUST02336,6,6,17,8,Bad
ACC_CUST02337,CUST02337,4,4,9,4,Standard
ACC_CUST02339,CUST02339,7,7,9,5,Standard
ACC_CUST02340,CUST02340,3,3,12,6,Standard
ACC_CUST02341,CUST02341,7,7,18,0,Standard
ACC_CUST02342,CUST02342,8,6,13,4,Standard
ACC_CUST02343,CUST02343,3,1,10,4,Good
ACC_CUST02344,CUST02344,10,5,23,9,Bad
ACC_CUST02345,CUST02345,3,7,17,2,Standard
ACC_CUST02346,CUST02346,1,5,5,1,Good
ACC_CUST02347,CUST02347,0,2,6,2,Good
ACC_CUST02348,CUST02348,8,10,18,8,Bad
ACC_CUST02349,CUST02349,4,7,5,1,Standard
ACC_CUST02350,CUST02350,8,6,16,0,Standard
ACC_CUST02351,CUST02351,8,5,18,1,Standard
ACC_CUST02352,CUST02352,8,9,24,2,Bad
ACC_CUST02355,CUST02355,8,7,19,4,Standard
ACC_CUST02356,CUST02356,6,8,22,5,Bad
ACC_CUST02357,CUST02357,3,3,7,4,Standard
ACC_CUST02358,CUST02358,7,4,20,2,Standard
ACC_CUST02359,CUST02359,9,6,29,8,Bad
ACC_CUST02360,CUST02360,6,7,12,1,Good
ACC_CUST02361,CUST02361,2,5,9,3,Good
ACC_CUST02362,CUST02362,5,3,7,4,Good
ACC_CUST02363,CUST02363,7,4,20,4,Standard
ACC_CUST02364,CUST02364,9,8,30,5,Bad
ACC_CUST02365,CUST02365,5,5,12,6,Standard
ACC_CUST02366,CUST02366,5,3,20,3,Standard
ACC_CUST02367,CUST02367,1,4,2,3,Good
ACC_CUST02368,CUST02368,8,6,19,2,Standard
ACC_CUST02369,CUST02369,8,6,22,4,Bad
ACC_CUST02370,CUST02370,0,7,8,2,Good
ACC_CUST02371,CUST02371,8,10,18,5,Bad
ACC_CUST02372,CUST02372,6,8,32,7,Bad
ACC_CUST02373,CUST02373,7,4,9,3,Standard
ACC_CUST02374,CUST02374,7,6,32,2,Standard
ACC_CUST02375,CUST02375,8,5,22,8,Bad
ACC_CUST02376,CUST02376,7,4,11,3,Standard
ACC_CUST02377,CUST02377,0,5,11,1,Good
ACC_CUST02378,CUST02378,6,4,27,7,Standard
ACC_CUST02379,CUST02379,3,6,9,4,Standard
ACC_CUST02380,CUST02380,5,4,11,4,Standard
ACC_CUST02381,CUST02381,8,4,17,5,Standard
ACC_CUST02382,CUST02382,1,4,9,1,Good
ACC_CUST02383,CUST02383,4,4,2,1,Good
ACC_CUST02384,CUST02384,6,9,22,6,Standard
ACC_CUST02385,CUST02385,1,4,5,4,Good
ACC_CUST02386,CUST02386,8,7,5,4,Standard
ACC_CUST02387,CUST02387,4,6,22,6,Standard
ACC_CUST02388,CUST02388,0,5,1,3,Good
ACC_CUST02389,CUST02389,10,7,26,9,Bad
ACC_CUST02390,CUST02390,6,10,26,6,Bad
ACC_CUST02391,CUST02391,8,6,19,6,Bad
ACC_CUST02392,CUST02392,8,7,18,6,Standard
ACC_CUST02393,CUST02393,8,7,12,1,Standard
ACC_CUST02394,CUST02394,3,7,5,1,Standard
ACC_CUST02395,CUST02395,6,5,10,1,Good
ACC_CUST02396,CUST02396,4,7,20,1,Standard
ACC_CUST02397,CUST02397,4,7,8,2,Good
ACC_CUST02398,CUST02398,10,8,30,5,Bad
ACC_CUST02399,CUST02399,7,9,28,6,Bad
ACC_CUST02400,CUST02400,5,4,8,3,Good
ACC_CUST02401,CUST02401,9,8,27,3,Standard
ACC_CUST02402,CUST02402,6,3,12,4,Standard
ACC_CUST02403,CUST02403,3,3,1,2,Good
ACC_CUST02404,CUST02404,4,3,6,2,Standard
ACC_CUST02405,CUST02405,8,10,17,6,Bad
ACC_CUST02406,CUST02406,10,6,24,6,Bad
ACC_CUST02407,CUST02407,4,4,11,1,Standard
ACC_CUST02409,CUST02409,3,3,9,2,Standard
ACC_CUST02411,CUST02411,5,3,4,3,Good
ACC_CUST02412,CUST02412,7,8,15,3,Bad
ACC_CUST02413,CUST02413,8,7,17,0,Standard
ACC_CUST02414,CUST02414,2,1,3,0,Good
ACC_CUST02415,CUST02415,5,4,11,2,Good
ACC_CUST02416,CUST02416,7,8,30,6,Standard
ACC_CUST02417,CUST02417,5,4,12,1,Standard
ACC_CUST02418,CUST02418,9,5,18,2,Bad
ACC_CUST02419,CUST02419,5,6,17,7,Standard
ACC_CUST02420,CUST02420,3,5,5,0,Standard
ACC_CUST02421,CUST02421,3,5,7,3,Standard
ACC_CUST02422,CUST02422,3,7,11,4,Good
ACC_CUST02423,CUST02423,6,3,18,3,Standard
ACC_CUST02424,CUST02424,1,5,8,4,Good
ACC_CUST02425,CUST02425,7,9,32,6,Bad
ACC_CUST02426,CUST02426,10,6,15,7,Bad
ACC_CUST02427,CUST02427,0,3,2,2,Good
ACC_CUST02428,CUST02428,3,7,5,1,Standard
ACC_CUST02429,CUST02429,10,9,20,6,Bad
ACC_CUST02430,CUST02430,4,4,22,6,Standard
ACC_CUST02431,CUST02431,3,5,2,0,Good
ACC_CUST02432,CUST02432,0,4,7,3,Good
ACC_CUST02433,CUST02433,6,6,10,1,Standard
ACC_CUST02434,CUST02434,7,7,10,2,Standard
ACC_CUST02435,CUST02435,6,7,28,7,Bad
ACC_CUST02436,CUST02436,5,6,6,0,Standard
ACC_CUST02437,CUST02437,5,6,18,2,Standard
ACC_CUST02438,CUST02438,4,6,14,4,Standard
ACC_CUST02439,CUST02439,6,3,6,3,Standard
ACC_CUST02440,CUST02440,5,3,20,2,Standard
ACC_CUST02441,CUST02441,6,3,14,4,Standard
ACC_CUST02442,CUST02442,1,3,7,1,Good
ACC_CUST02443,CUST02443,8,6,20,4,Standard
ACC_CUST02444,CUST02444,3,6,8,0,Good
ACC_CUST02445,CUST02445,6,5,28,7,Bad
ACC_CUST02446,CUST02446,9,8,22,3,Bad
ACC_CUST02447,CUST02447,3,6,7,2,Standard
ACC_CUST02448,CUST02448,3,5,11,7,Standard
ACC_CUST02449,CUST02449,2,1,10,3,Good
ACC_CUST02450,CUST02450,7,5,10,3,Standard
ACC_CUST02451,CUST02451,8,10,27,7,Bad
ACC_CUST02452,CUST02452,7,8,31,7,Bad
ACC_CUST02453,CUST02453,6,5,1,0,Good
ACC_CUST02454,CUST02454,8,6,7,4,Standard
ACC_CUST02455,CUST02455,6,6,13,4,Standard
ACC_CUST02456,CUST02456,3,4,6,4,Standard
ACC_CUST02457,CUST02457,8,5,30,8,Bad
ACC_CUST02458,CUST02458,10,6,15,5,Bad
ACC_CUST02459,CUST02459,3,7,8,2,Standard
ACC_CUST02460,CUST02460,8,10,25,3,Bad
ACC_CUST02461,CUST02461,7,5,12,4,Standard
ACC_CUST02462,CUST02462,3,7,9,4,Good
ACC_CUST02463,CUST02463,0,5,9,2,Good
ACC_CUST02464,CUST02464,9,9,22,9,Bad
ACC_CUST02465,CUST02465,6,7,8,1,Standard
ACC_CUST02466,CUST02466,4,4,8,0,Good
ACC_CUST02467,CUST02467,7,3,15,4,Standard
ACC_CUST02468,CUST02468,6,7,19,4,Standard
ACC_CUST02469,CUST02469,0,4,7,0,Good
ACC_CUST02470,CUST02470,0,4,8,4,Good
ACC_CUST02471,CUST02471,7,6,13,0,Standard
ACC_CUST02473,CUST02473,8,5,3,4,Good
ACC_CUST02474,CUST02474,10,6,30,7,Bad
ACC_CUST02475,CUST02475,9,8,20,6,Bad
ACC_CUST02476,CUST02476,6,6,13,2,Standard
ACC_CUST02477,CUST02477,7,8,29,3,Bad
ACC_CUST02478,CUST02478,7,9,19,5,Bad
ACC_CUST02479,CUST02479,6,8,30,9,Bad
ACC_CUST02480,CUST02480,6,7,20,4,Standard
ACC_CUST02481,CUST02481,1,4,5,0,Good
ACC_CUST02482,CUST02482,8,4,11,3,Standard
ACC_CUST02483,CUST02483,5,1,2,1,Good
ACC_CUST02484,CUST02484,5,2,11,2,Good
ACC_CUST02485,CUST02485,1,4,4,4,Good
ACC_CUST02487,CUST02487,7,6,8,3,Standard
ACC_CUST02488,CUST02488,8,3,11,0,Standard
ACC_CUST02489,CUST02489,3,2,11,1,Good
ACC_CUST02490,CUST02490,3,4,3,4,Good
ACC_CUST02491,CUST02491,9,10,16,5,Bad
ACC_CUST02492,CUST02492,3,7,5,0,Standard
ACC_CUST02493,CUST02493,3,4,7,0,Standard
ACC_CUST02494,CUST02494,4,5,16,3,Standard
ACC_CUST02495,CUST02495,0,3,6,0,Good
ACC_CUST02497,CUST02497,6,5,19,4,Standard
ACC_CUST02498,CUST02498,7,8,26,6,Bad
ACC_CUST02499,CUST02499,1,7,2,0,Good
ACC_CUST02500,CUST02500,5,6,16,1,Standard
ACC_CUST02501,CUST02501,8,5,23,2,Bad
ACC_CUST02502,CUST02502,5,5,19,4,Standard
ACC_CUST02503,CUST02503,7,9,18,3,Standard
ACC_CUST02504,CUST02504,6,6,18,0,Standard
ACC_CUST02505,CUST02505,2,6,9,3,Good
ACC_CUST02506,CUST02506,4,7,6,2,Standard
ACC_CUST02507,CUST02507,3,6,8,4,Standard
ACC_CUST02508,CUST02508,6,3,8,3,Standard
ACC_CUST02509,CUST02509,6,5,15,7,Standard
ACC_CUST02510,CUST02510,5,7,2,0,Good
ACC_CUST02511,CUST02511,5,7,18,3,Standard
ACC_CUST02512,CUST02512,8,8,33,9,Bad
ACC_CUST02513,CUST02513,7,7,13,1,Standard
ACC_CUST02514,CUST02514,4,4,9,0,Standard
ACC_CUST02515,CUST02515,10,7,18,2,Standard
ACC_CUST02516,CUST02516,5,6,15,2,Standard
ACC_CUST02517,CUST02517,7,3,10,3,Good
ACC_CUST02518,CUST02518,8,8,15,6,Bad
ACC_CUST02519,CUST02519,3,7,7,0,Good
ACC_CUST02520,CUST02520,6,7,24,6,Standard
ACC_CUST02521,CUST02521,7,10,19,6,Bad
ACC_CUST02522,CUST02522,7,9,26,2,Bad
ACC_CUST02523,CUST02523,5,6,7,3,Good
ACC_CUST02524,CUST02524,8,4,20,3,Standard
ACC_CUST02525,CUST02525,7,6,11,3,Standard
ACC_CUST02526,CUST02526,6,5,11,0,Standard
ACC_CUST02528,CUST02528,4,7,15,4,Standard
ACC_CUST02529,CUST02529,7,5,19,4,Standard
ACC_CUST02530,CUST02530,7,4,7,2,Standard
ACC_CUST02531,CUST02531,8,5,4,1,Good
ACC_CUST02532,CUST02532,6,7,27,6,Bad
ACC_CUST02533,CUST02533,10,8,17,8,Bad
ACC_CUST02534,CUST02534,4,3,5,4,Good
ACC_CUST02535,CUST02535,0,7,10,2,Good
ACC_CUST02536,CUST02536,3,4,10,4,Standard
ACC_CUST02537,CUST02537,8,6,7,1,Standard
ACC_CUST02538,CUST02538,4,4,7,3,Standard
ACC_CUST02539,CUST02539,7,7,7,3,Standard
ACC_CUST02540,CUST02540,10,9,23,9,Bad
ACC_CUST02541,CUST02541,4,7,2,0,Good
ACC_CUST02542,CUST02542,8,3,12,2,Standard
ACC_CUST02543,CUST02543,6,8,20,7,Bad
ACC_CUST02544,CUST02544,2,5,10,4,Good
ACC_CUST02545,CUST02545,6,7,19,5,Bad
ACC_CUST02546,CUST02546,9,7,30,9,Bad
ACC_CUST02547,CUST02547,5,4,27,7,Standard
ACC_CUST02548,CUST02548,3,5,16,1,Standard
ACC_CUST02549,CUST02549,8,5,10,4,Good
ACC_CUST02550,CUST02550,5,3,6,6,Standard
ACC_CUST02551,CUST02551,1,4,4,3,Good
ACC_CUST02552,CUST02552,4,5,12,1,Good
ACC_CUST02554,CUST02554,10,7,23,5,Bad
ACC_CUST02555,CUST02555,4,3,11,2,Good
ACC_CUST02556,CUST02556,6,5,28,7,Standard
ACC_CUST02557,CUST02557,7,9,21,4,Bad
ACC_CUST02558,CUST02558,6,7,19,3,Standard
ACC_CUST02559,CUST02559,5,7,12,4,Standard
ACC_CUST02560,CUST02560,2,3,4,3,Good
ACC_CUST02561,CUST02561,4,7,16,4,Standard
ACC_CUST02562,CUST02562,10,10,29,9,Bad
ACC_CUST02563,CUST02563,0,7,5,0,Good
ACC_CUST02564,CUST02564,4,5,3,4,Good
ACC_CUST02565,CUST02565,7,5,21,2,Standard
ACC_CUST02566,CUST02566,5,7,19,0,Standard
ACC_CUST02567,CUST02567,5,6,5,4,Standard
ACC_CUST02569,CUST02569,9,7,23,8,Bad
ACC_CUST02570,CUST02570,7,5,26,9,Bad
ACC_CUST02571,CUST02571,1,1,12,2,Good
ACC_CUST02572,CUST02572,4,5,33,2,Standard
ACC_CUST02573,CUST02573,4,6,13,2,Standard
ACC_CUST02574,CUST02574,9,7,27,2,Bad
ACC_CUST02575,CUST02575,6,8,18,6,Bad
ACC_CUST02576,CUST02576,4,1,4,1,Good
ACC_CUST02578,CUST02578,8,6,8,2,Standard
ACC_CUST02579,CUST02579,6,4,20,4,Standard
ACC_CUST02580,CUST02580,7,3,18,3,Standard
ACC_CUST02581,CUST02581,7,8,18,2,Standard
ACC_CUST02582,CUST02582,7,7,33,7,Bad
ACC_CUST02583,CUST02583,5,3,20,4,Standard
ACC_CUST02584,CUST02584,6,6,11,0,Standard
ACC_CUST02585,CUST02585,4,4,13,4,Standard
ACC_CUST02586,CUST02586,8,7,28,7,Bad
ACC_CUST02587,CUST02587,0,2,6,4,Good
ACC_CUST02588,CUST02588,3,7,12,0,Standard
ACC_CUST02589,CUST02589,8,6,20,9,Bad
ACC_CUST02590,CUST02590,3,7,19,2,Standard
ACC_CUST02591,CUST02591,8,5,19,8,Bad
ACC_CUST02592,CUST02592,7,9,27,5,Bad
ACC_CUST02593,CUST02593,8,5,33,8,Bad
ACC_CUST02594,CUST02594,9,7,27,3,Standard
ACC_CUST02595,CUST02595,3,9,15,6,Standard
ACC_CUST02596,CUST02596,9,9,19,7,Bad
ACC_CUST02597,CUST02597,8,6,9,4,Good
ACC_CUST02598,CUST02598,7,9,33,6,Standard
ACC_CUST02599,CUST02599,8,9,19,5,Bad
ACC_CUST02600,CUST02600,0,5,9,2,Good
ACC_CUST02601,CUST02601,8,3,11,2,Standard
ACC_CUST02602,CUST02602,8,7,5,7,Standard
ACC_CUST02603,CUST02603,6,6,23,7,Bad
ACC_CUST02604,CUST02604,6,9,15,6,Bad
ACC_CUST02605,CUST02605,8,5,18,8,Bad
ACC_CUST02606,CUST02606,7,9,28,5,Bad
ACC_CUST02607,CUST02607,1,1,11,2,Good
ACC_CUST02608,CUST02608,3,5,5,4,Standard
ACC_CUST02609,CUST02609,9,6,30,3,Standard
ACC_CUST02610,CUST02610,5,6,11,4,Standard
ACC_CUST02611,CUST02611,4,7,13,4,Standard
ACC_CUST02612,CUST02612,3,6,12,1,Good
ACC_CUST02613,CUST02613,6,8,26,4,Bad
ACC_CUST02614,CUST02614,5,4,13,4,Standard
ACC_CUST02615,CUST02615,4,3,7,2,Standard
ACC_CUST02616,CUST02616,7,10,34,5,Bad
ACC_CUST02617,CUST02617,5,7,8,0,Standard
ACC_CUST02618,CUST02618,2,7,10,1,Good
ACC_CUST02619,CUST02619,2,3,7,3,Good
ACC_CUST02620,CUST02620,4,4,7,2,Standard
ACC_CUST02621,CUST02621,2,2,4,0,Good
ACC_CUST02622,CUST02622,6,3,16,6,Standard
ACC_CUST02623,CUST02623,8,7,6,4,Standard
ACC_CUST02624,CUST02624,5,3,20,6,Standard
ACC_CUST02625,CUST02625,6,7,17,4,Standard
ACC_CUST02626,CUST02626,9,9,33,2,Standard
ACC_CUST02627,CUST02627,3,5,9,3,Standard
ACC_CUST02628,CUST02628,6,3,17,5,Standard
ACC_CUST02629,CUST02629,4,4,5,2,Good
ACC_CUST02630,CUST02630,1,4,6,3,Good
ACC_CUST02631,CUST02631,5,3,7,4,Good
ACC_CUST02632,CUST02632,5,5,3,1,Good
ACC_CUST02633,CUST02633,6,3,12,3,Standard
ACC_CUST02635,CUST02635,8,7,5,3,Standard
ACC_CUST02636,CUST02636,6,5,6,0,Good
ACC_CUST02637,CUST02637,8,7,15,1,Standard
ACC_CUST02638,CUST02638,5,7,1,0,Good
ACC_CUST02639,CUST02639,7,9,15,6,Bad
ACC_CUST02640,CUST02640,6,7,32,9,Bad
ACC_CUST02641,CUST02641,6,7,31,6,Standard
ACC_CUST02642,CUST02642,5,6,13,0,Standard
ACC_CUST02643,CUST02643,8,6,34,7,Bad
ACC_CUST02644,CUST02644,8,6,21,6,Bad
ACC_CUST02645,CUST02645,3,4,13,6,Standard
ACC_CUST02646,CUST02646,4,6,6,0,Good
ACC_CUST02647,CUST02647,6,9,32,4,Bad
ACC_CUST02648,CUST02648,7,7,12,7,Standard
ACC_CUST02649,CUST02649,6,6,17,9,Bad
ACC_CUST02650,CUST02650,0,3,6,3,Good
ACC_CUST02651,CUST02651,7,8,25,6,Bad
ACC_CUST02653,CUST02653,3,6,1,4,Good
ACC_CUST02655,CUST02655,4,6,6,4,Good
ACC_CUST02656,CUST02656,3,3,17,4,Standard
ACC_CUST02657,CUST02657,4,4,13,2,Standard
ACC_CUST02658,CUST02658,9,8,23,4,Standard
ACC_CUST02659,CUST02659,10,6,34,7,Bad
ACC_CUST02660,CUST02660,9,5,19,8,Bad
ACC_CUST02661,CUST02661,10,5,26,6,Bad
ACC_CUST02662,CUST02662,9,8,20,6,Bad
ACC_CUST02663,CUST02663,4,6,14,4,Standard
ACC_CUST02664,CUST02664,6,6,6,4,Standard
ACC_CUST02665,CUST02665,10,9,24,4,Bad
ACC_CUST02667,CUST02667,1,7,3,0,Good
ACC_CUST02668,CUST02668,10,6,33,5,Bad
ACC_CUST02669,CUST02669,9,9,19,6,Bad
ACC_CUST02670,CUST02670,9,9,16,5,Standard
ACC_CUST02671,CUST02671,2,3,8,1,Good
ACC_CUST02672,CUST02672,4,5,29,5,Standard
ACC_CUST02673,CUST02673,7,6,10,3,Standard
ACC_CUST02674,CUST02674,8,5,19,4,Standard
ACC_CUST02675,CUST02675,8,7,9,0,Good
ACC_CUST02676,CUST02676,5,1,5,3,Good
ACC_CUST02677,CUST02677,5,7,20,4,Standard
ACC_CUST02678,CUST02678,7,4,17,3,Standard
ACC_CUST02679,CUST02679,3,5,1,3,Good
ACC_CUST02680,CUST02680,6,8,15,6,Standard
ACC_CUST02681,CUST02681,8,4,5,3,Standard
ACC_CUST02682,CUST02682,9,10,25,9,Bad
ACC_CUST02683,CUST02683,10,8,29,6,Bad
ACC_CUST02684,CUST02684,3,7,15,3,Standard
ACC_CUST02685,CUST02685,2,3,10,1,Good
ACC_CUST02686,CUST02686,7,3,10,4,Good
ACC_CUST02687,CUST02687,5,5,18,1,Standard
ACC_CUST02688,CUST02688,10,7,23,6,Bad
ACC_CUST02689,CUST02689,7,7,10,3,Standard
ACC_CUST02690,CUST02690,9,9,18,7,Bad
ACC_CUST02691,CUST02691,10,9,34,9,Bad
ACC_CUST02692,CUST02692,7,9,25,5,Bad
ACC_CUST02693,CUST02693,1,5,11,3,Good
ACC_CUST02694,CUST02694,4,6,10,4,Standard
ACC_CUST02695,CUST02695,8,5,14,0,Standard
ACC_CUST02696,CUST02696,7,5,33,7,Bad
ACC_CUST02697,CUST02697,4,6,14,4,Standard
ACC_CUST02698,CUST02698,10,8,21,6,Standard
ACC_CUST02699,CUST02699,3,3,4,0,Good
ACC_CUST02700,CUST02700,0,4,5,1,Good
ACC_CUST02701,CUST02701,9,9,28,8,Bad
ACC_CUST02703,CUST02703,8,4,9,0,Standard
ACC_CUST02704,CUST02704,5,4,5,3,Standard
ACC_CUST02705,CUST02705,9,5,26,4,Bad
ACC_CUST02707,CUST02707,3,3,3,2,Good
ACC_CUST02708,CUST02708,5,6,11,4,Standard
ACC_CUST02709,CUST02709,7,7,31,6,Bad
ACC_CUST02710,CUST02710,0,2,3,3,Good
ACC_CUST02711,CUST02711,5,1,7,0,Good
ACC_CUST02712,CUST02712,3,6,5,4,Standard
ACC_CUST02713,CUST02713,0,7,6,0,Good
ACC_CUST02714,CUST02714,6,7,22,8,Bad
ACC_CUST02715,CUST02715,3,7,2,2,Good
ACC_CUST02716,CUST02716,4,5,8,1,Standard
ACC_CUST02718,CUST02718,3,5,15,3,Standard
ACC_CUST02719,CUST02719,0,6,4,4,Good
ACC_CUST02720,CUST02720,9,10,27,5,Bad
ACC_CUST02721,CUST02721,10,6,33,7,Bad
ACC_CUST02722,CUST02722,2,6,2,1,Good
ACC_CUST02724,CUST02724,5,4,8,3,Good
ACC_CUST02725,CUST02725,4,4,12,0,Good
ACC_CUST02726,CUST02726,8,5,25,9,Bad
ACC_CUST02727,CUST02727,3,3,7,0,Good
ACC_CUST02728,CUST02728,6,5,2,2,Good
ACC_CUST02729,CUST02729,8,6,6,4,Standard
ACC_CUST02730,CUST02730,6,3,18,4,Standard
ACC_CUST02731,CUST02731,2,6,5,2,Good
ACC_CUST02732,CUST02732,5,7,5,1,Standard
ACC_CUST02733,CUST02733,3,6,12,0,Good
ACC_CUST02734,CUST02734,7,6,6,6,Standard
ACC_CUST02735,CUST02735,6,6,11,4,Good
ACC_CUST02736,CUST02736,4,7,15,3,Standard
ACC_CUST02737,CUST02737,4,5,11,1,Standard
ACC_CUST02738,CUST02738,8,5,23,7,Bad
ACC_CUST02739,CUST02739,6,4,11,1,Standard
ACC_CUST02740,CUST02740,0,3,3,2,Good
ACC_CUST02741,CUST02741,8,6,25,9,Bad
ACC_CUST02742,CUST02742,10,7,27,5,Bad
ACC_CUST02743,CUST02743,5,7,5,2,Standard
ACC_CUST02744,CUST02744,4,3,17,6,Standard
ACC_CUST02745,CUST02745,7,5,9,5,Standard
ACC_CUST02746,CUST02746,8,7,28,2,Standard
ACC_CUST02748,CUST02748,8,9,20,7,Bad
ACC_CUST02749,CUST02749,0,3,7,2,Good
ACC_CUST02750,CUST02750,6,7,10,4,Standard
ACC_CUST02751,CUST02751,6,10,22,9,Bad
ACC_CUST02752,CUST02752,9,8,20,9,Bad
ACC_CUST02753,CUST02753,1,3,5,4,Good
ACC_CUST02754,CUST02754,7,7,14,7,Standard
ACC_CUST02755,CUST02755,6,6,5,0,Standard
ACC_CUST02756,CUST02756,8,3,19,0,Standard
ACC_CUST02757,CUST02757,4,6,8,0,Standard
ACC_CUST02758,CUST02758,8,5,19,8,Bad
ACC_CUST02759,CUST02759,8,4,6,1,Standard
ACC_CUST02760,CUST02760,9,5,34,6,Bad
ACC_CUST02761,CUST02761,7,5,2,2,Good
ACC_CUST02762,CUST02762,3,4,12,4,Good
ACC_CUST02763,CUST02763,6,5,29,5,Standard
ACC_CUST02764,CUST02764,5,4,17,3,Standard
ACC_CUST02765,CUST02765,4,4,4,4,Good
ACC_CUST02766,CUST02766,7,8,31,7,Bad
ACC_CUST02767,CUST02767,2,4,7,2,Good
ACC_CUST02768,CUST02768,5,7,31,7,Standard
ACC_CUST02769,CUST02769,5,6,5,2,Good
ACC_CUST02770,CUST02770,4,3,14,4,Standard
ACC_CUST02771,CUST02771,8,8,18,5,Bad
ACC_CUST02772,CUST02772,10,6,29,8,Bad
ACC_CUST02773,CUST02773,7,7,16,1,Standard
ACC_CUST02774,CUST02774,0,5,5,1,Good
ACC_CUST02775,CUST02775,8,7,7,2,Standard
ACC_CUST02776,CUST02776,3,3,7,1,Good
ACC_CUST02777,CUST02777,6,7,7,3,Standard
ACC_CUST02778,CUST02778,7,6,12,0,Standard
ACC_CUST02779,CUST02779,8,7,5,1,Standard
ACC_CUST02780,CUST02780,4,3,5,4,Good
ACC_CUST02781,CUST02781,7,3,6,4,Standard
ACC_CUST02782,CUST02782,6,7,20,4,Standard
ACC_CUST02783,CUST02783,3,3,11,4,Standard
ACC_CUST02784,CUST02784,10,9,18,5,Bad
ACC_CUST02785,CUST02785,9,6,23,5,Bad
ACC_CUST02786,CUST02786,5,4,5,3,Good
ACC_CUST02787,CUST02787,4,6,20,0,Standard
ACC_CUST02788,CUST02788,2,3,9,3,Good
ACC_CUST02789,CUST02789,3,1,7,0,Good
ACC_CUST02790,CUST02790,0,7,12,1,Good
ACC_CUST02791,CUST02791,0,4,12,2,Good
ACC_CUST02793,CUST02793,8,6,15,3,Standard
ACC_CUST02794,CUST02794,6,7,5,4,Standard
ACC_CUST02795,CUST02795,8,7,7,0,Standard
ACC_CUST02796,CUST02796,7,8,28,6,Bad
ACC_CUST02797,CUST02797,9,6,8,3,Standard
ACC_CUST02798,CUST02798,6,9,20,5,Standard
ACC_CUST02799,CUST02799,2,6,7,4,Good
ACC_CUST02800,CUST02800,2,5,7,4,Good
ACC_CUST02801,CUST02801,8,7,2,2,Good
ACC_CUST02802,CUST02802,3,1,2,0,Good
ACC_CUST02803,CUST02803,5,4,15,4,Standard
ACC_CUST02804,CUST02804,2,3,8,0,Good
ACC_CUST02805,CUST02805,6,8,20,5,Bad
ACC_CUST02807,CUST02807,2,5,8,3,Good
ACC_CUST02808,CUST02808,1,6,7,3,Good
ACC_CUST02810,CUST02810,7,7,19,9,Bad
ACC_CUST02811,CUST02811,3,5,5,3,Standard
ACC_CUST02812,CUST02812,4,3,7,4,Good
ACC_CUST02813,CUST02813,8,7,3,3,Standard
ACC_CUST02814,CUST02814,8,5,30,8,Bad
ACC_CUST02816,CUST02816,3,5,1,3,Good
ACC_CUST02817,CUST02817,3,4,8,3,Standard
ACC_CUST02818,CUST02818,8,6,20,0,Standard
ACC_CUST02819,CUST02819,7,9,15,3,Bad
ACC_CUST02821,CUST02821,6,10,29,7,Standard
ACC_CUST02822,CUST02822,7,9,22,4,Bad
ACC_CUST02823,CUST02823,6,5,14,3,Standard
ACC_CUST02824,CUST02824,5,5,7,3,Standard
ACC_CUST02825,CUST02825,6,6,17,2,Bad
ACC_CUST02826,CUST02826,6,5,9,3,Standard
ACC_CUST02827,CUST02827,9,7,17,7,Bad
ACC_CUST02828,CUST02828,3,7,10,2,Good
ACC_CUST02829,CUST02829,7,5,26,9,Bad
ACC_CUST02830,CUST02830,6,7,23,7,Bad
ACC_CUST02831,CUST02831,7,5,27,9,Bad
ACC_CUST02833,CUST02833,8,5,10,3,Standard
ACC_CUST02834,CUST02834,8,6,12,7,Standard
ACC_CUST02835,CUST02835,1,4,9,3,Good
ACC_CUST02836,CUST02836,4,6,11,4,Standard
ACC_CUST02837,CUST02837,2,2,4,4,Good
ACC_CUST02838,CUST02838,6,6,12,5,Standard
ACC_CUST02839,CUST02839,0,7,12,2,Good
ACC_CUST02840,CUST02840,7,8,23,7,Bad
ACC_CUST02841,CUST02841,5,7,13,3,Standard
ACC_CUST02843,CUST02843,7,3,15,1,Standard
ACC_CUST02844,CUST02844,7,10,27,8,Bad
ACC_CUST02845,CUST02845,7,9,25,5,Bad
ACC_CUST02847,CUST02847,8,4,14,2,Standard
ACC_CUST02848,CUST02848,0,6,8,0,Good
ACC_CUST02849,CUST02849,4,3,8,2,Standard
ACC_CUST02850,CUST02850,1,1,1,2,Good
ACC_CUST02851,CUST02851,3,7,18,3,Standard
ACC_CUST02852,CUST02852,10,8,16,6,Bad
ACC_CUST02853,CUST02853,7,8,19,5,Bad
ACC_CUST02854,CUST02854,7,10,32,9,Bad
ACC_CUST02855,CUST02855,10,10,23,5,Bad
ACC_CUST02856,CUST02856,1,3,9,0,Good
ACC_CUST02857,CUST02857,7,6,34,7,Bad
ACC_CUST02858,CUST02858,5,1,10,0,Good
ACC_CUST02859,CUST02859,7,9,15,3,Bad
ACC_CUST02860,CUST02860,7,8,18,5,Bad
ACC_CUST02861,CUST02861,1,7,11,1,Good
ACC_CUST02862,CUST02862,7,6,27,3,Standard
ACC_CUST02863,CUST02863,7,6,11,2,Standard
ACC_CUST02864,CUST02864,4,5,5,2,Good
ACC_CUST02865,CUST02865,9,8,21,6,Bad
ACC_CUST02866,CUST02866,0,6,3,0,Good
ACC_CUST02867,CUST02867,10,5,22,6,Bad
ACC_CUST02868,CUST02868,7,3,6,3,Standard
ACC_CUST02869,CUST02869,6,4,9,2,Standard
ACC_CUST02870,CUST02870,8,7,7,0,Standard
ACC_CUST02871,CUST02871,0,4,12,1,Good
ACC_CUST02872,CUST02872,0,7,12,3,Good
ACC_CUST02873,CUST02873,0,4,1,2,Good
ACC_CUST02874,CUST02874,7,5,8,2,Standard
ACC_CUST02875,CUST02875,0,2,5,1,Good
ACC_CUST02876,CUST02876,5,5,7,0,Standard
ACC_CUST02878,CUST02878,6,7,31,7,Bad
ACC_CUST02880,CUST02880,4,5,1,1,Good
ACC_CUST02881,CUST02881,0,7,11,2,Good
ACC_CUST02882,CUST02882,3,4,15,3,Standard
ACC_CUST02883,CUST02883,4,2,6,1,Good
ACC_CUST02884,CUST02884,8,10,34,8,Bad
ACC_CUST02885,CUST02885,4,3,11,2,Standard
ACC_CUST02886,CUST02886,8,7,16,7,Standard
ACC_CUST02887,CUST02887,8,6,25,7,Standard
ACC_CUST02888,CUST02888,5,5,20,4,Standard
ACC_CUST02889,CUST02889,5,5,11,1,Good
ACC_CUST02891,CUST02891,4,3,14,0,Standard
ACC_CUST02892,CUST02892,1,6,11,2,Good
ACC_CUST02893,CUST02893,9,9,31,6,Bad
ACC_CUST02894,CUST02894,2,4,10,0,Good
ACC_CUST02895,CUST02895,8,7,18,2,Standard
ACC_CUST02896,CUST02896,7,7,24,2,Standard
ACC_CUST02897,CUST02897,3,3,17,3,Standard
ACC_CUST02898,CUST02898,3,2,12,4,Good
ACC_CUST02899,CUST02899,3,6,1,0,Good
ACC_CUST02900,CUST02900,8,7,33,8,Bad
ACC_CUST02901,CUST02901,3,5,15,0,Standard
ACC_CUST02902,CUST02902,10,7,15,6,Bad
ACC_CUST02903,CUST02903,5,4,8,4,Good
ACC_CUST02904,CUST02904,4,7,12,1,Good
ACC_CUST02905,CUST02905,8,4,33,3,Standard
ACC_CUST02907,CUST02907,3,4,6,3,Standard
ACC_CUST02908,CUST02908,7,6,8,1,Standard
ACC_CUST02909,CUST02909,7,3,9,3,Standard
ACC_CUST02910,CUST02910,5,7,13,5,Standard
ACC_CUST02911,CUST02911,3,4,11,4,Good
ACC_CUST02912,CUST02912,9,5,24,8,Bad
ACC_CUST02914,CUST02914,7,7,14,6,Standard
ACC_CUST02915,CUST02915,7,7,11,3,Standard
ACC_CUST02916,CUST02916,3,6,17,0,Standard
ACC_CUST02917,CUST02917,8,6,12,3,Good
ACC_CUST02918,CUST02918,2,2,11,2,Good
ACC_CUST02919,CUST02919,9,5,23,6,Bad
ACC_CUST02920,CUST02920,8,9,27,8,Bad
ACC_CUST02921,CUST02921,7,6,6,4,Standard
ACC_CUST02922,CUST02922,8,9,19,5,Standard
ACC_CUST02923,CUST02923,3,4,6,4,Standard
ACC_CUST02924,CUST02924,7,5,12,0,Standard
ACC_CUST02925,CUST02925,4,3,14,3,Standard
ACC_CUST02926,CUST02926,6,5,32,6,Bad
ACC_CUST02927,CUST02927,6,4,8,0,Standard
ACC_CUST02928,CUST02928,1,1,7,3,Good
ACC_CUST02929,CUST02929,6,6,6,4,Standard
ACC_CUST02931,CUST02931,9,10,22,7,Bad
ACC_CUST02932,CUST02932,7,4,16,1,Standard
ACC_CUST02933,CUST02933,9,8,26,9,Bad
ACC_CUST02934,CUST02934,5,5,9,3,Good
ACC_CUST02935,CUST02935,10,7,26,3,Standard
ACC_CUST02936,CUST02936,6,6,9,3,Standard
ACC_CUST02939,CUST02939,8,9,25,2,Bad
ACC_CUST02940,CUST02940,0,1,10,3,Good
ACC_CUST02941,CUST02941,8,6,19,2,Standard
ACC_CUST02942,CUST02942,8,7,17,5,Standard
ACC_CUST02944,CUST02944,0,1,1,4,Good
ACC_CUST02945,CUST02945,7,6,28,8,Bad
ACC_CUST02946,CUST02946,6,5,27,6,Bad
ACC_CUST02947,CUST02947,5,3,6,3,Good
ACC_CUST02948,CUST02948,3,4,5,3,Good
ACC_CUST02949,CUST02949,1,4,5,4,Good
ACC_CUST02950,CUST02950,1,2,8,1,Good
ACC_CUST02951,CUST02951,8,9,26,9,Bad
ACC_CUST02952,CUST02952,4,1,6,1,Good
ACC_CUST02953,CUST02953,7,6,8,2,Standard
ACC_CUST02954,CUST02954,3,3,30,7,Standard
ACC_CUST02955,CUST02955,4,10,30,4,Standard
ACC_CUST02956,CUST02956,3,5,9,0,Good
ACC_CUST02957,CUST02957,5,4,8,1,Good
ACC_CUST02958,CUST02958,8,7,13,1,Standard
ACC_CUST02959,CUST02959,4,5,7,0,Good
ACC_CUST02960,CUST02960,4,6,7,2,Good
ACC_CUST02961,CUST02961,3,5,10,4,Standard
ACC_CUST02962,CUST02962,7,4,20,1,Standard
ACC_CUST02963,CUST02963,3,2,8,0,Good
ACC_CUST02964,CUST02964,0,5,4,1,Good
ACC_CUST02965,CUST02965,6,10,29,6,Bad
ACC_CUST02966,CUST02966,4,2,10,0,Good
ACC_CUST02967,CUST02967,3,4,19,3,Standard
ACC_CUST02968,CUST02968,4,6,16,1,Standard
ACC_CUST02969,CUST02969,6,7,20,2,Bad
ACC_CUST02970,CUST02970,5,5,2,3,Good
ACC_CUST02971,CUST02971,9,8,19,6,Bad
ACC_CUST02972,CUST02972,6,8,15,8,Bad
ACC_CUST02973,CUST02973,5,3,12,6,Standard
ACC_CUST02974,CUST02974,6,6,2,1,Standard
ACC_CUST02975,CUST02975,2,3,11,4,Good
ACC_CUST02976,CUST02976,3,5,7,2,Good
ACC_CUST02977,CUST02977,0,3,12,3,Good
ACC_CUST02978,CUST02978,6,5,30,8,Bad
ACC_CUST02979,CUST02979,8,8,29,6,Bad
ACC_CUST02980,CUST02980,7,4,13,2,Standard
ACC_CUST02981,CUST02981,1,6,9,4,Good
ACC_CUST02982,CUST02982,8,10,19,6,Bad
ACC_CUST02983,CUST02983,7,7,34,5,Standard
ACC_CUST02984,CUST02984,4,6,11,0,Good
ACC_CUST02985,CUST02985,5,6,1,3,Good
ACC_CUST02986,CUST02986,7,9,21,8,Bad
ACC_CUST02987,CUST02987,9,8,20,9,Bad
ACC_CUST02988,CUST02988,3,5,15,0,Standard
ACC_CUST02989,CUST02989,7,10,31,7,Bad
ACC_CUST02990,CUST02990,7,5,13,4,Standard
ACC_CUST02991,CUST02991,5,3,9,0,Good
ACC_CUST02992,CUST02992,7,7,33,7,Bad
ACC_CUST02993,CUST02993,4,3,8,0,Good
ACC_CUST02994,CUST02994,3,3,2,0,Good
ACC_CUST02995,CUST02995,1,1,8,3,Good
ACC_CUST02996,CUST02996,6,9,19,5,Bad
ACC_CUST02997,CUST02997,7,5,14,6,Standard
ACC_CUST02998,CUST02998,2,3,1,4,Good
ACC_CUST02999,CUST02999,1,3,6,1,Good
ACC_CUST03000,CUST03000,3,5,5,1,Standard
ACC_CUST03001,CUST03001,6,3,10,3,Standard
ACC_CUST03002,CUST03002,9,5,15,5,Standard
ACC_CUST03003,CUST03003,3,7,8,2,Standard
ACC_CUST03004,CUST03004,5,7,20,3,Standard
ACC_CUST03005,CUST03005,4,6,4,3,Standard
ACC_CUST03006,CUST03006,4,4,6,2,Standard
ACC_CUST03007,CUST03007,1,5,4,1,Good
ACC_CUST03008,CUST03008,9,7,29,5,Bad
ACC_CUST03010,CUST03010,2,3,8,1,Good
ACC_CUST03011,CUST03011,6,7,7,4,Standard
ACC_CUST03012,CUST03012,8,7,8,4,Standard
ACC_CUST03014,CUST03014,2,4,5,0,Good
ACC_CUST03015,CUST03015,7,6,17,2,Standard
ACC_CUST03016,CUST03016,6,8,19,6,Bad
ACC_CUST03017,CUST03017,5,4,13,0,Standard
ACC_CUST03018,CUST03018,4,6,9,4,Good
ACC_CUST03019,CUST03019,7,8,25,7,Bad
ACC_CUST03020,CUST03020,7,5,21,3,Standard
ACC_CUST03021,CUST03021,5,3,11,0,Standard
ACC_CUST03022,CUST03022,6,9,33,9,Bad
ACC_CUST03023,CUST03023,3,4,7,2,Standard
ACC_CUST03024,CUST03024,3,5,1,2,Good
ACC_CUST03025,CUST03025,2,7,5,3,Good
ACC_CUST03026,CUST03026,7,4,8,0,Good
ACC_CUST03027,CUST03027,7,5,21,9,Bad
ACC_CUST03028,CUST03028,9,5,17,8,Bad
ACC_CUST03029,CUST03029,7,9,34,5,Bad
ACC_CUST03030,CUST03030,6,6,12,0,Standard
ACC_CUST03031,CUST03031,8,5,29,6,Bad
ACC_CUST03032,CUST03032,2,7,1,0,Good
ACC_CUST03033,CUST03033,8,4,12,3,Standard
ACC_CUST03034,CUST03034,6,4,15,1,Standard
ACC_CUST03035,CUST03035,3,7,3,3,Good
ACC_CUST03036,CUST03036,4,7,6,1,Standard
ACC_CUST03037,CUST03037,7,6,16,6,Bad
ACC_CUST03038,CUST03038,5,5,16,3,Standard
ACC_CUST03039,CUST03039,5,4,10,3,Standard
ACC_CUST03040,CUST03040,5,5,6,4,Standard
ACC_CUST03041,CUST03041,5,3,3,2,Good
ACC_CUST03042,CUST03042,8,7,22,7,Bad
ACC_CUST03043,CUST03043,8,8,34,5,Bad
ACC_CUST03044,CUST03044,7,3,10,2,Standard
ACC_CUST03045,CUST03045,8,9,34,5,Bad
ACC_CUST03046,CUST03046,7,8,19,2,Bad
ACC_CUST03047,CUST03047,8,7,11,3,Standard
ACC_CUST03048,CUST03048,0,1,2,1,Good
ACC_CUST03049,CUST03049,8,8,17,5,Bad
ACC_CUST03050,CUST03050,2,5,1,0,Good
ACC_CUST03052,CUST03052,0,4,8,2,Good
ACC_CUST03054,CUST03054,5,5,11,4,Standard
ACC_CUST03055,CUST03055,7,10,34,5,Bad
ACC_CUST03056,CUST03056,5,7,12,4,Good
ACC_CUST03057,CUST03057,3,3,11,3,Standard
ACC_CUST03058,CUST03058,3,3,8,3,Standard
ACC_CUST03059,CUST03059,8,7,33,5,Standard
ACC_CUST03060,CUST03060,3,3,10,0,Good
ACC_CUST03061,CUST03061,6,6,23,9,Bad
ACC_CUST03062,CUST03062,0,5,12,3,Good
ACC_CUST03063,CUST03063,4,4,2,4,Good
ACC_CUST03064,CUST03064,4,6,12,6,Standard
ACC_CUST03065,CUST03065,2,4,9,2,Good
ACC_CUST03066,CUST03066,6,7,20,2,Standard
ACC_CUST03067,CUST03067,2,4,11,1,Good
ACC_CUST03068,CUST03068,5,4,3,2,Good
ACC_CUST03069,CUST03069,5,4,10,0,Good
ACC_CUST03070,CUST03070,1,3,11,0,Good
ACC_CUST03071,CUST03071,8,4,9,3,Standard
ACC_CUST03072,CUST03072,0,7,5,3,Good
ACC_CUST03073,CUST03073,8,7,34,7,Bad
ACC_CUST03074,CUST03074,3,6,1,1,Standard
ACC_CUST03075,CUST03075,8,6,19,4,Standard
ACC_CUST03076,CUST03076,3,4,18,4,Standard
ACC_CUST03077,CUST03077,4,5,14,2,Standard
ACC_CUST03078,CUST03078,3,6,10,4,Standard
ACC_CUST03079,CUST03079,6,7,5,4,Standard
ACC_CUST03080,CUST03080,1,5,10,2,Good
ACC_CUST03081,CUST03081,9,8,19,9,Bad
ACC_CUST03082,CUST03082,4,5,18,2,Standard
ACC_CUST03083,CUST03083,9,9,17,7,Bad
ACC_CUST03084,CUST03084,4,5,9,0,Standard
ACC_CUST03085,CUST03085,4,6,4,4,Good
ACC_CUST03086,CUST03086,6,8,15,8,Bad
ACC_CUST03087,CUST03087,6,5,13,2,Standard
ACC_CUST03088,CUST03088,4,6,18,2,Standard
ACC_CUST03089,CUST03089,7,7,17,0,Standard
ACC_CUST03090,CUST03090,2,3,8,0,Good
ACC_CUST03091,CUST03091,6,10,30,5,Bad
ACC_CUST03092,CUST03092,8,10,30,9,Bad
ACC_CUST03093,CUST03093,4,1,10,4,Good
ACC_CUST03094,CUST03094,3,7,4,1,Good
ACC_CUST03095,CUST03095,5,7,15,7,Standard
ACC_CUST03096,CUST03096,6,8,16,5,Bad
ACC_CUST03097,CUST03097,6,7,2,1,Good
ACC_CUST03098,CUST03098,7,6,5,0,Good
ACC_CUST03099,CUST03099,3,6,20,4,Standard
ACC_CUST03100,CUST03100,0,7,5,1,Good
ACC_CUST03101,CUST03101,8,6,22,5,Bad
ACC_CUST03102,CUST03102,7,5,24,2,Standard
ACC_CUST03103,CUST03103,8,6,17,4,Standard
ACC_CUST03104,CUST03104,7,5,13,0,Standard
ACC_CUST03105,CUST03105,4,6,16,6,Standard
ACC_CUST03106,CUST03106,3,7,11,4,Good
ACC_CUST03107,CUST03107,5,5,7,2,Good
ACC_CUST03108,CUST03108,3,7,4,2,Good
ACC_CUST03109,CUST03109,5,3,5,0,Good
ACC_CUST03110,CUST03110,4,2,12,2,Good
ACC_CUST03111,CUST03111,4,3,11,4,Good
ACC_CUST03112,CUST03112,7,7,19,3,Standard
ACC_CUST03113,CUST03113,3,5,7,1,Good
ACC_CUST03114,CUST03114,6,9,24,6,Bad
ACC_CUST03115,CUST03115,2,3,10,2,Good
ACC_CUST03116,CUST03116,3,4,5,0,Good
ACC_CUST03117,CUST03117,7,4,5,3,Standard
ACC_CUST03118,CUST03118,3,7,15,0,Standard
ACC_CUST03119,CUST03119,3,6,15,0,Standard
ACC_CUST03120,CUST03120,1,5,3,1,Good
ACC_CUST03121,CUST03121,4,7,12,1,Good
ACC_CUST03122,CUST03122,6,9,17,9,Bad
ACC_CUST03123,CUST03123,5,1,1,4,Good
ACC_CUST03124,CUST03124,4,3,6,0,Good
ACC_CUST03125,CUST03125,1,1,12,4,Good
ACC_CUST03126,CUST03126,5,6,11,0,Standard
ACC_CUST03127,CUST03127,8,3,23,2,Standard
ACC_CUST03128,CUST03128,1,3,8,1,Good
ACC_CUST03129,CUST03129,8,7,24,9,Bad
ACC_CUST03130,CUST03130,6,6,8,2,Good
ACC_CUST03131,CUST03131,2,3,1,0,Good
ACC_CUST03132,CUST03132,5,6,11,4,Standard
ACC_CUST03133,CUST03133,3,4,15,4,Standard
ACC_CUST03134,CUST03134,4,2,9,0,Good
ACC_CUST03135,CUST03135,8,7,27,6,Bad
ACC_CUST03136,CUST03136,6,4,4,3,Good
ACC_CUST03137,CUST03137,5,6,7,3,Standard
ACC_CUST03138,CUST03138,7,7,12,2,Good
ACC_CUST03139,CUST03139,5,2,3,4,Good
ACC_CUST03140,CUST03140,10,10,30,9,Bad
ACC_CUST03141,CUST03141,9,5,26,2,Standard
ACC_CUST03142,CUST03142,1,5,9,2,Good
ACC_CUST03143,CUST03143,4,5,11,4,Standard
ACC_CUST03144,CUST03144,5,4,5,1,Standard
ACC_CUST03145,CUST03145,9,8,33,8,Bad
ACC_CUST03146,CUST03146,0,4,11,0,Good
ACC_CUST03147,CUST03147,5,5,8,6,Standard
ACC_CUST03148,CUST03148,5,3,6,2,Standard
ACC_CUST03149,CUST03149,3,5,9,3,Standard
ACC_CUST03150,CUST03150,7,5,31,4,Standard
ACC_CUST03151,CUST03151,5,1,12,4,Good
ACC_CUST03152,CUST03152,1,5,1,3,Good
ACC_CUST03153,CUST03153,8,7,14,2,Standard
ACC_CUST03154,CUST03154,5,7,10,1,Good
ACC_CUST03155,CUST03155,5,4,8,0,Standard
ACC_CUST03156,CUST03156,5,3,7,0,Good
ACC_CUST03157,CUST03157,0,3,5,1,Good
ACC_CUST03158,CUST03158,5,5,28,7,Standard
ACC_CUST03160,CUST03160,3,6,34,7,Standard
ACC_CUST03161,CUST03161,10,10,29,5,Bad
ACC_CUST03162,CUST03162,3,3,11,1,Standard
ACC_CUST03163,CUST03163,5,3,12,2,Standard
ACC_CUST03164,CUST03164,9,8,30,3,Bad
ACC_CUST03165,CUST03165,1,1,12,1,Good
ACC_CUST03166,CUST03166,7,7,16,0,Standard
ACC_CUST03168,CUST03168,4,4,10,3,Standard
ACC_CUST03169,CUST03169,1,7,11,4,Good
ACC_CUST03170,CUST03170,4,4,13,4,Standard
ACC_CUST03171,CUST03171,3,4,3,4,Good
ACC_CUST03172,CUST03172,3,7,9,3,Standard
ACC_CUST03173,CUST03173,1,2,10,1,Good
ACC_CUST03174,CUST03174,1,5,9,1,Good
ACC_CUST03175,CUST03175,0,2,1,2,Good
ACC_CUST03176,CUST03176,0,3,11,3,Good
ACC_CUST03177,CUST03177,5,7,15,7,Standard
ACC_CUST03178,CUST03178,3,5,6,1,Standard
ACC_CUST03179,CUST03179,7,3,18,4,Standard
ACC_CUST03181,CUST03181,7,5,13,2,Standard
ACC_CUST03182,CUST03182,4,4,8,2,Standard
ACC_CUST03183,CUST03183,0,7,2,4,Good
ACC_CUST03184,CUST03184,8,8,30,5,Bad
ACC_CUST03185,CUST03185,6,7,30,5,Bad
ACC_CUST03186,CUST03186,10,7,34,6,Bad
ACC_CUST03187,CUST03187,5,3,2,4,Good
ACC_CUST03188,CUST03188,8,10,27,6,Bad
ACC_CUST03189,CUST03189,2,5,9,1,Good
ACC_CUST03190,CUST03190,1,7,8,4,Good
ACC_CUST03191,CUST03191,6,7,13,2,Standard
ACC_CUST03192,CUST03192,4,4,18,3,Standard
ACC_CUST03193,CUST03193,3,2,11,3,Good
ACC_CUST03194,CUST03194,8,7,4,0,Good
ACC_CUST03195,CUST03195,1,3,11,1,Good
ACC_CUST03197,CUST03197,3,5,18,2,Standard
ACC_CUST03198,CUST03198,4,2,4,1,Good
ACC_CUST03199,CUST03199,6,7,28,7,Bad
ACC_CUST03200,CUST03200,1,3,7,0,Good
ACC_CUST03201,CUST03201,8,9,32,7,Bad
ACC_CUST03202,CUST03202,8,6,17,5,Standard
ACC_CUST03204,CUST03204,6,6,16,2,Standard
ACC_CUST03205,CUST03205,4,7,5,0,Standard
ACC_CUST03206,CUST03206,6,7,19,4,Standard
ACC_CUST03207,CUST03207,6,5,19,7,Bad
ACC_CUST03208,CUST03208,5,6,31,5,Standard
ACC_CUST03210,CUST03210,6,8,23,5,Bad
ACC_CUST03211,CUST03211,3,5,17,4,Standard
ACC_CUST03212,CUST03212,9,5,32,6,Bad
ACC_CUST03213,CUST03213,8,5,8,1,Standard
ACC_CUST03214,CUST03214,9,9,29,5,Bad
ACC_CUST03215,CUST03215,3,4,12,2,Good
ACC_CUST03216,CUST03216,0,3,12,2,Good
ACC_CUST03217,CUST03217,5,6,33,3,Standard
ACC_CUST03218,CUST03218,5,4,5,1,Standard
ACC_CUST03219,CUST03219,5,5,15,3,Standard
ACC_CUST03220,CUST03220,7,5,17,6,Bad
ACC_CUST03222,CUST03222,8,9,18,6,Bad
ACC_CUST03223,CUST03223,6,5,18,3,Standard
ACC_CUST03224,CUST03224,7,4,18,6,Standard
ACC_CUST03225,CUST03225,4,3,12,1,Good
ACC_CUST03226,CUST03226,0,7,11,3,Good
ACC_CUST03227,CUST03227,10,7,18,6,Bad
ACC_CUST03228,CUST03228,1,5,10,2,Good
ACC_CUST03229,CUST03229,4,4,10,3,Good
ACC_CUST03230,CUST03230,8,10,26,2,Bad
ACC_CUST03231,CUST03231,0,6,5,2,Good
ACC_CUST03233,CUST03233,5,6,20,3,Standard
ACC_CUST03234,CUST03234,4,3,5,1,Standard
ACC_CUST03235,CUST03235,0,6,1,0,Good
ACC_CUST03236,CUST03236,3,5,14,0,Standard
ACC_CUST03237,CUST03237,6,5,15,6,Bad
ACC_CUST03239,CUST03239,6,6,18,4,Standard
ACC_CUST03241,CUST03241,7,10,32,6,Bad
ACC_CUST03242,CUST03242,9,5,16,5,Bad
ACC_CUST03244,CUST03244,7,5,18,4,Standard
ACC_CUST03245,CUST03245,0,2,12,3,Good
ACC_CUST03246,CUST03246,3,6,18,4,Standard
ACC_CUST03247,CUST03247,7,8,28,7,Bad
ACC_CUST03248,CUST03248,4,5,7,3,Standard
ACC_CUST03249,CUST03249,0,5,11,0,Good
ACC_CUST03250,CUST03250,4,4,9,0,Good
ACC_CUST03251,CUST03251,4,7,15,5,Standard
ACC_CUST03252,CUST03252,7,4,12,4,Standard
ACC_CUST03253,CUST03253,5,6,9,1,Good
ACC_CUST03254,CUST03254,8,6,11,2,Standard
ACC_CUST03255,CUST03255,6,10,22,8,Bad
ACC_CUST03256,CUST03256,0,3,3,3,Good
ACC_CUST03258,CUST03258,1,5,5,2,Good
ACC_CUST03259,CUST03259,1,5,3,3,Good
ACC_CUST03260,CUST03260,4,4,5,1,Good
ACC_CUST03261,CUST03261,5,7,9,2,Standard
ACC_CUST03262,CUST03262,7,3,5,0,Standard
ACC_CUST03263,CUST03263,6,9,33,6,Bad
ACC_CUST03264,CUST03264,6,6,9,6,Standard
ACC_CUST03265,CUST03265,2,2,12,2,Good
ACC_CUST03266,CUST03266,6,7,8,4,Standard
ACC_CUST03267,CUST03267,7,5,34,5,Bad
ACC_CUST03268,CUST03268,0,2,10,0,Good
ACC_CUST03269,CUST03269,5,4,4,0,Good
ACC_CUST03270,CUST03270,0,2,5,0,Good
ACC_CUST03271,CUST03271,5,3,6,4,Standard
ACC_CUST03272,CUST03272,6,5,19,3,Standard
ACC_CUST03273,CUST03273,3,4,6,2,Good
ACC_CUST03274,CUST03274,6,3,8,4,Standard
ACC_CUST03275,CUST03275,8,5,16,3,Standard
ACC_CUST03276,CUST03276,3,6,9,3,Good
ACC_CUST03277,CUST03277,0,7,10,0,Good
ACC_CUST03278,CUST03278,7,10,34,5,Standard
ACC_CUST03279,CUST03279,3,5,8,0,Standard
ACC_CUST03281,CUST03281,6,10,18,6,Standard
ACC_CUST03282,CUST03282,7,6,24,7,Bad
ACC_CUST03284,CUST03284,3,4,5,2,Good
ACC_CUST03285,CUST03285,4,3,20,7,Standard
ACC_CUST03286,CUST03286,10,7,20,9,Bad
ACC_CUST03287,CUST03287,3,3,7,2,Good
ACC_CUST03288,CUST03288,5,6,14,2,Standard
ACC_CUST03289,CUST03289,8,3,13,1,Standard
ACC_CUST03290,CUST03290,7,7,19,1,Standard
ACC_CUST03291,CUST03291,5,5,6,1,Good
ACC_CUST03292,CUST03292,8,6,10,3,Standard
ACC_CUST03293,CUST03293,9,9,21,8,Bad
ACC_CUST03294,CUST03294,5,5,9,5,Standard
ACC_CUST03295,CUST03295,8,9,31,4,Bad
ACC_CUST03296,CUST03296,4,5,11,1,Standard
ACC_CUST03297,CUST03297,10,8,30,6,Bad
ACC_CUST03298,CUST03298,8,7,7,1,Standard
ACC_CUST03299,CUST03299,7,6,26,7,Standard
ACC_CUST03300,CUST03300,8,4,3,3,Good
ACC_CUST03301,CUST03301,6,4,5,3,Standard
ACC_CUST03302,CUST03302,5,6,1,0,Good
ACC_CUST03304,CUST03304,6,5,11,2,Good
ACC_CUST03305,CUST03305,10,9,27,5,Standard
ACC_CUST03306,CUST03306,9,10,28,4,Standard
ACC_CUST03307,CUST03307,0,4,12,3,Good
ACC_CUST03308,CUST03308,3,6,15,3,Standard
ACC_CUST03309,CUST03309,4,7,2,4,Good
ACC_CUST03310,CUST03310,3,5,15,6,Standard
ACC_CUST03311,CUST03311,9,6,28,5,Bad
ACC_CUST03312,CUST03312,3,4,5,0,Good
ACC_CUST03313,CUST03313,3,3,8,3,Standard
ACC_CUST03314,CUST03314,2,1,12,0,Good
ACC_CUST03315,CUST03315,7,8,21,7,Standard
ACC_CUST03316,CUST03316,6,5,9,0,Standard
ACC_CUST03317,CUST03317,5,2,10,4,Good
ACC_CUST03318,CUST03318,7,4,6,4,Standard
ACC_CUST03319,CUST03319,6,7,8,0,Standard
ACC_CUST03320,CUST03320,7,5,6,1,Standard
ACC_CUST03321,CUST03321,4,6,7,0,Good
ACC_CUST03322,CUST03322,7,4,10,2,Standard
ACC_CUST03323,CUST03323,3,3,17,1,Standard
ACC_CUST03324,CUST03324,2,4,11,4,Good
ACC_CUST03325,CUST03325,8,8,22,7,Bad
ACC_CUST03326,CUST03326,2,7,7,4,Good
ACC_CUST03327,CUST03327,3,5,12,2,Good
ACC_CUST03328,CUST03328,3,2,6,2,Good
ACC_CUST03329,CUST03329,3,6,5,5,Standard
ACC_CUST03330,CUST03330,4,5,10,3,Good
ACC_CUST03331,CUST03331,5,7,13,4,Standard
ACC_CUST03332,CUST03332,5,4,12,4,Standard
ACC_CUST03333,CUST03333,6,6,14,2,Standard
ACC_CUST03334,CUST03334,9,9,23,9,Bad
ACC_CUST03335,CUST03335,4,7,13,2,Standard
ACC_CUST03336,CUST03336,7,6,18,3,Standard
ACC_CUST03337,CUST03337,3,7,3,2,Good
ACC_CUST03338,CUST03338,4,3,18,4,Standard
ACC_CUST03339,CUST03339,10,8,28,9,Bad
ACC_CUST03340,CUST03340,4,4,17,4,Standard
ACC_CUST03342,CUST03342,10,7,17,5,Bad
ACC_CUST03343,CUST03343,5,7,19,2,Standard
ACC_CUST03344,CUST03344,1,5,2,2,Good
ACC_CUST03345,CUST03345,7,4,19,0,Standard
ACC_CUST03346,CUST03346,8,4,9,0,Standard
ACC_CUST03347,CUST03347,7,4,6,1,Standard
ACC_CUST03348,CUST03348,1,6,12,3,Good
ACC_CUST03349,CUST03349,5,4,7,0,Good
ACC_CUST03350,CUST03350,4,5,12,0,Standard
ACC_CUST03351,CUST03351,10,6,31,5,Bad
ACC_CUST03352,CUST03352,8,6,9,0,Good
ACC_CUST03353,CUST03353,0,3,2,1,Good
ACC_CUST03354,CUST03354,5,4,10,2,Good
ACC_CUST03355,CUST03355,7,10,16,8,Bad
ACC_CUST03356,CUST03356,6,6,29,5,Bad
ACC_CUST03357,CUST03357,0,2,5,1,Good
ACC_CUST03358,CUST03358,7,5,24,4,Bad
ACC_CUST03359,CUST03359,3,5,11,0,Good
ACC_CUST03360,CUST03360,8,4,7,3,Standard
ACC_CUST03362,CUST03362,7,6,7,1,Standard
ACC_CUST03363,CUST03363,3,7,11,3,Good
ACC_CUST03364,CUST03364,5,7,9,4,Standard
ACC_CUST03365,CUST03365,6,8,18,4,Standard
ACC_CUST03366,CUST03366,3,6,12,0,Good
ACC_CUST03367,CUST03367,8,7,33,4,Bad
ACC_CUST03368,CUST03368,1,1,11,2,Good
ACC_CUST03369,CUST03369,5,5,10,2,Good
ACC_CUST03370,CUST03370,7,6,14,4,Standard
ACC_CUST03371,CUST03371,6,7,19,6,Standard
ACC_CUST03372,CUST03372,5,4,1,2,Good
ACC_CUST03373,CUST03373,9,7,30,8,Bad
ACC_CUST03374,CUST03374,8,6,11,4,Standard
ACC_CUST03375,CUST03375,4,2,4,4,Good
ACC_CUST03377,CUST03377,3,7,19,4,Standard
ACC_CUST03378,CUST03378,8,5,11,2,Good
ACC_CUST03379,CUST03379,0,5,4,1,Good
ACC_CUST03381,CUST03381,7,7,18,2,Standard
ACC_CUST03382,CUST03382,5,3,6,2,Good
ACC_CUST03383,CUST03383,8,5,20,6,Standard
ACC_CUST03384,CUST03384,6,4,7,1,Standard
ACC_CUST03385,CUST03385,4,6,16,2,Standard
ACC_CUST03386,CUST03386,3,5,7,2,Good
ACC_CUST03387,CUST03387,3,7,7,1,Standard
ACC_CUST03388,CUST03388,8,4,7,6,Standard
ACC_CUST03389,CUST03389,3,5,10,3,Good
ACC_CUST03390,CUST03390,1,3,4,4,Good
ACC_CUST03391,CUST03391,5,4,12,0,Good
ACC_CUST03392,CUST03392,8,9,25,8,Bad
ACC_CUST03393,CUST03393,5,5,6,0,Good
ACC_CUST03394,CUST03394,6,7,8,0,Standard
ACC_CUST03395,CUST03395,2,4,12,1,Good
ACC_CUST03396,CUST03396,8,4,11,0,Standard
ACC_CUST03397,CUST03397,3,2,8,3,Good
ACC_CUST03398,CUST03398,5,6,11,2,Standard
ACC_CUST03399,CUST03399,3,2,3,4,Good
ACC_CUST03400,CUST03400,7,3,16,4,Standard
ACC_CUST03401,CUST03401,5,4,12,4,Standard
ACC_CUST03402,CUST03402,4,3,21,7,Standard
ACC_CUST03403,CUST03403,3,7,13,6,Standard
ACC_CUST03404,CUST03404,7,4,7,2,Standard
ACC_CUST03405,CUST03405,1,7,5,4,Good
ACC_CUST03406,CUST03406,5,5,10,2,Standard
ACC_CUST03407,CUST03407,5,3,13,2,Standard
ACC_CUST03408,CUST03408,3,7,7,3,Good
ACC_CUST03409,CUST03409,0,4,5,3,Good
ACC_CUST03410,CUST03410,7,7,8,7,Standard
ACC_CUST03411,CUST03411,2,1,12,4,Good
ACC_CUST03413,CUST03413,3,4,1,1,Good
ACC_CUST03414,CUST03414,4,7,10,4,Standard
ACC_CUST03415,CUST03415,5,4,3,0,Good
ACC_CUST03416,CUST03416,1,3,4,3,Good
ACC_CUST03417,CUST03417,6,5,15,0,Standard
ACC_CUST03418,CUST03418,4,2,2,0,Good
ACC_CUST03419,CUST03419,8,7,30,5,Bad
ACC_CUST03420,CUST03420,4,5,12,0,Good
ACC_CUST03422,CUST03422,3,4,8,2,Standard
ACC_CUST03423,CUST03423,7,9,31,2,Bad
ACC_CUST03424,CUST03424,7,3,13,2,Standard
ACC_CUST03425,CUST03425,2,3,8,4,Good
ACC_CUST03426,CUST03426,5,3,11,0,Good
ACC_CUST03427,CUST03427,5,2,12,1,Good
ACC_CUST03428,CUST03428,8,7,21,4,Standard
ACC_CUST03429,CUST03429,7,10,15,5,Bad
ACC_CUST03430,CUST03430,5,6,19,2,Standard
ACC_CUST03431,CUST03431,0,1,12,1,Good
ACC_CUST03432,CUST03432,1,5,4,3,Good
ACC_CUST03433,CUST03433,3,4,5,4,Standard
ACC_CUST03434,CUST03434,3,3,3,0,Good
ACC_CUST03435,CUST03435,7,7,6,3,Standard
ACC_CUST03436,CUST03436,2,7,3,4,Good
ACC_CUST03437,CUST03437,2,4,11,4,Good
ACC_CUST03439,CUST03439,8,6,18,2,Bad
ACC_CUST03440,CUST03440,9,8,27,8,Bad
ACC_CUST03441,CUST03441,3,6,13,4,Standard
ACC_CUST03442,CUST03442,10,6,19,6,Bad
ACC_CUST03443,CUST03443,2,4,6,3,Good
ACC_CUST03444,CUST03444,5,7,2,3,Good
ACC_CUST03445,CUST03445,8,8,18,8,Bad
ACC_CUST03446,CUST03446,10,5,19,4,Bad
ACC_CUST03447,CUST03447,6,5,5,2,Standard
ACC_CUST03449,CUST03449,3,7,1,1,Good
ACC_CUST03450,CUST03450,0,7,8,4,Good
ACC_CUST03451,CUST03451,6,9,26,5,Standard
ACC_CUST03452,CUST03452,7,6,15,0,Standard
ACC_CUST03453,CUST03453,10,9,29,9,Bad
ACC_CUST03454,CUST03454,8,7,16,8,Bad
ACC_CUST03455,CUST03455,8,9,25,6,Bad
ACC_CUST03456,CUST03456,7,7,26,6,Standard
ACC_CUST03457,CUST03457,3,6,7,0,Good
ACC_CUST03458,CUST03458,4,4,4,2,Good
ACC_CUST03459,CUST03459,7,7,25,6,Bad
ACC_CUST03460,CUST03460,6,5,12,4,Standard
ACC_CUST03461,CUST03461,8,6,20,9,Bad
ACC_CUST03462,CUST03462,4,3,11,3,Good
ACC_CUST03463,CUST03463,3,4,13,1,Standard
ACC_CUST03464,CUST03464,3,7,11,0,Standard
ACC_CUST03465,CUST03465,4,4,7,1,Standard
ACC_CUST03466,CUST03466,4,5,11,2,Standard
ACC_CUST03467,CUST03467,5,3,18,3,Standard
ACC_CUST03468,CUST03468,4,5,18,3,Standard
ACC_CUST03469,CUST03469,4,4,14,3,Standard
ACC_CUST03470,CUST03470,6,8,24,7,Bad
ACC_CUST03471,CUST03471,4,6,12,0,Standard
ACC_CUST03472,CUST03472,3,7,9,4,Standard
ACC_CUST03473,CUST03473,1,5,6,0,Good
ACC_CUST03474,CUST03474,8,6,4,2,Good
ACC_CUST03475,CUST03475,8,9,15,4,Standard
ACC_CUST03476,CUST03476,8,5,8,0,Standard
ACC_CUST03477,CUST03477,4,6,3,3,Good
ACC_CUST03478,CUST03478,4,3,5,1,Good
ACC_CUST03479,CUST03479,6,10,26,5,Bad
ACC_CUST03480,CUST03480,10,8,32,9,Bad
ACC_CUST03481,CUST03481,4,4,3,3,Good
ACC_CUST03482,CUST03482,8,4,19,1,Standard
ACC_CUST03483,CUST03483,10,7,22,9,Bad
ACC_CUST03484,CUST03484,4,3,3,4,Good
ACC_CUST03485,CUST03485,8,5,15,7,Bad
ACC_CUST03486,CUST03486,9,9,25,7,Bad
ACC_CUST03487,CUST03487,9,5,34,2,Bad
ACC_CUST03488,CUST03488,10,5,29,5,Bad
ACC_CUST03489,CUST03489,5,5,6,2,Standard
ACC_CUST03490,CUST03490,5,6,18,2,Standard
ACC_CUST03491,CUST03491,1,3,9,2,Good
ACC_CUST03492,CUST03492,9,6,22,6,Bad
ACC_CUST03493,CUST03493,10,6,25,2,Standard
ACC_CUST03494,CUST03494,3,7,16,7,Standard
ACC_CUST03496,CUST03496,4,7,17,4,Standard
ACC_CUST03497,CUST03497,3,7,10,1,Good
ACC_CUST03498,CUST03498,4,4,19,3,Standard
ACC_CUST03499,CUST03499,8,6,17,1,Standard
ACC_CUST03500,CUST03500,1,5,7,0,Good
ACC_CUST03501,CUST03501,8,3,20,1,Standard
ACC_CUST03502,CUST03502,6,5,29,5,Bad
ACC_CUST03503,CUST03503,9,10,27,4,Standard
ACC_CUST03504,CUST03504,3,7,20,4,Standard
ACC_CUST03505,CUST03505,6,5,23,5,Standard
ACC_CUST03506,CUST03506,10,8,16,5,Bad
ACC_CUST03507,CUST03507,10,8,28,8,Bad
ACC_CUST03508,CUST03508,6,4,9,4,Standard
ACC_CUST03509,CUST03509,7,5,19,1,Standard
ACC_CUST03510,CUST03510,6,5,5,3,Standard
ACC_CUST03511,CUST03511,7,3,23,3,Standard
ACC_CUST03512,CUST03512,2,3,6,3,Good
ACC_CUST03513,CUST03513,8,4,12,3,Standard
ACC_CUST03514,CUST03514,2,5,5,3,Good
ACC_CUST03515,CUST03515,7,3,11,4,Standard
ACC_CUST03516,CUST03516,0,7,4,3,Good
ACC_CUST03517,CUST03517,7,3,8,1,Standard
ACC_CUST03518,CUST03518,9,6,26,5,Bad
ACC_CUST03519,CUST03519,4,4,12,4,Good
ACC_CUST03520,CUST03520,6,5,5,7,Standard
ACC_CUST03521,CUST03521,6,5,20,3,Standard
ACC_CUST03522,CUST03522,4,3,3,2,Good
ACC_CUST03523,CUST03523,5,7,4,1,Good
ACC_CUST03524,CUST03524,8,3,19,1,Standard
ACC_CUST03525,CUST03525,8,4,15,7,Standard
ACC_CUST03526,CUST03526,6,8,32,3,Bad
ACC_CUST03527,CUST03527,8,3,15,7,Standard
ACC_CUST03528,CUST03528,10,8,25,2,Standard
ACC_CUST03529,CUST03529,4,7,17,2,Standard
ACC_CUST03530,CUST03530,9,6,22,8,Bad
ACC_CUST03531,CUST03531,9,6,23,4,Bad
ACC_CUST03532,CUST03532,10,10,31,7,Bad
ACC_CUST03534,CUST03534,8,8,33,6,Bad
ACC_CUST03535,CUST03535,1,4,1,4,Good
ACC_CUST03536,CUST03536,4,6,16,4,Standard
ACC_CUST03537,CUST03537,4,6,25,7,Standard
ACC_CUST03538,CUST03538,5,7,12,3,Good
ACC_CUST03539,CUST03539,4,7,10,1,Good
ACC_CUST03540,CUST03540,7,7,18,6,Bad
ACC_CUST03541,CUST03541,5,3,11,1,Good
ACC_CUST03542,CUST03542,4,1,8,1,Good
ACC_CUST03543,CUST03543,7,10,27,6,Standard
ACC_CUST03544,CUST03544,7,6,11,0,Standard
ACC_CUST03545,CUST03545,5,3,7,3,Standard
ACC_CUST03546,CUST03546,5,3,10,1,Standard
ACC_CUST03547,CUST03547,6,4,9,2,Good
ACC_CUST03548,CUST03548,3,5,20,4,Standard
ACC_CUST03549,CUST03549,5,5,7,1,Standard
ACC_CUST03550,CUST03550,0,2,2,4,Good
ACC_CUST03551,CUST03551,10,8,17,7,Bad
ACC_CUST03552,CUST03552,7,5,14,7,Standard
ACC_CUST03553,CUST03553,7,3,11,0,Standard
ACC_CUST03554,CUST03554,7,4,15,2,Standard
ACC_CUST03555,CUST03555,7,5,12,4,Standard
ACC_CUST03556,CUST03556,5,7,1,0,Good
ACC_CUST03558,CUST03558,8,10,28,2,Standard
ACC_CUST03559,CUST03559,3,5,20,4,Standard
ACC_CUST03560,CUST03560,3,3,5,1,Standard
ACC_CUST03561,CUST03561,6,5,15,5,Standard
ACC_CUST03562,CUST03562,1,3,4,4,Good
ACC_CUST03563,CUST03563,1,3,4,3,Good
ACC_CUST03564,CUST03564,8,10,21,7,Standard
ACC_CUST03565,CUST03565,2,7,8,2,Good
ACC_CUST03566,CUST03566,10,8,30,5,Bad
ACC_CUST03567,CUST03567,3,3,8,4,Standard
ACC_CUST03568,CUST03568,10,6,23,9,Bad
ACC_CUST03569,CUST03569,4,4,18,3,Standard
ACC_CUST03570,CUST03570,9,5,26,7,Bad
ACC_CUST03571,CUST03571,4,7,14,0,Standard
ACC_CUST03572,CUST03572,9,8,15,7,Bad
ACC_CUST03574,CUST03574,10,9,27,8,Bad
ACC_CUST03575,CUST03575,7,5,10,3,Standard
ACC_CUST03576,CUST03576,0,3,4,2,Good
ACC_CUST03577,CUST03577,3,5,7,1,Standard
ACC_CUST03578,CUST03578,0,7,5,0,Good
ACC_CUST03579,CUST03579,5,7,4,4,Good
ACC_CUST03580,CUST03580,2,4,12,2,Good
ACC_CUST03581,CUST03581,6,6,29,2,Bad
ACC_CUST03582,CUST03582,3,7,28,5,Standard
ACC_CUST03583,CUST03583,9,9,34,7,Bad
ACC_CUST03585,CUST03585,0,3,8,1,Good
ACC_CUST03586,CUST03586,2,2,7,1,Good
ACC_CUST03587,CUST03587,7,8,32,6,Bad
ACC_CUST03588,CUST03588,7,5,34,7,Bad
ACC_CUST03589,CUST03589,1,7,6,2,Good
ACC_CUST03590,CUST03590,3,5,4,0,Good
ACC_CUST03591,CUST03591,4,4,17,1,Standard
ACC_CUST03592,CUST03592,4,6,6,4,Standard
ACC_CUST03593,CUST03593,8,7,14,1,Standard
ACC_CUST03595,CUST03595,8,3,10,1,Standard
ACC_CUST03596,CUST03596,3,6,4,1,Good
ACC_CUST03597,CUST03597,8,7,15,5,Bad
ACC_CUST03598,CUST03598,5,4,1,4,Good
ACC_CUST03600,CUST03600,8,5,13,1,Standard
ACC_CUST03601,CUST03601,7,3,17,2,Standard
ACC_CUST03602,CUST03602,5,3,20,5,Standard
ACC_CUST03603,CUST03603,10,5,16,7,Bad
ACC_CUST03604,CUST03604,10,10,16,6,Bad
ACC_CUST03605,CUST03605,5,3,9,4,Standard
ACC_CUST03606,CUST03606,6,7,7,2,Standard
ACC_CUST03607,CUST03607,4,7,9,2,Good
ACC_CUST03608,CUST03608,5,7,10,2,Standard
ACC_CUST03609,CUST03609,4,6,10,7,Standard
ACC_CUST03610,CUST03610,5,7,8,4,Standard
ACC_CUST03611,CUST03611,8,7,15,2,Standard
ACC_CUST03612,CUST03612,9,8,18,8,Bad
ACC_CUST03613,CUST03613,6,3,8,6,Standard
ACC_CUST03614,CUST03614,7,7,28,5,Bad
ACC_CUST03615,CUST03615,8,5,18,2,Standard
ACC_CUST03616,CUST03616,3,4,8,4,Standard
ACC_CUST03617,CUST03617,3,3,11,0,Good
ACC_CUST03618,CUST03618,2,2,4,4,Good
ACC_CUST03619,CUST03619,4,5,25,7,Standard
ACC_CUST03620,CUST03620,5,7,17,2,Standard
ACC_CUST03622,CUST03622,7,8,32,2,Standard
ACC_CUST03623,CUST03623,10,6,27,4,Standard
ACC_CUST03624,CUST03624,9,5,15,6,Standard
ACC_CUST03625,CUST03625,5,3,6,5,Standard
ACC_CUST03626,CUST03626,6,9,28,9,Bad
ACC_CUST03627,CUST03627,0,4,11,3,Good
ACC_CUST03628,CUST03628,4,5,18,3,Standard
ACC_CUST03629,CUST03629,7,8,22,8,Bad
ACC_CUST03630,CUST03630,7,5,13,6,Standard
ACC_CUST03631,CUST03631,3,7,14,0,Standard
ACC_CUST03632,CUST03632,0,3,5,3,Good
ACC_CUST03633,CUST03633,5,7,20,2,Standard
ACC_CUST03634,CUST03634,7,9,34,3,Bad
ACC_CUST03635,CUST03635,10,5,34,3,Standard
ACC_CUST03636,CUST03636,5,3,16,2,Standard
ACC_CUST03638,CUST03638,4,6,4,2,Good
ACC_CUST03639,CUST03639,3,5,2,0,Good
ACC_CUST03640,CUST03640,4,4,14,4,Standard
ACC_CUST03641,CUST03641,5,7,11,0,Good
ACC_CUST03642,CUST03642,9,6,22,8,Bad
ACC_CUST03643,CUST03643,6,5,10,2,Standard
ACC_CUST03644,CUST03644,8,7,29,9,Bad
ACC_CUST03645,CUST03645,1,6,12,2,Good
ACC_CUST03646,CUST03646,7,9,24,9,Bad
ACC_CUST03647,CUST03647,10,10,29,9,Bad
ACC_CUST03650,CUST03650,7,6,5,0,Standard
ACC_CUST03651,CUST03651,8,9,23,7,Bad
ACC_CUST03652,CUST03652,3,3,9,3,Good
ACC_CUST03653,CUST03653,0,6,6,0,Good
ACC_CUST03654,CUST03654,2,5,5,4,Good
ACC_CUST03655,CUST03655,3,5,11,1,Good
ACC_CUST03656,CUST03656,2,3,12,3,Good
ACC_CUST03657,CUST03657,4,4,2,1,Good
ACC_CUST03658,CUST03658,4,6,20,4,Standard
ACC_CUST03659,CUST03659,5,6,1,1,Standard
ACC_CUST03660,CUST03660,7,4,11,2,Standard
ACC_CUST03661,CUST03661,4,3,6,4,Standard
ACC_CUST03662,CUST03662,8,7,18,4,Standard
ACC_CUST03663,CUST03663,10,9,34,6,Bad
ACC_CUST03664,CUST03664,9,9,21,9,Bad
ACC_CUST03665,CUST03665,7,3,9,4,Standard
ACC_CUST03666,CUST03666,10,8,31,9,Bad
ACC_CUST03667,CUST03667,6,4,20,0,Standard
ACC_CUST03668,CUST03668,6,3,19,2,Standard
ACC_CUST03669,CUST03669,3,8,32,5,Standard
ACC_CUST03670,CUST03670,3,7,14,2,Standard
ACC_CUST03671,CUST03671,3,3,8,2,Standard
ACC_CUST03672,CUST03672,8,5,17,0,Standard
ACC_CUST03673,CUST03673,5,4,12,2,Standard
ACC_CUST03674,CUST03674,5,7,15,2,Standard
ACC_CUST03675,CUST03675,4,6,16,3,Standard
ACC_CUST03676,CUST03676,8,5,6,1,Standard
ACC_CUST03677,CUST03677,7,6,18,2,Standard
ACC_CUST03678,CUST03678,0,5,11,4,Good
ACC_CUST03679,CUST03679,4,7,11,2,Good
ACC_CUST03680,CUST03680,1,3,3,4,Good
ACC_CUST03681,CUST03681,3,6,18,2,Standard
ACC_CUST03682,CUST03682,7,6,17,4,Standard
ACC_CUST03683,CUST03683,8,7,6,1,Standard
ACC_CUST03684,CUST03684,2,6,6,1,Good
ACC_CUST03685,CUST03685,4,5,8,0,Standard
ACC_CUST03686,CUST03686,8,10,26,2,Bad
ACC_CUST03687,CUST03687,6,7,19,8,Bad
ACC_CUST03688,CUST03688,4,4,8,6,Standard
ACC_CUST03689,CUST03689,6,5,6,2,Standard
ACC_CUST03690,CUST03690,4,6,6,3,Good
ACC_CUST03691,CUST03691,8,7,13,2,Standard
ACC_CUST03692,CUST03692,2,7,7,1,Good
ACC_CUST03693,CUST03693,7,7,19,0,Standard
ACC_CUST03694,CUST03694,7,6,14,3,Standard
ACC_CUST03695,CUST03695,8,4,8,1,Standard
ACC_CUST03696,CUST03696,4,7,7,2,Good
ACC_CUST03697,CUST03697,7,8,22,3,Standard
ACC_CUST03699,CUST03699,10,10,21,8,Bad
ACC_CUST03701,CUST03701,5,7,9,3,Good
ACC_CUST03702,CUST03702,2,6,12,2,Good
ACC_CUST03703,CUST03703,2,5,1,2,Good
ACC_CUST03704,CUST03704,0,3,11,0,Good
ACC_CUST03705,CUST03705,8,5,24,7,Bad
ACC_CUST03706,CUST03706,1,2,3,2,Good
ACC_CUST03707,CUST03707,0,1,10,1,Good
ACC_CUST03708,CUST03708,3,1,10,1,Good
ACC_CUST03709,CUST03709,5,6,14,5,Standard
ACC_CUST03710,CUST03710,5,4,19,2,Standard
ACC_CUST03711,CUST03711,0,3,3,2,Good
ACC_CUST03712,CUST03712,5,6,7,4,Good
ACC_CUST03713,CUST03713,3,4,5,3,Good
ACC_CUST03714,CUST03714,9,7,20,2,Bad
ACC_CUST03715,CUST03715,4,3,7,3,Standard
ACC_CUST03716,CUST03716,6,5,10,0,Standard
ACC_CUST03717,CUST03717,7,6,18,1,Standard
ACC_CUST03718,CUST03718,3,6,11,1,Good
ACC_CUST03719,CUST03719,9,7,24,5,Bad
ACC_CUST03721,CUST03721,10,6,25,3,Bad
ACC_CUST03722,CUST03722,8,8,15,3,Standard
ACC_CUST03723,CUST03723,3,5,7,1,Good
ACC_CUST03724,CUST03724,7,7,33,6,Standard
ACC_CUST03725,CUST03725,0,5,2,1,Good
ACC_CUST03726,CUST03726,1,4,8,4,Good
ACC_CUST03727,CUST03727,7,4,17,6,Standard
ACC_CUST03728,CUST03728,3,4,1,2,Good
ACC_CUST03729,CUST03729,7,7,5,1,Good
ACC_CUST03730,CUST03730,6,10,22,8,Bad
ACC_CUST03731,CUST03731,4,6,10,3,Standard
ACC_CUST03732,CUST03732,5,5,12,0,Good
ACC_CUST03733,CUST03733,5,2,10,1,Good
ACC_CUST03734,CUST03734,4,7,5,0,Standard
ACC_CUST03735,CUST03735,8,7,19,5,Bad
ACC_CUST03736,CUST03736,9,7,24,5,Bad
ACC_CUST03737,CUST03737,7,4,10,6,Standard
ACC_CUST03738,CUST03738,5,6,3,1,Good
ACC_CUST03739,CUST03739,7,6,20,5,Standard
ACC_CUST03740,CUST03740,5,7,12,1,Good
ACC_CUST03741,CUST03741,0,4,2,2,Good
ACC_CUST03742,CUST03742,0,5,12,3,Good
ACC_CUST03743,CUST03743,9,8,26,5,Bad
ACC_CUST03744,CUST03744,1,7,5,3,Good
ACC_CUST03745,CUST03745,5,4,10,3,Good
ACC_CUST03746,CUST03746,7,4,11,4,Good
ACC_CUST03747,CUST03747,8,6,4,0,Standard
ACC_CUST03748,CUST03748,1,7,2,0,Good
ACC_CUST03750,CUST03750,5,7,6,3,Good
ACC_CUST03751,CUST03751,9,10,29,5,Bad
ACC_CUST03752,CUST03752,7,9,34,7,Bad
ACC_CUST03753,CUST03753,5,7,18,1,Standard
ACC_CUST03754,CUST03754,5,3,18,4,Standard
ACC_CUST03755,CUST03755,3,3,4,4,Good
ACC_CUST03756,CUST03756,7,6,31,7,Bad
ACC_CUST03757,CUST03757,0,5,4,1,Good
ACC_CUST03759,CUST03759,8,6,18,4,Standard
ACC_CUST03760,CUST03760,4,4,3,2,Good
ACC_CUST03761,CUST03761,9,5,31,7,Bad
ACC_CUST03764,CUST03764,5,7,12,4,Standard
ACC_CUST03765,CUST03765,9,10,30,4,Standard
ACC_CUST03766,CUST03766,3,7,5,4,Standard
ACC_CUST03767,CUST03767,6,3,9,3,Standard
ACC_CUST03768,CUST03768,5,6,8,2,Standard
ACC_CUST03769,CUST03769,2,4,6,4,Good
ACC_CUST03770,CUST03770,1,4,1,3,Good
ACC_CUST03771,CUST03771,6,4,10,3,Good
ACC_CUST03772,CUST03772,3,7,22,7,Standard
ACC_CUST03773,CUST03773,8,4,13,4,Standard
ACC_CUST03774,CUST03774,3,1,11,0,Good
ACC_CUST03775,CUST03775,1,4,12,3,Good
ACC_CUST03776,CUST03776,3,4,9,0,Good
ACC_CUST03777,CUST03777,7,6,33,5,Bad
ACC_CUST03778,CUST03778,2,5,9,4,Good
ACC_CUST03780,CUST03780,5,6,10,3,Standard
ACC_CUST03781,CUST03781,5,6,2,1,Good
ACC_CUST03782,CUST03782,8,7,22,7,Bad
ACC_CUST03783,CUST03783,8,5,18,2,Standard
ACC_CUST03784,CUST03784,5,7,15,0,Standard
ACC_CUST03785,CUST03785,1,6,3,2,Good
ACC_CUST03786,CUST03786,6,10,27,2,Bad
ACC_CUST03787,CUST03787,9,10,24,9,Bad
ACC_CUST03788,CUST03788,4,3,13,2,Standard
ACC_CUST03789,CUST03789,4,5,31,7,Standard
ACC_CUST03790,CUST03790,7,7,14,0,Standard
ACC_CUST03791,CUST03791,7,10,23,8,Bad
ACC_CUST03792,CUST03792,0,7,1,2,Good
ACC_CUST03793,CUST03793,1,1,2,1,Good
ACC_CUST03794,CUST03794,4,7,2,2,Good
ACC_CUST03796,CUST03796,9,7,26,7,Bad
ACC_CUST03797,CUST03797,6,8,19,3,Standard
ACC_CUST03798,CUST03798,1,3,1,0,Good
ACC_CUST03799,CUST03799,4,5,16,3,Standard
ACC_CUST03800,CUST03800,4,7,14,3,Standard
ACC_CUST03801,CUST03801,10,8,24,4,Bad
ACC_CUST03802,CUST03802,3,7,7,2,Standard
ACC_CUST03803,CUST03803,4,5,17,2,Standard
ACC_CUST03804,CUST03804,6,5,16,5,Bad
ACC_CUST03805,CUST03805,0,5,5,2,Good
ACC_CUST03806,CUST03806,9,5,23,7,Bad
ACC_CUST03807,CUST03807,0,2,4,4,Good
ACC_CUST03809,CUST03809,2,3,3,4,Good
ACC_CUST03810,CUST03810,10,8,17,6,Bad
ACC_CUST03811,CUST03811,7,5,17,3,Standard
ACC_CUST03812,CUST03812,1,2,8,0,Good
ACC_CUST03813,CUST03813,8,8,15,9,Bad
ACC_CUST03814,CUST03814,6,6,5,2,Standard
ACC_CUST03815,CUST03815,4,4,13,3,Standard
ACC_CUST03816,CUST03816,3,7,2,0,Standard
ACC_CUST03817,CUST03817,0,3,6,2,Good
ACC_CUST03818,CUST03818,8,6,13,3,Standard
ACC_CUST03819,CUST03819,1,3,3,1,Good
ACC_CUST03820,CUST03820,9,7,32,8,Bad
ACC_CUST03821,CUST03821,6,10,25,9,Bad
ACC_CUST03822,CUST03822,4,3,1,4,Standard
ACC_CUST03823,CUST03823,9,8,18,6,Bad
ACC_CUST03824,CUST03824,2,1,8,0,Good
ACC_CUST03825,CUST03825,6,3,10,6,Standard
ACC_CUST03826,CUST03826,3,3,17,6,Standard
ACC_CUST03828,CUST03828,5,7,9,4,Standard
ACC_CUST03829,CUST03829,5,4,7,4,Standard
ACC_CUST03830,CUST03830,5,6,6,4,Good
ACC_CUST03831,CUST03831,7,8,30,6,Bad
ACC_CUST03832,CUST03832,1,5,9,3,Good
ACC_CUST03833,CUST03833,8,9,28,6,Bad
ACC_CUST03834,CUST03834,7,7,7,4,Standard
ACC_CUST03836,CUST03836,6,4,6,1,Standard
ACC_CUST03837,CUST03837,5,7,3,0,Good
ACC_CUST03838,CUST03838,7,4,6,3,Standard
ACC_CUST03839,CUST03839,3,4,27,7,Standard
ACC_CUST03840,CUST03840,0,5,8,3,Good
ACC_CUST03841,CUST03841,5,6,9,4,Good
ACC_CUST03842,CUST03842,7,9,31,4,Standard
ACC_CUST03843,CUST03843,10,8,34,5,Bad
ACC_CUST03844,CUST03844,4,4,12,1,Good
ACC_CUST03845,CUST03845,3,3,17,0,Standard
ACC_CUST03846,CUST03846,7,10,24,5,Bad
ACC_CUST03847,CUST03847,6,7,27,7,Bad
ACC_CUST03848,CUST03848,6,9,34,8,Bad
ACC_CUST03849,CUST03849,9,7,26,4,Bad
ACC_CUST03851,CUST03851,5,5,8,4,Good
ACC_CUST03852,CUST03852,6,6,25,5,Standard
ACC_CUST03853,CUST03853,7,10,33,9,Bad
ACC_CUST03854,CUST03854,4,4,9,2,Good
ACC_CUST03855,CUST03855,5,7,4,3,Good
ACC_CUST03856,CUST03856,7,4,20,2,Standard
ACC_CUST03857,CUST03857,4,6,12,1,Good
ACC_CUST03858,CUST03858,8,7,16,6,Bad
ACC_CUST03859,CUST03859,8,7,24,9,Bad
ACC_CUST03860,CUST03860,4,5,6,4,Good
ACC_CUST03861,CUST03861,0,7,8,2,Good
ACC_CUST03862,CUST03862,7,10,26,6,Standard
ACC_CUST03863,CUST03863,10,10,18,2,Bad
ACC_CUST03864,CUST03864,3,4,8,5,Standard
ACC_CUST03865,CUST03865,6,4,18,5,Standard
ACC_CUST03866,CUST03866,0,2,10,0,Good
ACC_CUST03867,CUST03867,8,5,16,7,Standard
ACC_CUST03868,CUST03868,6,9,30,7,Standard
ACC_CUST03869,CUST03869,7,5,15,0,Standard
ACC_CUST03870,CUST03870,0,4,8,1,Good
ACC_CUST03871,CUST03871,7,5,15,9,Bad
ACC_CUST03872,CUST03872,7,6,24,5,Bad
ACC_CUST03873,CUST03873,2,1,5,0,Good
ACC_CUST03874,CUST03874,4,4,15,4,Standard
ACC_CUST03875,CUST03875,5,4,6,0,Good
ACC_CUST03876,CUST03876,8,5,24,7,Standard
ACC_CUST03877,CUST03877,4,4,10,4,Standard
ACC_CUST03878,CUST03878,3,6,5,2,Standard
ACC_CUST03879,CUST03879,7,5,16,2,Standard
ACC_CUST03880,CUST03880,3,5,13,4,Standard
ACC_CUST03882,CUST03882,5,4,15,4,Standard
ACC_CUST03883,CUST03883,6,4,17,2,Standard
ACC_CUST03884,CUST03884,5,10,26,6,Standard
ACC_CUST03885,CUST03885,6,5,34,3,Bad
ACC_CUST03886,CUST03886,4,6,10,2,Standard
ACC_CUST03887,CUST03887,3,7,8,2,Standard
ACC_CUST03888,CUST03888,6,7,19,8,Bad
ACC_CUST03889,CUST03889,4,3,7,3,Standard
ACC_CUST03890,CUST03890,6,10,17,5,Bad
ACC_CUST03891,CUST03891,8,6,9,7,Standard
ACC_CUST03892,CUST03892,7,6,5,3,Standard
ACC_CUST03893,CUST03893,8,9,25,7,Bad
ACC_CUST03894,CUST03894,7,3,16,1,Standard
ACC_CUST03895,CUST03895,3,5,2,3,Good
ACC_CUST03896,CUST03896,8,6,5,0,Standard
ACC_CUST03897,CUST03897,8,6,25,5,Bad
ACC_CUST03898,CUST03898,6,5,15,2,Standard
ACC_CUST03899,CUST03899,3,1,7,0,Good
ACC_CUST03900,CUST03900,9,5,22,4,Standard
ACC_CUST03901,CUST03901,2,3,12,3,Good
ACC_CUST03902,CUST03902,5,5,2,0,Good
ACC_CUST03903,CUST03903,0,3,12,2,Good
ACC_CUST03905,CUST03905,7,8,23,7,Standard
ACC_CUST03906,CUST03906,4,6,10,2,Standard
ACC_CUST03907,CUST03907,4,5,11,6,Standard
ACC_CUST03909,CUST03909,9,6,28,8,Bad
ACC_CUST03910,CUST03910,8,6,19,2,Standard
ACC_CUST03911,CUST03911,7,6,23,6,Bad
ACC_CUST03912,CUST03912,6,9,16,7,Bad
ACC_CUST03913,CUST03913,10,10,27,5,Bad
ACC_CUST03914,CUST03914,5,5,10,1,Standard
ACC_CUST03915,CUST03915,3,3,7,2,Good
ACC_CUST03916,CUST03916,1,7,12,1,Good
ACC_CUST03917,CUST03917,5,1,2,2,Good
ACC_CUST03918,CUST03918,0,7,2,2,Good
ACC_CUST03920,CUST03920,6,9,18,5,Bad
ACC_CUST03921,CUST03921,4,7,14,4,Standard
ACC_CUST03922,CUST03922,6,4,12,4,Standard
ACC_CUST03923,CUST03923,3,7,12,0,Standard
ACC_CUST03924,CUST03924,7,3,19,3,Standard
ACC_CUST03925,CUST03925,8,5,25,7,Bad
ACC_CUST03926,CUST03926,7,7,27,7,Bad
ACC_CUST03927,CUST03927,4,3,17,1,Standard
ACC_CUST03928,CUST03928,2,5,9,2,Good
ACC_CUST03929,CUST03929,4,3,6,2,Good
ACC_CUST03930,CUST03930,9,7,31,4,Bad
ACC_CUST03931,CUST03931,1,2,11,2,Good
ACC_CUST03932,CUST03932,4,7,12,3,Good
ACC_CUST03933,CUST03933,8,6,5,2,Standard
ACC_CUST03934,CUST03934,0,4,2,2,Good
ACC_CUST03935,CUST03935,3,7,5,4,Good
ACC_CUST03936,CUST03936,9,6,22,6,Bad
ACC_CUST03937,CUST03937,7,3,4,0,Good
ACC_CUST03938,CUST03938,6,7,3,3,Good
ACC_CUST03939,CUST03939,4,7,19,4,Standard
ACC_CUST03940,CUST03940,8,8,15,6,Bad
ACC_CUST03941,CUST03941,0,5,10,2,Good
ACC_CUST03942,CUST03942,6,5,8,2,Standard
ACC_CUST03943,CUST03943,4,7,19,4,Standard
ACC_CUST03944,CUST03944,5,6,5,0,Standard
ACC_CUST03945,CUST03945,8,8,26,6,Bad
ACC_CUST03946,CUST03946,6,8,28,7,Bad
ACC_CUST03947,CUST03947,3,6,7,0,Standard
ACC_CUST03948,CUST03948,7,3,12,4,Standard
ACC_CUST03949,CUST03949,8,4,7,0,Standard
ACC_CUST03950,CUST03950,10,9,21,7,Bad
ACC_CUST03951,CUST03951,5,7,24,5,Standard
ACC_CUST03952,CUST03952,4,6,8,1,Good
ACC_CUST03953,CUST03953,8,9,24,5,Bad
ACC_CUST03954,CUST03954,9,5,32,5,Bad
ACC_CUST03955,CUST03955,5,5,5,3,Good
ACC_CUST03956,CUST03956,6,4,20,6,Standard
ACC_CUST03957,CUST03957,4,7,20,0,Standard
ACC_CUST03958,CUST03958,5,3,13,3,Standard
ACC_CUST03959,CUST03959,3,7,5,3,Good
ACC_CUST03960,CUST03960,4,6,19,0,Standard
ACC_CUST03961,CUST03961,6,7,32,9,Bad
ACC_CUST03962,CUST03962,3,5,8,0,Good
ACC_CUST03963,CUST03963,9,9,26,8,Bad
ACC_CUST03964,CUST03964,0,6,1,3,Good
ACC_CUST03965,CUST03965,4,1,10,1,Good
ACC_CUST03966,CUST03966,0,4,2,0,Good
ACC_CUST03967,CUST03967,8,6,11,4,Standard
ACC_CUST03968,CUST03968,8,6,22,7,Bad
ACC_CUST03969,CUST03969,3,4,10,3,Standard
ACC_CUST03970,CUST03970,10,10,22,6,Bad
ACC_CUST03971,CUST03971,1,7,9,2,Good
ACC_CUST03972,CUST03972,10,6,15,2,Bad
ACC_CUST03973,CUST03973,5,7,9,1,Standard
ACC_CUST03974,CUST03974,8,7,24,7,Bad
ACC_CUST03975,CUST03975,3,4,14,2,Standard
ACC_CUST03976,CUST03976,4,3,7,4,Standard
ACC_CUST03977,CUST03977,2,2,5,4,Good
ACC_CUST03978,CUST03978,9,8,19,9,Bad
ACC_CUST03979,CUST03979,3,4,6,4,Good
ACC_CUST03980,CUST03980,5,5,11,0,Good
ACC_CUST03981,CUST03981,6,5,18,2,Standard
ACC_CUST03982,CUST03982,7,4,16,2,Standard
ACC_CUST03983,CUST03983,7,6,10,1,Standard
ACC_CUST03984,CUST03984,4,5,16,4,Standard
ACC_CUST03985,CUST03985,1,7,8,3,Good
ACC_CUST03986,CUST03986,3,5,9,3,Good
ACC_CUST03987,CUST03987,4,3,8,5,Standard
ACC_CUST03988,CUST03988,8,9,31,4,Bad
ACC_CUST03989,CUST03989,6,9,16,7,Standard
ACC_CUST03990,CUST03990,4,4,7,3,Good
ACC_CUST03991,CUST03991,4,3,10,3,Standard
ACC_CUST03992,CUST03992,5,5,8,1,Good
ACC_CUST03993,CUST03993,7,8,26,5,Bad
ACC_CUST03994,CUST03994,4,6,8,0,Standard
ACC_CUST03996,CUST03996,2,7,4,4,Good
ACC_CUST03997,CUST03997,6,3,8,3,Standard
ACC_CUST03998,CUST03998,3,4,12,3,Standard
ACC_CUST03999,CUST03999,8,6,25,5,Bad
ACC_CUST04000,CUST04000,6,3,9,3,Standard
ACC_CUST04001,CUST04001,1,6,1,0,Good
ACC_CUST04002,CUST04002,8,7,30,5,Bad
ACC_CUST04003,CUST04003,3,6,13,2,Standard
ACC_CUST04004,CUST04004,6,3,14,4,Standard
ACC_CUST04005,CUST04005,4,4,3,4,Good
ACC_CUST04006,CUST04006,0,3,10,1,Good
ACC_CUST04007,CUST04007,8,10,19,9,Bad
ACC_CUST04008,CUST04008,8,6,16,7,Standard
ACC_CUST04009,CUST04009,8,7,15,7,Standard
ACC_CUST04010,CUST04010,7,5,15,2,Standard
ACC_CUST04012,CUST04012,8,4,8,1,Standard
ACC_CUST04013,CUST04013,4,7,6,7,Standard
ACC_CUST04015,CUST04015,6,4,8,2,Good
ACC_CUST04016,CUST04016,6,5,8,4,Good
ACC_CUST04017,CUST04017,8,6,26,7,Bad
ACC_CUST04018,CUST04018,5,7,24,4,Standard
ACC_CUST04019,CUST04019,0,3,9,2,Good
ACC_CUST04020,CUST04020,6,7,6,4,Standard
ACC_CUST04021,CUST04021,5,3,19,2,Standard
ACC_CUST04022,CUST04022,5,4,6,1,Good
ACC_CUST04023,CUST04023,6,6,27,3,Standard
ACC_CUST04024,CUST04024,7,8,21,9,Bad
ACC_CUST04025,CUST04025,2,4,11,0,Good
ACC_CUST04026,CUST04026,3,7,14,3,Standard
ACC_CUST04027,CUST04027,2,4,9,0,Good
ACC_CUST04028,CUST04028,4,4,2,4,Good
ACC_CUST04029,CUST04029,4,3,9,4,Standard
ACC_CUST04030,CUST04030,8,7,8,0,Standard
ACC_CUST04031,CUST04031,4,6,6,4,Standard
ACC_CUST04032,CUST04032,6,4,10,3,Standard
ACC_CUST04034,CUST04034,7,6,1,2,Standard
ACC_CUST04035,CUST04035,6,3,8,1,Standard
ACC_CUST04036,CUST04036,5,4,10,0,Standard
ACC_CUST04037,CUST04037,5,5,5,3,Good
ACC_CUST04038,CUST04038,2,3,10,0,Good
ACC_CUST04039,CUST04039,5,5,33,3,Standard
ACC_CUST04040,CUST04040,7,10,21,7,Bad
ACC_CUST04041,CUST04041,5,4,20,4,Standard
ACC_CUST04042,CUST04042,3,4,19,3,Standard
ACC_CUST04043,CUST04043,2,4,6,3,Good
ACC_CUST04044,CUST04044,6,6,19,2,Standard
ACC_CUST04045,CUST04045,3,2,7,2,Good
ACC_CUST04046,CUST04046,3,4,11,0,Standard
ACC_CUST04047,CUST04047,9,5,18,3,Bad
ACC_CUST04048,CUST04048,2,4,11,1,Good
ACC_CUST04049,CUST04049,7,4,9,3,Standard
ACC_CUST04051,CUST04051,8,7,6,7,Standard
ACC_CUST04052,CUST04052,2,3,11,3,Good
ACC_CUST04053,CUST04053,7,5,9,3,Standard
ACC_CUST04055,CUST04055,8,3,10,0,Good
ACC_CUST04056,CUST04056,10,6,15,6,Bad
ACC_CUST04058,CUST04058,4,6,4,1,Good
ACC_CUST04059,CUST04059,5,3,23,5,Standard
ACC_CUST04060,CUST04060,9,10,30,3,Bad
ACC_CUST04061,CUST04061,4,4,6,7,Standard
ACC_CUST04062,CUST04062,5,4,8,0,Good
ACC_CUST04063,CUST04063,6,3,13,2,Standard
ACC_CUST04064,CUST04064,3,3,12,0,Good
ACC_CUST04066,CUST04066,8,7,33,9,Bad
ACC_CUST04067,CUST04067,2,7,2,2,Good
ACC_CUST04069,CUST04069,2,4,6,1,Good
ACC_CUST04070,CUST04070,5,7,12,3,Good
ACC_CUST04071,CUST04071,3,7,12,4,Standard
ACC_CUST04072,CUST04072,9,7,24,9,Bad
ACC_CUST04073,CUST04073,1,1,7,1,Good
ACC_CUST04074,CUST04074,0,3,8,3,Good
ACC_CUST04075,CUST04075,8,7,8,5,Standard
ACC_CUST04077,CUST04077,9,8,31,2,Bad
ACC_CUST04078,CUST04078,4,4,5,3,Good
ACC_CUST04079,CUST04079,9,6,21,9,Bad
ACC_CUST04080,CUST04080,10,5,33,5,Bad
ACC_CUST04081,CUST04081,9,7,15,8,Bad
ACC_CUST04082,CUST04082,3,3,24,2,Standard
ACC_CUST04083,CUST04083,6,6,7,4,Good
ACC_CUST04084,CUST04084,5,7,14,4,Standard
ACC_CUST04085,CUST04085,10,5,18,8,Bad
ACC_CUST04086,CUST04086,6,5,23,5,Bad
ACC_CUST04087,CUST04087,4,5,6,4,Standard
ACC_CUST04088,CUST04088,3,4,14,4,Standard
ACC_CUST04089,CUST04089,10,10,33,6,Bad
ACC_CUST04090,CUST04090,8,3,8,3,Standard
ACC_CUST04091,CUST04091,3,5,6,2,Standard
ACC_CUST04092,CUST04092,8,6,28,9,Bad
ACC_CUST04094,CUST04094,8,10,19,8,Bad
ACC_CUST04095,CUST04095,3,5,9,4,Good
ACC_CUST04096,CUST04096,1,1,4,4,Good
ACC_CUST04097,CUST04097,0,7,12,4,Good
ACC_CUST04098,CUST04098,3,3,7,4,Good
ACC_CUST04099,CUST04099,4,2,2,0,Good
ACC_CUST04100,CUST04100,10,7,21,6,Bad
ACC_CUST04102,CUST04102,8,3,15,4,Standard
ACC_CUST04103,CUST04103,8,7,22,8,Bad
ACC_CUST04104,CUST04104,8,8,29,7,Bad
ACC_CUST04105,CUST04105,7,5,17,0,Standard
ACC_CUST04106,CUST04106,7,6,16,6,Standard
ACC_CUST04107,CUST04107,2,5,12,0,Good
ACC_CUST04108,CUST04108,3,7,6,4,Standard
ACC_CUST04109,CUST04109,7,4,7,2,Standard
ACC_CUST04110,CUST04110,7,5,21,5,Bad
ACC_CUST04111,CUST04111,5,5,8,2,Good
ACC_CUST04112,CUST04112,5,7,17,1,Standard
ACC_CUST04113,CUST04113,3,3,28,7,Standard
ACC_CUST04114,CUST04114,8,5,13,4,Standard
ACC_CUST04115,CUST04115,4,7,1,3,Good
ACC_CUST04116,CUST04116,7,8,29,6,Bad
ACC_CUST04117,CUST04117,4,7,6,3,Good
ACC_CUST04118,CUST04118,5,4,17,4,Standard
ACC_CUST04119,CUST04119,0,5,10,2,Good
ACC_CUST04120,CUST04120,3,2,12,1,Good
ACC_CUST04121,CUST04121,4,4,16,7,Standard
ACC_CUST04122,CUST04122,6,3,18,2,Standard
ACC_CUST04123,CUST04123,5,5,27,7,Standard
ACC_CUST04124,CUST04124,5,6,8,4,Standard
ACC_CUST04125,CUST04125,4,7,10,5,Standard
ACC_CUST04126,CUST04126,3,4,19,0,Standard
ACC_CUST04128,CUST04128,1,4,7,0,Good
ACC_CUST04129,CUST04129,0,5,11,0,Good
ACC_CUST04130,CUST04130,0,3,9,3,Good
ACC_CUST04131,CUST04131,6,10,28,8,Bad
ACC_CUST04132,CUST04132,9,8,31,7,Bad
ACC_CUST04133,CUST04133,3,7,15,4,Standard
ACC_CUST04134,CUST04134,7,6,11,3,Standard
ACC_CUST04135,CUST04135,4,3,7,0,Good
ACC_CUST04137,CUST04137,0,6,12,4,Good
ACC_CUST04138,CUST04138,5,4,16,1,Standard
ACC_CUST04139,CUST04139,10,5,26,7,Bad
ACC_CUST04140,CUST04140,5,4,8,2,Standard
ACC_CUST04141,CUST04141,2,7,2,2,Good
ACC_CUST04142,CUST04142,4,6,16,2,Standard
ACC_CUST04143,CUST04143,7,10,21,2,Bad
ACC_CUST04144,CUST04144,10,7,26,9,Bad
ACC_CUST04145,CUST04145,6,9,18,7,Bad
ACC_CUST04146,CUST04146,0,1,1,1,Good
ACC_CUST04147,CUST04147,4,5,11,2,Good
ACC_CUST04149,CUST04149,6,7,8,1,Standard
ACC_CUST04150,CUST04150,3,7,3,1,Good
ACC_CUST04151,CUST04151,7,4,16,4,Standard
ACC_CUST04152,CUST04152,2,4,12,4,Good
ACC_CUST04153,CUST04153,3,2,1,2,Good
ACC_CUST04154,CUST04154,1,3,10,1,Good
ACC_CUST04155,CUST04155,3,5,20,7,Standard
ACC_CUST04156,CUST04156,5,5,11,4,Good
ACC_CUST04157,CUST04157,2,3,7,0,Good
ACC_CUST04158,CUST04158,4,5,15,7,Standard
ACC_CUST04159,CUST04159,8,5,16,2,Standard
ACC_CUST04160,CUST04160,10,10,17,6,Bad
ACC_CUST04161,CUST04161,8,3,18,3,Standard
ACC_CUST04163,CUST04163,2,3,7,1,Good
ACC_CUST04164,CUST04164,10,10,19,8,Bad
ACC_CUST04166,CUST04166,9,8,21,7,Bad
ACC_CUST04167,CUST04167,4,6,27,4,Standard
ACC_CUST04168,CUST04168,6,9,15,3,Bad
ACC_CUST04169,CUST04169,8,7,19,9,Bad
ACC_CUST04170,CUST04170,6,10,34,7,Standard
ACC_CUST04171,CUST04171,5,7,15,0,Standard
ACC_CUST04172,CUST04172,4,2,11,4,Good
ACC_CUST04173,CUST04173,8,7,8,6,Standard
ACC_CUST04175,CUST04175,4,7,20,3,Standard
ACC_CUST04176,CUST04176,7,10,15,2,Standard
ACC_CUST04177,CUST04177,9,7,29,6,Bad
ACC_CUST04178,CUST04178,3,3,4,4,Good
ACC_CUST04179,CUST04179,4,5,8,1,Standard
ACC_CUST04180,CUST04180,8,7,6,0,Standard
ACC_CUST04181,CUST04181,2,5,3,1,Good
ACC_CUST04182,CUST04182,4,6,4,0,Good
ACC_CUST04183,CUST04183,10,7,18,5,Bad
ACC_CUST04184,CUST04184,4,4,12,3,Good
ACC_CUST04185,CUST04185,6,5,8,1,Good
ACC_CUST04186,CUST04186,1,4,6,0,Good
ACC_CUST04187,CUST04187,7,10,29,6,Bad
ACC_CUST04188,CUST04188,3,9,25,6,Standard
ACC_CUST04189,CUST04189,0,7,8,3,Good
ACC_CUST04190,CUST04190,1,3,6,4,Good
ACC_CUST04191,CUST04191,1,5,3,3,Good
ACC_CUST04192,CUST04192,6,5,32,9,Bad
ACC_CUST04193,CUST04193,3,5,5,4,Good
ACC_CUST04194,CUST04194,9,5,18,7,Bad
ACC_CUST04195,CUST04195,4,4,1,3,Good
ACC_CUST04196,CUST04196,8,3,19,3,Standard
ACC_CUST04197,CUST04197,7,7,23,5,Standard
ACC_CUST04198,CUST04198,2,4,9,1,Good
ACC_CUST04199,CUST04199,8,10,24,7,Bad
ACC_CUST04200,CUST04200,9,10,23,5,Bad
ACC_CUST04201,CUST04201,7,5,30,5,Bad
ACC_CUST04202,CUST04202,9,8,18,6,Standard
ACC_CUST04204,CUST04204,6,6,19,1,Standard
ACC_CUST04205,CUST04205,7,4,18,4,Standard
ACC_CUST04206,CUST04206,4,4,6,2,Good
ACC_CUST04207,CUST04207,3,6,9,3,Good
ACC_CUST04208,CUST04208,8,7,8,2,Good
ACC_CUST04209,CUST04209,7,6,17,2,Standard
ACC_CUST04210,CUST04210,10,5,32,8,Bad
ACC_CUST04211,CUST04211,7,5,7,0,Standard
ACC_CUST04212,CUST04212,8,4,17,0,Standard
ACC_CUST04213,CUST04213,6,9,20,7,Bad
ACC_CUST04214,CUST04214,8,6,14,1,Standard
ACC_CUST04215,CUST04215,3,7,15,2,Standard
ACC_CUST04217,CUST04217,3,7,8,3,Standard
ACC_CUST04218,CUST04218,10,6,16,6,Bad
ACC_CUST04219,CUST04219,0,7,7,1,Good
ACC_CUST04220,CUST04220,8,9,23,3,Bad
ACC_CUST04221,CUST04221,3,5,12,2,Standard
ACC_CUST04222,CUST04222,8,7,3,4,Standard
ACC_CUST04223,CUST04223,5,3,10,3,Good
ACC_CUST04224,CUST04224,4,5,1,4,Good
ACC_CUST04225,CUST04225,4,5,10,3,Good
ACC_CUST04226,CUST04226,7,3,10,2,Standard
ACC_CUST04227,CUST04227,4,5,5,3,Standard
ACC_CUST04228,CUST04228,6,8,21,9,Bad
ACC_CUST04229,CUST04229,6,7,11,1,Standard
ACC_CUST04230,CUST04230,1,5,7,3,Good
ACC_CUST04231,CUST04231,9,10,22,7,Bad
ACC_CUST04232,CUST04232,3,3,17,3,Standard
ACC_CUST04233,CUST04233,5,6,20,0,Standard
ACC_CUST04234,CUST04234,9,7,23,8,Bad
ACC_CUST04235,CUST04235,8,3,18,1,Standard
ACC_CUST04236,CUST04236,8,7,33,5,Bad
ACC_CUST04237,CUST04237,0,4,10,1,Good
ACC_CUST04238,CUST04238,6,7,11,0,Standard
ACC_CUST04239,CUST04239,5,4,7,0,Good
ACC_CUST04240,CUST04240,5,3,29,5,Standard
ACC_CUST04241,CUST04241,3,7,9,0,Standard
ACC_CUST04242,CUST04242,3,4,4,4,Good
ACC_CUST04243,CUST04243,7,3,14,0,Standard
ACC_CUST04244,CUST04244,3,6,6,1,Good
ACC_CUST04245,CUST04245,1,4,2,4,Good
ACC_CUST04246,CUST04246,6,6,6,4,Standard
ACC_CUST04247,CUST04247,5,4,14,5,Standard
ACC_CUST04248,CUST04248,6,7,17,0,Standard
ACC_CUST04249,CUST04249,3,5,9,3,Standard
ACC_CUST04250,CUST04250,4,6,25,5,Standard
ACC_CUST04251,CUST04251,3,5,12,0,Good
ACC_CUST04252,CUST04252,7,5,12,2,Standard
ACC_CUST04253,CUST04253,1,4,9,4,Good
ACC_CUST04254,CUST04254,5,2,7,4,Good
ACC_CUST04255,CUST04255,3,3,10,2,Standard
ACC_CUST04256,CUST04256,7,7,8,1,Standard
ACC_CUST04257,CUST04257,10,10,21,6,Bad
ACC_CUST04258,CUST04258,1,6,12,0,Good
ACC_CUST04259,CUST04259,6,7,8,3,Standard
ACC_CUST04260,CUST04260,3,4,1,3,Good
ACC_CUST04261,CUST04261,8,8,33,5,Bad
ACC_CUST04262,CUST04262,3,4,5,1,Good
ACC_CUST04263,CUST04263,6,8,17,4,Bad
ACC_CUST04264,CUST04264,4,5,3,2,Good
ACC_CUST04265,CUST04265,3,4,14,4,Standard
ACC_CUST04266,CUST04266,6,9,23,5,Bad
ACC_CUST04267,CUST04267,7,3,15,1,Standard
ACC_CUST04268,CUST04268,1,7,10,4,Good
ACC_CUST04269,CUST04269,6,3,17,0,Standard
ACC_CUST04270,CUST04270,9,6,26,3,Standard
ACC_CUST04271,CUST04271,1,5,8,0,Good
ACC_CUST04272,CUST04272,7,9,18,6,Bad
ACC_CUST04273,CUST04273,5,2,5,3,Good
ACC_CUST04274,CUST04274,8,4,20,4,Standard
ACC_CUST04275,CUST04275,2,1,12,2,Good
ACC_CUST04276,CUST04276,7,10,18,8,Bad
ACC_CUST04277,CUST04277,6,5,13,7,Standard
ACC_CUST04278,CUST04278,1,5,5,4,Good
ACC_CUST04279,CUST04279,6,5,18,1,Standard
ACC_CUST04280,CUST04280,2,3,6,2,Good
ACC_CUST04281,CUST04281,7,4,11,2,Standard
ACC_CUST04283,CUST04283,5,4,5,3,Good
ACC_CUST04284,CUST04284,7,4,13,1,Standard
ACC_CUST04285,CUST04285,8,4,14,2,Standard
ACC_CUST04286,CUST04286,8,4,5,0,Standard
ACC_CUST04287,CUST04287,4,7,27,5,Standard
ACC_CUST04288,CUST04288,7,4,10,6,Standard
ACC_CUST04289,CUST04289,4,6,1,0,Good
ACC_CUST04290,CUST04290,5,5,16,4,Standard
ACC_CUST04291,CUST04291,4,5,2,1,Good
ACC_CUST04292,CUST04292,9,7,19,2,Bad
ACC_CUST04293,CUST04293,5,5,8,0,Good
ACC_CUST04295,CUST04295,4,4,4,1,Good
ACC_CUST04296,CUST04296,3,3,10,2,Standard
ACC_CUST04297,CUST04297,4,4,14,7,Standard
ACC_CUST04298,CUST04298,1,3,4,3,Good
ACC_CUST04299,CUST04299,9,10,15,5,Bad
ACC_CUST04300,CUST04300,10,9,31,2,Bad
ACC_CUST04301,CUST04301,3,3,20,4,Standard
ACC_CUST04303,CUST04303,3,5,5,2,Good
ACC_CUST04304,CUST04304,4,6,11,3,Standard
ACC_CUST04305,CUST04305,6,6,10,0,Standard
ACC_CUST04306,CUST04306,5,6,10,4,Standard
ACC_CUST04307,CUST04307,6,10,32,6,Bad
ACC_CUST04308,CUST04308,6,6,14,2,Standard
ACC_CUST04309,CUST04309,7,6,13,4,Standard
ACC_CUST04311,CUST04311,4,6,9,1,Good
ACC_CUST04312,CUST04312,7,9,25,6,Bad
ACC_CUST04313,CUST04313,4,3,19,0,Standard
ACC_CUST04314,CUST04314,8,7,12,4,Standard
ACC_CUST04315,CUST04315,8,6,24,8,Bad
ACC_CUST04316,CUST04316,7,8,32,8,Bad
ACC_CUST04317,CUST04317,8,7,31,5,Bad
ACC_CUST04318,CUST04318,3,4,18,1,Standard
ACC_CUST04319,CUST04319,3,5,7,3,Standard
ACC_CUST04321,CUST04321,9,5,27,8,Bad
ACC_CUST04322,CUST04322,3,6,13,4,Standard
ACC_CUST04323,CUST04323,6,8,23,2,Bad
ACC_CUST04324,CUST04324,4,6,20,2,Standard
ACC_CUST04325,CUST04325,6,7,27,2,Standard
ACC_CUST04326,CUST04326,9,7,15,8,Bad
ACC_CUST04327,CUST04327,4,5,10,3,Standard
ACC_CUST04328,CUST04328,4,5,19,7,Standard
ACC_CUST04330,CUST04330,0,3,3,0,Good
ACC_CUST04331,CUST04331,3,7,5,3,Good
ACC_CUST04332,CUST04332,4,3,20,5,Standard
ACC_CUST04333,CUST04333,9,9,25,8,Bad
ACC_CUST04334,CUST04334,7,5,10,2,Standard
ACC_CUST04335,CUST04335,3,3,9,4,Good
ACC_CUST04336,CUST04336,0,2,5,4,Good
ACC_CUST04337,CUST04337,0,3,9,2,Good
ACC_CUST04338,CUST04338,7,6,24,8,Bad
ACC_CUST04339,CUST04339,3,8,32,3,Standard
ACC_CUST04340,CUST04340,6,6,3,0,Good
ACC_CUST04341,CUST04341,3,9,19,7,Standard
ACC_CUST04342,CUST04342,5,5,7,4,Standard
ACC_CUST04343,CUST04343,7,9,33,2,Bad
ACC_CUST04344,CUST04344,10,7,20,3,Bad
ACC_CUST04345,CUST04345,3,1,6,4,Good
ACC_CUST04346,CUST04346,7,7,20,4,Standard
ACC_CUST04347,CUST04347,5,4,16,1,Standard
ACC_CUST04348,CUST04348,3,7,9,6,Standard
ACC_CUST04349,CUST04349,6,9,23,9,Bad
ACC_CUST04350,CUST04350,10,6,17,8,Bad
ACC_CUST04351,CUST04351,3,5,10,1,Standard
ACC_CUST04353,CUST04353,5,3,11,0,Standard
ACC_CUST04354,CUST04354,3,1,4,4,Good
ACC_CUST04355,CUST04355,5,3,18,2,Standard
ACC_CUST04356,CUST04356,6,5,22,9,Bad
ACC_CUST04357,CUST04357,6,8,16,9,Bad
ACC_CUST04358,CUST04358,8,5,24,4,Bad
ACC_CUST04359,CUST04359,4,4,7,6,Standard
ACC_CUST04360,CUST04360,5,3,15,5,Standard
ACC_CUST04361,CUST04361,8,7,5,2,Standard
ACC_CUST04362,CUST04362,3,4,11,3,Standard
ACC_CUST04363,CUST04363,10,9,31,4,Bad
ACC_CUST04364,CUST04364,6,6,1,2,Standard
ACC_CUST04365,CUST04365,0,5,10,3,Good
ACC_CUST04366,CUST04366,9,7,24,2,Bad
ACC_CUST04367,CUST04367,7,4,12,0,Good
ACC_CUST04368,CUST04368,3,4,9,2,Good
ACC_CUST04369,CUST04369,5,3,6,4,Standard
ACC_CUST04370,CUST04370,3,6,20,1,Standard
ACC_CUST04371,CUST04371,1,5,9,4,Good
ACC_CUST04372,CUST04372,9,9,29,2,Standard
ACC_CUST04373,CUST04373,7,7,9,1,Good
ACC_CUST04374,CUST04374,8,6,7,2,Standard
ACC_CUST04375,CUST04375,8,9,30,7,Bad
ACC_CUST04376,CUST04376,6,6,32,7,Standard
ACC_CUST04377,CUST04377,5,10,34,5,Standard
ACC_CUST04379,CUST04379,5,3,7,1,Good
ACC_CUST04380,CUST04380,3,6,10,4,Standard
ACC_CUST04381,CUST04381,10,5,26,9,Bad
ACC_CUST04382,CUST04382,9,10,28,6,Bad
ACC_CUST04383,CUST04383,4,6,18,7,Standard
ACC_CUST04384,CUST04384,3,5,16,2,Standard
ACC_CUST04385,CUST04385,3,7,34,5,Standard
ACC_CUST04386,CUST04386,8,7,14,7,Standard
ACC_CUST04387,CUST04387,1,6,8,1,Good
ACC_CUST04388,CUST04388,2,4,1,4,Good
ACC_CUST04389,CUST04389,6,7,21,5,Bad
ACC_CUST04390,CUST04390,6,7,18,2,Standard
ACC_CUST04392,CUST04392,5,7,15,0,Standard
ACC_CUST04393,CUST04393,3,5,6,1,Good
ACC_CUST04394,CUST04394,7,4,11,2,Standard
ACC_CUST04395,CUST04395,7,6,31,3,Standard
ACC_CUST04397,CUST04397,7,6,32,4,Standard
ACC_CUST04398,CUST04398,6,3,14,0,Standard
ACC_CUST04399,CUST04399,4,7,4,0,Good
ACC_CUST04400,CUST04400,8,7,20,8,Bad
ACC_CUST04401,CUST04401,4,4,6,4,Good
ACC_CUST04402,CUST04402,8,7,16,7,Standard
ACC_CUST04403,CUST04403,8,7,23,5,Bad
ACC_CUST04404,CUST04404,8,3,6,4,Standard
ACC_CUST04405,CUST04405,5,4,12,2,Standard
ACC_CUST04406,CUST04406,5,7,20,0,Standard
ACC_CUST04407,CUST04407,7,8,30,9,Bad
ACC_CUST04408,CUST04408,7,9,27,4,Bad
ACC_CUST04409,CUST04409,7,10,27,9,Bad
ACC_CUST04410,CUST04410,6,6,33,5,Bad
ACC_CUST04411,CUST04411,7,7,12,0,Standard
ACC_CUST04412,CUST04412,2,3,2,2,Good
ACC_CUST04413,CUST04413,6,4,6,2,Standard
ACC_CUST04414,CUST04414,5,5,20,0,Standard
ACC_CUST04415,CUST04415,4,7,13,0,Standard
ACC_CUST04416,CUST04416,7,6,22,9,Bad
ACC_CUST04417,CUST04417,7,10,19,5,Bad
ACC_CUST04418,CUST04418,3,6,9,1,Standard
ACC_CUST04419,CUST04419,10,7,16,9,Bad
ACC_CUST04420,CUST04420,5,4,30,7,Standard
ACC_CUST04421,CUST04421,7,6,20,4,Bad
ACC_CUST04422,CUST04422,4,5,7,3,Good
ACC_CUST04423,CUST04423,5,7,5,3,Standard
ACC_CUST04424,CUST04424,5,6,31,2,Standard
ACC_CUST04425,CUST04425,4,4,21,7,Standard
ACC_CUST04426,CUST04426,10,5,17,7,Bad
ACC_CUST04427,CUST04427,5,4,10,3,Good
ACC_CUST04428,CUST04428,7,7,12,3,Standard
ACC_CUST04429,CUST04429,9,8,18,7,Bad
ACC_CUST04430,CUST04430,8,3,13,1,Standard
ACC_CUST04432,CUST04432,4,6,11,1,Good
ACC_CUST04433,CUST04433,8,6,9,1,Standard
ACC_CUST04434,CUST04434,4,6,2,0,Good
ACC_CUST04435,CUST04435,1,5,9,3,Good
ACC_CUST04436,CUST04436,5,4,5,0,Good
ACC_CUST04437,CUST04437,0,4,4,4,Good
ACC_CUST04438,CUST04438,5,7,12,6,Standard
ACC_CUST04439,CUST04439,5,4,8,0,Good
ACC_CUST04440,CUST04440,6,7,12,7,Standard
ACC_CUST04441,CUST04441,3,6,10,0,Good
ACC_CUST04442,CUST04442,3,2,4,4,Good
ACC_CUST04443,CUST04443,7,6,15,2,Standard
ACC_CUST04444,CUST04444,4,3,6,2,Good
ACC_CUST04445,CUST04445,5,6,11,1,Good
ACC_CUST04446,CUST04446,1,3,4,2,Good
ACC_CUST04447,CUST04447,5,3,9,3,Good
ACC_CUST04448,CUST04448,3,6,9,4,Standard
ACC_CUST04449,CUST04449,3,3,13,2,Standard
ACC_CUST04450,CUST04450,9,6,32,9,Bad
ACC_CUST04451,CUST04451,5,7,5,1,Good
ACC_CUST04452,CUST04452,5,4,6,3,Standard
ACC_CUST04453,CUST04453,7,10,31,6,Standard
ACC_CUST04454,CUST04454,6,5,18,3,Standard
ACC_CUST04455,CUST04455,7,3,24,4,Standard
ACC_CUST04456,CUST04456,9,8,33,9,Bad
ACC_CUST04457,CUST04457,4,1,4,2,Good
ACC_CUST04458,CUST04458,8,8,16,5,Bad
ACC_CUST04459,CUST04459,10,6,34,6,Bad
ACC_CUST04460,CUST04460,9,8,21,6,Bad
ACC_CUST04461,CUST04461,0,2,6,3,Good
ACC_CUST04462,CUST04462,5,4,10,2,Standard
ACC_CUST04463,CUST04463,6,7,24,7,Bad
ACC_CUST04464,CUST04464,7,7,22,5,Standard
ACC_CUST04465,CUST04465,2,1,9,3,Good
ACC_CUST04466,CUST04466,6,7,22,5,Standard
ACC_CUST04467,CUST04467,4,3,7,3,Good
ACC_CUST04468,CUST04468,10,10,25,9,Bad
ACC_CUST04469,CUST04469,7,6,18,6,Bad
ACC_CUST04470,CUST04470,7,5,22,7,Bad
ACC_CUST04471,CUST04471,0,5,2,2,Good
ACC_CUST04472,CUST04472,1,4,9,2,Good
ACC_CUST04473,CUST04473,7,5,33,7,Bad
ACC_CUST04474,CUST04474,6,3,9,0,Standard
ACC_CUST04475,CUST04475,4,3,8,2,Good
ACC_CUST04476,CUST04476,8,4,8,0,Standard
ACC_CUST04477,CUST04477,5,4,11,1,Good
ACC_CUST04478,CUST04478,4,5,10,3,Good
ACC_CUST04479,CUST04479,5,6,1,0,Good
ACC_CUST04480,CUST04480,3,5,6,1,Standard
ACC_CUST04481,CUST04481,4,7,16,0,Standard
ACC_CUST04482,CUST04482,7,7,14,3,Standard
ACC_CUST04483,CUST04483,3,6,16,3,Standard
ACC_CUST04484,CUST04484,4,4,9,4,Standard
ACC_CUST04485,CUST04485,3,7,5,3,Standard
ACC_CUST04486,CUST04486,3,7,14,1,Standard
ACC_CUST04488,CUST04488,5,3,8,2,Good
ACC_CUST04489,CUST04489,7,5,31,5,Bad
ACC_CUST04490,CUST04490,6,9,17,5,Bad
ACC_CUST04492,CUST04492,9,5,22,6,Bad
ACC_CUST04493,CUST04493,5,2,3,0,Good
ACC_CUST04494,CUST04494,5,3,6,4,Standard
ACC_CUST04495,CUST04495,8,3,10,4,Standard
ACC_CUST04496,CUST04496,4,5,11,1,Good
ACC_CUST04497,CUST04497,10,6,33,2,Bad
ACC_CUST04498,CUST04498,0,5,7,3,Good
ACC_CUST04499,CUST04499,4,4,4,4,Good
ACC_CUST04500,CUST04500,5,5,17,2,Standard
ACC_CUST04501,CUST04501,0,7,4,2,Good
ACC_CUST04502,CUST04502,3,3,12,3,Good
ACC_CUST04503,CUST04503,8,3,19,3,Standard
ACC_CUST04504,CUST04504,7,5,26,6,Bad
ACC_CUST04505,CUST04505,9,5,34,7,Bad
ACC_CUST04506,CUST04506,7,3,3,2,Standard
ACC_CUST04507,CUST04507,10,8,23,7,Bad
ACC_CUST04508,CUST04508,1,3,3,1,Good
ACC_CUST04509,CUST04509,7,8,27,6,Bad
ACC_CUST04510,CUST04510,4,6,15,2,Standard
ACC_CUST04511,CUST04511,5,4,7,2,Good
ACC_CUST04512,CUST04512,6,5,16,7,Bad
ACC_CUST04513,CUST04513,7,7,25,7,Bad
ACC_CUST04514,CUST04514,4,7,19,2,Standard
ACC_CUST04515,CUST04515,3,4,6,4,Good
ACC_CUST04516,CUST04516,10,6,17,5,Bad
ACC_CUST04517,CUST04517,5,4,19,4,Standard
ACC_CUST04518,CUST04518,5,5,5,3,Good
ACC_CUST04519,CUST04519,6,3,34,6,Standard
ACC_CUST04520,CUST04520,7,6,25,3,Bad
ACC_CUST04521,CUST04521,0,5,12,3,Good
ACC_CUST04522,CUST04522,3,5,10,4,Good
ACC_CUST04524,CUST04524,7,7,24,2,Standard
ACC_CUST04525,CUST04525,2,6,1,1,Good
ACC_CUST04526,CUST04526,5,6,3,2,Good
ACC_CUST04527,CUST04527,5,7,6,4,Good
ACC_CUST04528,CUST04528,10,5,18,6,Bad
ACC_CUST04529,CUST04529,3,4,9,2,Good
ACC_CUST04530,CUST04530,4,5,16,2,Standard
ACC_CUST04531,CUST04531,5,7,15,2,Standard
ACC_CUST04532,CUST04532,3,6,17,4,Standard
ACC_CUST04533,CUST04533,9,7,27,5,Bad
ACC_CUST04534,CUST04534,4,3,19,2,Standard
ACC_CUST04535,CUST04535,7,3,5,4,Good
ACC_CUST04536,CUST04536,9,5,29,7,Bad
ACC_CUST04537,CUST04537,5,6,18,2,Standard
ACC_CUST04538,CUST04538,6,3,8,2,Standard
ACC_CUST04539,CUST04539,5,5,7,3,Standard
ACC_CUST04540,CUST04540,5,4,32,5,Standard
ACC_CUST04541,CUST04541,3,7,8,0,Good
ACC_CUST04542,CUST04542,8,7,23,2,Standard
ACC_CUST04543,CUST04543,6,4,8,1,Standard
ACC_CUST04544,CUST04544,5,3,8,1,Good
ACC_CUST04545,CUST04545,4,3,8,2,Standard
ACC_CUST04546,CUST04546,8,3,9,7,Standard
ACC_CUST04547,CUST04547,7,4,17,2,Standard
ACC_CUST04548,CUST04548,7,9,28,9,Bad
ACC_CUST04549,CUST04549,4,7,9,3,Good
ACC_CUST04550,CUST04550,4,7,18,7,Standard
ACC_CUST04551,CUST04551,3,6,9,2,Good
ACC_CUST04552,CUST04552,2,5,1,4,Good
ACC_CUST04553,CUST04553,5,4,8,1,Good
ACC_CUST04554,CUST04554,8,8,20,7,Bad
ACC_CUST04555,CUST04555,8,10,28,9,Bad
ACC_CUST04556,CUST04556,5,6,6,2,Standard
ACC_CUST04557,CUST04557,7,7,33,2,Bad
ACC_CUST04558,CUST04558,4,5,19,2,Standard
ACC_CUST04559,CUST04559,10,5,24,5,Bad
ACC_CUST04560,CUST04560,2,7,11,4,Good
ACC_CUST04561,CUST04561,9,8,29,8,Bad
ACC_CUST04562,CUST04562,7,10,16,5,Bad
ACC_CUST04563,CUST04563,8,7,7,6,Standard
ACC_CUST04564,CUST04564,4,6,17,6,Standard
ACC_CUST04565,CUST04565,5,5,5,2,Good
ACC_CUST04566,CUST04566,4,4,18,3,Standard
ACC_CUST04567,CUST04567,7,8,16,7,Bad
ACC_CUST04568,CUST04568,1,6,7,4,Good
ACC_CUST04569,CUST04569,9,7,33,8,Bad
ACC_CUST04570,CUST04570,2,6,11,1,Good
ACC_CUST04571,CUST04571,6,7,7,0,Standard
ACC_CUST04572,CUST04572,6,7,14,3,Standard
ACC_CUST04573,CUST04573,3,4,19,2,Standard
ACC_CUST04574,CUST04574,6,4,8,2,Good
ACC_CUST04575,CUST04575,4,3,10,3,Standard
ACC_CUST04576,CUST04576,3,5,12,2,Good
ACC_CUST04577,CUST04577,4,3,10,0,Standard
ACC_CUST04578,CUST04578,6,3,12,0,Good
ACC_CUST04579,CUST04579,7,6,33,5,Bad
ACC_CUST04580,CUST04580,6,4,17,3,Standard
ACC_CUST04581,CUST04581,4,4,7,3,Standard
ACC_CUST04582,CUST04582,6,6,30,8,Bad
ACC_CUST04583,CUST04583,4,1,7,0,Good
ACC_CUST04584,CUST04584,4,5,17,4,Standard
ACC_CUST04586,CUST04586,4,3,5,3,Standard
ACC_CUST04587,CUST04587,6,6,20,2,Standard
ACC_CUST04588,CUST04588,3,6,12,5,Standard
ACC_CUST04589,CUST04589,4,4,18,2,Standard
ACC_CUST04590,CUST04590,8,5,20,3,Standard
ACC_CUST04591,CUST04591,0,5,8,1,Good
ACC_CUST04592,CUST04592,8,3,29,6,Standard
ACC_CUST04593,CUST04593,10,5,20,5,Bad
ACC_CUST04594,CUST04594,6,8,26,6,Bad
ACC_CUST04595,CUST04595,3,1,7,2,Good
ACC_CUST04596,CUST04596,5,3,6,0,Good
ACC_CUST04597,CUST04597,4,4,5,4,Standard
ACC_CUST04598,CUST04598,3,7,19,4,Standard
ACC_CUST04599,CUST04599,8,4,14,1,Standard
ACC_CUST04600,CUST04600,6,9,25,6,Bad
ACC_CUST04601,CUST04601,10,7,33,7,Bad
ACC_CUST04602,CUST04602,9,8,26,3,Bad
ACC_CUST04603,CUST04603,4,4,16,3,Standard
ACC_CUST04604,CUST04604,8,8,19,6,Bad
ACC_CUST04605,CUST04605,4,2,11,4,Good
ACC_CUST04606,CUST04606,9,10,21,9,Bad
ACC_CUST04607,CUST04607,9,9,16,8,Bad
ACC_CUST04608,CUST04608,4,5,7,4,Standard
ACC_CUST04609,CUST04609,7,7,19,2,Standard
ACC_CUST04610,CUST04610,7,4,12,5,Standard
ACC_CUST04611,CUST04611,7,6,23,2,Bad
ACC_CUST04613,CUST04613,8,7,11,3,Standard
ACC_CUST04614,CUST04614,4,3,9,4,Standard
ACC_CUST04615,CUST04615,6,5,13,0,Standard
ACC_CUST04617,CUST04617,4,4,16,4,Standard
ACC_CUST04618,CUST04618,7,9,24,7,Bad
ACC_CUST04619,CUST04619,3,5,8,2,Good
ACC_CUST04620,CUST04620,7,6,10,0,Standard
ACC_CUST04621,CUST04621,8,9,24,2,Standard
ACC_CUST04623,CUST04623,7,5,13,1,Standard
ACC_CUST04624,CUST04624,8,6,21,9,Bad
ACC_CUST04625,CUST04625,8,6,20,6,Bad
ACC_CUST04626,CUST04626,3,7,9,4,Good
ACC_CUST04627,CUST04627,7,7,26,7,Standard
ACC_CUST04628,CUST04628,5,9,32,2,Standard
ACC_CUST04629,CUST04629,8,5,3,2,Good
ACC_CUST04630,CUST04630,6,8,23,9,Bad
ACC_CUST04631,CUST04631,6,5,15,3,Standard
ACC_CUST04632,CUST04632,3,7,13,1,Standard
ACC_CUST04633,CUST04633,3,7,12,4,Standard
ACC_CUST04634,CUST04634,2,5,11,4,Good
ACC_CUST04635,CUST04635,7,3,12,2,Standard
ACC_CUST04636,CUST04636,9,9,16,9,Bad
ACC_CUST04637,CUST04637,3,3,5,3,Standard
ACC_CUST04638,CUST04638,8,10,17,8,Bad
ACC_CUST04639,CUST04639,4,5,4,0,Good
ACC_CUST04640,CUST04640,8,4,11,1,Good
ACC_CUST04641,CUST04641,7,6,5,2,Standard
ACC_CUST04643,CUST04643,3,3,10,1,Good
ACC_CUST04644,CUST04644,0,5,3,3,Good
ACC_CUST04645,CUST04645,5,4,11,1,Good
ACC_CUST04646,CUST04646,8,6,17,9,Bad
ACC_CUST04647,CUST04647,5,5,11,0,Good
ACC_CUST04648,CUST04648,6,6,21,7,Standard
ACC_CUST04649,CUST04649,5,6,4,4,Good
ACC_CUST04650,CUST04650,8,10,16,6,Bad
ACC_CUST04651,CUST04651,5,6,12,0,Good
ACC_CUST04652,CUST04652,3,9,34,7,Standard
ACC_CUST04653,CUST04653,8,3,14,4,Standard
ACC_CUST04654,CUST04654,5,7,18,4,Standard
ACC_CUST04655,CUST04655,5,1,3,4,Good
ACC_CUST04656,CUST04656,9,9,28,5,Bad
ACC_CUST04657,CUST04657,5,4,27,5,Standard
ACC_CUST04658,CUST04658,3,5,7,2,Good
ACC_CUST04659,CUST04659,6,10,26,2,Standard
ACC_CUST04660,CUST04660,5,3,14,3,Standard
ACC_CUST04661,CUST04661,8,5,13,0,Standard
ACC_CUST04662,CUST04662,5,6,12,2,Standard
ACC_CUST04663,CUST04663,4,4,4,2,Standard
ACC_CUST04664,CUST04664,0,5,6,3,Good
ACC_CUST04665,CUST04665,0,7,6,3,Good
ACC_CUST04666,CUST04666,1,6,1,4,Good
ACC_CUST04667,CUST04667,6,10,25,8,Bad
ACC_CUST04668,CUST04668,6,4,8,3,Standard
ACC_CUST04669,CUST04669,8,4,5,7,Standard
ACC_CUST04670,CUST04670,2,4,4,4,Good
ACC_CUST04671,CUST04671,6,9,17,4,Standard
ACC_CUST04673,CUST04673,6,4,12,1,Standard
ACC_CUST04674,CUST04674,3,6,20,3,Standard
ACC_CUST04675,CUST04675,4,7,2,4,Good
ACC_CUST04676,CUST04676,3,4,14,5,Standard
ACC_CUST04677,CUST04677,3,3,19,1,Standard
ACC_CUST04678,CUST04678,3,6,20,2,Standard
ACC_CUST04679,CUST04679,6,4,13,3,Standard
ACC_CUST04681,CUST04681,1,2,2,2,Good
ACC_CUST04682,CUST04682,8,3,15,5,Standard
ACC_CUST04683,CUST04683,5,6,5,1,Standard
ACC_CUST04684,CUST04684,0,6,4,3,Good
ACC_CUST04685,CUST04685,4,4,13,2,Standard
ACC_CUST04686,CUST04686,4,5,17,4,Standard
ACC_CUST04687,CUST04687,9,6,17,6,Bad
ACC_CUST04688,CUST04688,4,5,11,2,Standard
ACC_CUST04689,CUST04689,8,6,17,7,Bad
ACC_CUST04690,CUST04690,7,6,12,2,Standard
ACC_CUST04691,CUST04691,8,6,24,5,Bad
ACC_CUST04692,CUST04692,9,9,20,9,Bad
ACC_CUST04693,CUST04693,2,2,7,2,Good
ACC_CUST04694,CUST04694,5,4,10,2,Standard
ACC_CUST04695,CUST04695,3,6,1,2,Good
ACC_CUST04696,CUST04696,3,7,11,2,Standard
ACC_CUST04697,CUST04697,10,6,18,7,Bad
ACC_CUST04698,CUST04698,4,5,6,3,Good
ACC_CUST04699,CUST04699,10,6,26,7,Bad
ACC_CUST04700,CUST04700,5,6,14,3,Standard
ACC_CUST04701,CUST04701,4,7,13,3,Standard
ACC_CUST04702,CUST04702,7,9,22,4,Bad
ACC_CUST04703,CUST04703,5,5,20,6,Standard
ACC_CUST04704,CUST04704,3,3,7,3,Good
ACC_CUST04705,CUST04705,7,3,20,2,Standard
ACC_CUST04706,CUST04706,6,4,11,1,Standard
ACC_CUST04707,CUST04707,3,5,3,0,Good
ACC_CUST04708,CUST04708,8,9,23,5,Bad
ACC_CUST04709,CUST04709,5,7,10,3,Standard
ACC_CUST04710,CUST04710,8,6,33,6,Standard
ACC_CUST04711,CUST04711,3,1,2,2,Good
ACC_CUST04712,CUST04712,1,3,10,1,Good
ACC_CUST04713,CUST04713,3,6,10,2,Good
ACC_CUST04714,CUST04714,5,4,9,3,Good
ACC_CUST04715,CUST04715,3,4,8,5,Standard
ACC_CUST04716,CUST04716,3,3,12,2,Standard
ACC_CUST04717,CUST04717,3,4,12,2,Good
ACC_CUST04718,CUST04718,0,4,6,3,Good
ACC_CUST04719,CUST04719,5,5,5,6,Standard
ACC_CUST04720,CUST04720,4,7,6,0,Standard
ACC_CUST04721,CUST04721,4,5,17,2,Standard
ACC_CUST04723,CUST04723,6,6,15,2,Standard
ACC_CUST04724,CUST04724,6,7,9,4,Standard
ACC_CUST04725,CUST04725,6,10,24,4,Standard
ACC_CUST04726,CUST04726,3,4,3,4,Good
ACC_CUST04727,CUST04727,4,6,9,0,Good
ACC_CUST04728,CUST04728,5,3,11,3,Good
ACC_CUST04729,CUST04729,3,2,8,1,Good
ACC_CUST04730,CUST04730,2,5,4,0,Good
ACC_CUST04731,CUST04731,3,3,1,4,Good
ACC_CUST04732,CUST04732,3,7,12,1,Standard
ACC_CUST04733,CUST04733,4,3,14,5,Standard
ACC_CUST04734,CUST04734,5,5,11,1,Standard
ACC_CUST04735,CUST04735,6,7,20,2,Standard
ACC_CUST04737,CUST04737,4,7,5,0,Good
ACC_CUST04738,CUST04738,7,8,28,6,Bad
ACC_CUST04739,CUST04739,7,6,13,5,Standard
ACC_CUST04740,CUST04740,6,6,8,2,Standard
ACC_CUST04741,CUST04741,1,3,9,1,Good
ACC_CUST04742,CUST04742,5,7,11,0,Standard
ACC_CUST04743,CUST04743,5,5,6,1,Good
ACC_CUST04744,CUST04744,7,10,19,2,Standard
ACC_CUST04746,CUST04746,7,7,21,3,Bad
ACC_CUST04748,CUST04748,10,9,33,3,Bad
ACC_CUST04749,CUST04749,8,6,15,7,Standard
ACC_CUST04750,CUST04750,6,7,22,6,Bad
ACC_CUST04751,CUST04751,8,6,30,2,Standard
ACC_CUST04752,CUST04752,5,4,1,3,Good
ACC_CUST04753,CUST04753,8,3,9,2,Standard
ACC_CUST04754,CUST04754,7,10,18,8,Bad
ACC_CUST04755,CUST04755,3,5,16,0,Standard
ACC_CUST04756,CUST04756,0,3,8,1,Good
ACC_CUST04757,CUST04757,9,6,15,3,Bad
ACC_CUST04758,CUST04758,4,7,7,4,Standard
ACC_CUST04759,CUST04759,3,4,6,4,Good
ACC_CUST04760,CUST04760,4,3,9,4,Good
ACC_CUST04761,CUST04761,6,6,16,5,Bad
ACC_CUST04762,CUST04762,3,5,19,0,Standard
ACC_CUST04763,CUST04763,5,3,17,1,Standard
ACC_CUST04764,CUST04764,9,10,19,8,Bad
ACC_CUST04765,CUST04765,5,4,5,1,Good
ACC_CUST04766,CUST04766,4,4,7,4,Standard
ACC_CUST04767,CUST04767,10,8,30,6,Bad
ACC_CUST04768,CUST04768,9,9,16,2,Standard
ACC_CUST04769,CUST04769,10,5,34,6,Bad
ACC_CUST04770,CUST04770,8,3,10,0,Standard
ACC_CUST04772,CUST04772,3,3,8,4,Good
ACC_CUST04773,CUST04773,4,3,18,3,Standard
ACC_CUST04774,CUST04774,7,5,19,2,Standard
ACC_CUST04775,CUST04775,10,6,16,9,Bad
ACC_CUST04776,CUST04776,4,3,6,5,Standard
ACC_CUST04777,CUST04777,4,3,18,3,Standard
ACC_CUST04778,CUST04778,6,6,16,5,Standard
ACC_CUST04779,CUST04779,5,7,17,4,Standard
ACC_CUST04780,CUST04780,5,4,5,1,Standard
ACC_CUST04781,CUST04781,7,7,17,3,Standard
ACC_CUST04782,CUST04782,10,5,16,2,Bad
ACC_CUST04783,CUST04783,1,5,9,1,Good
ACC_CUST04784,CUST04784,0,2,8,0,Good
ACC_CUST04785,CUST04785,8,5,15,0,Standard
ACC_CUST04786,CUST04786,5,2,11,2,Good
ACC_CUST04787,CUST04787,10,5,23,3,Standard
ACC_CUST04788,CUST04788,3,4,8,0,Good
ACC_CUST04789,CUST04789,5,7,14,3,Standard
ACC_CUST04790,CUST04790,3,5,13,4,Standard
ACC_CUST04791,CUST04791,4,5,9,7,Standard
ACC_CUST04792,CUST04792,4,7,2,0,Good
ACC_CUST04793,CUST04793,9,7,30,9,Bad
ACC_CUST04794,CUST04794,6,4,9,0,Standard
ACC_CUST04795,CUST04795,7,3,10,2,Good
ACC_CUST04796,CUST04796,9,7,26,9,Bad
ACC_CUST04797,CUST04797,9,8,27,5,Bad
ACC_CUST04798,CUST04798,10,8,33,7,Bad
ACC_CUST04799,CUST04799,3,5,16,1,Standard
ACC_CUST04800,CUST04800,8,4,5,3,Good
ACC_CUST04801,CUST04801,9,10,27,9,Bad
ACC_CUST04803,CUST04803,7,10,25,5,Bad
ACC_CUST04804,CUST04804,10,8,34,6,Bad
ACC_CUST04805,CUST04805,1,4,3,4,Good
ACC_CUST04806,CUST04806,8,7,19,4,Standard
ACC_CUST04807,CUST04807,3,5,4,1,Good
ACC_CUST04808,CUST04808,3,5,2,0,Good
ACC_CUST04809,CUST04809,5,4,7,1,Good
ACC_CUST04811,CUST04811,6,7,30,6,Bad
ACC_CUST04812,CUST04812,10,5,18,7,Bad
ACC_CUST04813,CUST04813,4,5,17,2,Standard
ACC_CUST04814,CUST04814,4,5,1,1,Good
ACC_CUST04815,CUST04815,6,6,25,7,Standard
ACC_CUST04816,CUST04816,6,6,16,2,Standard
ACC_CUST04819,CUST04819,10,5,28,6,Bad
ACC_CUST04820,CUST04820,1,3,8,2,Good
ACC_CUST04822,CUST04822,7,7,29,2,Standard
ACC_CUST04823,CUST04823,3,3,6,4,Standard
ACC_CUST04824,CUST04824,4,3,1,1,Good
ACC_CUST04825,CUST04825,10,5,30,6,Bad
ACC_CUST04826,CUST04826,7,7,7,0,Standard
ACC_CUST04827,CUST04827,5,3,3,3,Good
ACC_CUST04828,CUST04828,4,5,3,1,Good
ACC_CUST04829,CUST04829,3,3,20,3,Standard
ACC_CUST04830,CUST04830,8,6,16,3,Standard
ACC_CUST04831,CUST04831,4,4,11,2,Standard
ACC_CUST04832,CUST04832,8,9,21,9,Bad
ACC_CUST04833,CUST04833,8,5,6,2,Standard
ACC_CUST04834,CUST04834,8,10,29,6,Standard
ACC_CUST04835,CUST04835,5,5,17,7,Standard
ACC_CUST04836,CUST04836,3,5,10,0,Standard
ACC_CUST04837,CUST04837,0,5,8,3,Good
ACC_CUST04838,CUST04838,9,6,25,2,Standard
ACC_CUST04839,CUST04839,6,5,4,1,Good
ACC_CUST04840,CUST04840,4,4,9,2,Standard
ACC_CUST04841,CUST04841,6,6,28,8,Bad
ACC_CUST04842,CUST04842,2,1,8,3,Good
ACC_CUST04843,CUST04843,2,5,1,2,Good
ACC_CUST04844,CUST04844,0,7,2,3,Good
ACC_CUST04845,CUST04845,5,6,13,7,Standard
ACC_CUST04846,CUST04846,8,5,23,2,Bad
ACC_CUST04847,CUST04847,3,5,19,4,Standard
ACC_CUST04848,CUST04848,4,7,10,2,Good
ACC_CUST04849,CUST04849,10,9,28,4,Standard
ACC_CUST04850,CUST04850,9,7,26,2,Bad
ACC_CUST04851,CUST04851,0,3,11,0,Good
ACC_CUST04852,CUST04852,1,3,1,0,Good
ACC_CUST04853,CUST04853,6,7,16,2,Standard
ACC_CUST04855,CUST04855,4,4,27,6,Standard
ACC_CUST04856,CUST04856,5,3,9,0,Good
ACC_CUST04857,CUST04857,5,3,3,3,Good
ACC_CUST04858,CUST04858,3,5,11,7,Standard
ACC_CUST04859,CUST04859,6,5,20,6,Standard
ACC_CUST04860,CUST04860,4,6,18,1,Standard
ACC_CUST04861,CUST04861,0,4,3,1,Good
ACC_CUST04862,CUST04862,8,10,19,2,Standard
ACC_CUST04863,CUST04863,10,10,22,6,Bad
ACC_CUST04865,CUST04865,9,6,22,9,Bad
ACC_CUST04866,CUST04866,7,5,32,9,Bad
ACC_CUST04867,CUST04867,0,4,10,0,Good
ACC_CUST04868,CUST04868,5,6,19,5,Standard
ACC_CUST04869,CUST04869,10,8,18,4,Bad
ACC_CUST04870,CUST04870,2,3,3,0,Good
ACC_CUST04871,CUST04871,4,3,16,4,Standard
ACC_CUST04872,CUST04872,8,7,29,6,Standard
ACC_CUST04873,CUST04873,7,6,16,9,Bad
ACC_CUST04874,CUST04874,8,7,13,4,Standard
ACC_CUST04875,CUST04875,7,9,29,9,Bad
ACC_CUST04876,CUST04876,3,7,5,1,Standard
ACC_CUST04877,CUST04877,2,3,1,3,Good
ACC_CUST04878,CUST04878,5,7,14,6,Standard
ACC_CUST04879,CUST04879,4,2,4,0,Good
ACC_CUST04880,CUST04880,5,6,1,2,Good
ACC_CUST04881,CUST04881,5,6,3,4,Good
ACC_CUST04882,CUST04882,6,8,28,9,Bad
ACC_CUST04883,CUST04883,9,5,23,6,Bad
ACC_CUST04884,CUST04884,8,5,20,4,Standard
ACC_CUST04885,CUST04885,8,5,17,3,Standard
ACC_CUST04887,CUST04887,10,8,15,6,Bad
ACC_CUST04888,CUST04888,3,7,1,3,Good
ACC_CUST04889,CUST04889,8,7,8,7,Standard
ACC_CUST04890,CUST04890,6,8,23,9,Bad
ACC_CUST04891,CUST04891,5,3,15,1,Standard
ACC_CUST04892,CUST04892,8,9,29,5,Bad
ACC_CUST04893,CUST04893,6,6,18,3,Standard
ACC_CUST04894,CUST04894,4,2,2,1,Good
ACC_CUST04895,CUST04895,7,4,14,6,Standard
ACC_CUST04896,CUST04896,7,5,18,6,Standard
ACC_CUST04897,CUST04897,7,9,17,9,Bad
ACC_CUST04898,CUST04898,1,7,9,3,Good
ACC_CUST04900,CUST04900,7,5,18,1,Standard
ACC_CUST04901,CUST04901,9,5,29,8,Bad
ACC_CUST04902,CUST04902,3,7,12,2,Good
ACC_CUST04903,CUST04903,9,6,18,5,Bad
ACC_CUST04905,CUST04905,5,3,12,2,Standard
ACC_CUST04906,CUST04906,6,7,19,4,Bad
ACC_CUST04907,CUST04907,6,6,18,4,Standard
ACC_CUST04908,CUST04908,4,3,19,3,Standard
ACC_CUST04909,CUST04909,3,6,5,2,Standard
ACC_CUST04910,CUST04910,8,4,13,4,Standard
ACC_CUST04911,CUST04911,6,4,8,4,Standard
ACC_CUST04912,CUST04912,5,6,18,2,Standard
ACC_CUST04914,CUST04914,3,5,4,2,Good
ACC_CUST04915,CUST04915,6,5,12,1,Standard
ACC_CUST04916,CUST04916,4,6,9,2,Good
ACC_CUST04917,CUST04917,6,10,16,5,Bad
ACC_CUST04919,CUST04919,4,4,9,3,Standard
ACC_CUST04920,CUST04920,0,5,3,0,Good
ACC_CUST04921,CUST04921,3,4,12,0,Standard
ACC_CUST04922,CUST04922,2,3,1,3,Good
ACC_CUST04923,CUST04923,7,7,17,1,Standard
ACC_CUST04925,CUST04925,6,9,17,8,Bad
ACC_CUST04926,CUST04926,4,6,2,3,Good
ACC_CUST04927,CUST04927,9,5,34,6,Bad
ACC_CUST04928,CUST04928,4,1,1,1,Good
ACC_CUST04929,CUST04929,4,3,12,3,Good
ACC_CUST04930,CUST04930,3,4,2,4,Good
ACC_CUST04931,CUST04931,3,4,5,1,Good
ACC_CUST04933,CUST04933,1,2,9,4,Good
ACC_CUST04934,CUST04934,7,9,32,7,Bad
ACC_CUST04936,CUST04936,5,7,22,4,Standard
ACC_CUST04937,CUST04937,5,6,1,0,Good
ACC_CUST04938,CUST04938,0,2,5,0,Good
ACC_CUST04939,CUST04939,8,6,28,6,Standard
ACC_CUST04940,CUST04940,4,1,5,1,Good
ACC_CUST04941,CUST04941,3,3,17,4,Standard
ACC_CUST04942,CUST04942,8,7,7,0,Standard
ACC_CUST04943,CUST04943,6,5,13,3,Standard
ACC_CUST04944,CUST04944,5,3,2,0,Good
ACC_CUST04945,CUST04945,8,3,11,3,Good
ACC_CUST04946,CUST04946,2,6,6,4,Good
ACC_CUST04947,CUST04947,4,4,13,0,Standard
ACC_CUST04948,CUST04948,5,7,5,7,Standard
ACC_CUST04950,CUST04950,6,7,4,4,Good
ACC_CUST04951,CUST04951,6,3,8,1,Standard
ACC_CUST04952,CUST04952,4,1,3,2,Good
ACC_CUST04953,CUST04953,3,2,10,2,Good
ACC_CUST04954,CUST04954,4,7,24,3,Standard
ACC_CUST04955,CUST04955,3,5,6,2,Good
ACC_CUST04956,CUST04956,3,6,9,1,Good
ACC_CUST04957,CUST04957,4,3,5,2,Standard
ACC_CUST04958,CUST04958,1,4,3,1,Good
ACC_CUST04959,CUST04959,4,3,4,0,Good
ACC_CUST04961,CUST04961,7,5,29,5,Bad
ACC_CUST04962,CUST04962,7,6,12,4,Standard
ACC_CUST04963,CUST04963,3,4,16,4,Standard
ACC_CUST04964,CUST04964,3,7,1,0,Good
ACC_CUST04965,CUST04965,5,7,9,6,Standard
ACC_CUST04966,CUST04966,8,6,25,5,Bad
ACC_CUST04967,CUST04967,3,4,12,0,Standard
ACC_CUST04968,CUST04968,4,7,18,7,Standard
ACC_CUST04969,CUST04969,3,6,7,0,Standard
ACC_CUST04970,CUST04970,8,6,18,9,Bad
ACC_CUST04971,CUST04971,10,6,17,4,Standard
ACC_CUST04972,CUST04972,7,6,31,6,Bad
ACC_CUST04973,CUST04973,7,10,34,5,Bad
ACC_CUST04974,CUST04974,7,10,18,6,Bad
ACC_CUST04975,CUST04975,3,7,3,1,Good
ACC_CUST04976,CUST04976,0,4,4,0,Good
ACC_CUST04977,CUST04977,7,9,25,4,Bad
ACC_CUST04978,CUST04978,4,1,5,3,Good
ACC_CUST04979,CUST04979,4,5,15,3,Standard
ACC_CUST04980,CUST04980,2,3,7,1,Good
ACC_CUST04981,CUST04981,1,6,1,1,Good
ACC_CUST04983,CUST04983,9,5,15,5,Bad
ACC_CUST04984,CUST04984,3,5,15,3,Standard
ACC_CUST04985,CUST04985,4,7,6,2,Good
ACC_CUST04986,CUST04986,5,6,25,2,Standard
ACC_CUST04987,CUST04987,1,7,3,1,Good
ACC_CUST04988,CUST04988,3,3,12,4,Standard
ACC_CUST04989,CUST04989,1,7,4,0,Good
ACC_CUST04990,CUST04990,5,7,11,0,Good
ACC_CUST04991,CUST04991,8,10,32,3,Standard
ACC_CUST04992,CUST04992,6,7,26,7,Bad
ACC_CUST04993,CUST04993,0,3,8,1,Good
ACC_CUST04994,CUST04994,7,8,27,6,Standard
ACC_CUST04995,CUST04995,6,6,11,7,Standard
ACC_CUST04997,CUST04997,8,7,18,4,Standard
ACC_CUST04998,CUST04998,7,4,18,4,Standard
ACC_CUST05000,CUST05000,4,7,16,4,Standard
ACC_CUST05001,CUST05001,7,3,10,2,Standard
ACC_CUST05002,CUST05002,7,6,22,4,Standard
ACC_CUST05003,CUST05003,10,5,34,2,Bad
ACC_CUST05004,CUST05004,4,6,8,1,Good
ACC_CUST05005,CUST05005,3,7,7,1,Standard
ACC_CUST05006,CUST05006,4,3,15,3,Standard
ACC_CUST05007,CUST05007,8,4,16,3,Standard
ACC_CUST05008,CUST05008,10,8,28,2,Bad
ACC_CUST05009,CUST05009,1,7,8,0,Good
ACC_CUST05010,CUST05010,1,4,4,1,Good
ACC_CUST05011,CUST05011,5,5,2,1,Good
ACC_CUST05012,CUST05012,4,6,7,0,Good
ACC_CUST05013,CUST05013,7,7,21,5,Bad
ACC_CUST05014,CUST05014,3,4,9,3,Standard
ACC_CUST05015,CUST05015,9,8,21,6,Bad
ACC_CUST05016,CUST05016,9,5,22,6,Bad
ACC_CUST05018,CUST05018,4,4,9,3,Standard
ACC_CUST05019,CUST05019,6,7,30,2,Standard
ACC_CUST05020,CUST05020,5,6,1,0,Good
ACC_CUST05021,CUST05021,5,6,6,1,Standard
ACC_CUST05022,CUST05022,1,6,2,4,Good
ACC_CUST05023,CUST05023,6,6,29,4,Bad
ACC_CUST05024,CUST05024,2,4,9,3,Good
ACC_CUST05025,CUST05025,7,8,19,9,Bad
ACC_CUST05026,CUST05026,5,7,20,2,Standard
ACC_CUST05027,CUST05027,6,5,22,7,Bad
ACC_CUST05029,CUST05029,5,5,10,1,Good
ACC_CUST05030,CUST05030,0,1,3,2,Good
ACC_CUST05031,CUST05031,6,5,12,4,Good
ACC_CUST05032,CUST05032,10,10,24,3,Bad
ACC_CUST05033,CUST05033,5,3,18,0,Standard
ACC_CUST05034,CUST05034,1,5,8,0,Good
ACC_CUST05035,CUST05035,4,3,18,2,Standard
ACC_CUST05036,CUST05036,9,9,17,9,Bad
ACC_CUST05037,CUST05037,1,2,10,2,Good
ACC_CUST05038,CUST05038,6,8,25,6,Bad
ACC_CUST05039,CUST05039,10,7,19,9,Bad
ACC_CUST05040,CUST05040,2,3,4,2,Good
ACC_CUST05041,CUST05041,0,3,7,1,Good
ACC_CUST05042,CUST05042,3,3,6,3,Good
ACC_CUST05043,CUST05043,3,5,11,1,Good
ACC_CUST05044,CUST05044,3,3,20,4,Standard
ACC_CUST05045,CUST05045,7,6,17,2,Standard
ACC_CUST05046,CUST05046,10,9,25,2,Standard
ACC_CUST05047,CUST05047,5,3,9,1,Good
ACC_CUST05048,CUST05048,7,9,29,6,Bad
ACC_CUST05049,CUST05049,4,3,10,1,Standard
ACC_CUST05050,CUST05050,4,7,6,3,Good
ACC_CUST05051,CUST05051,8,6,22,7,Standard
ACC_CUST05052,CUST05052,8,9,30,7,Bad
ACC_CUST05053,CUST05053,4,4,5,2,Standard
ACC_CUST05054,CUST05054,6,5,16,3,Standard
ACC_CUST05055,CUST05055,4,7,7,3,Standard
ACC_CUST05056,CUST05056,1,4,8,4,Good
ACC_CUST05057,CUST05057,8,6,34,8,Bad
ACC_CUST05058,CUST05058,4,7,8,2,Good
ACC_CUST05059,CUST05059,9,10,25,7,Bad
ACC_CUST05060,CUST05060,9,6,27,6,Bad
ACC_CUST05061,CUST05061,7,4,10,7,Standard
ACC_CUST05062,CUST05062,4,5,7,1,Good
ACC_CUST05063,CUST05063,3,5,12,3,Good
ACC_CUST05064,CUST05064,4,4,8,3,Good
ACC_CUST05065,CUST05065,5,5,6,6,Standard
ACC_CUST05066,CUST05066,6,4,13,3,Standard
ACC_CUST05067,CUST05067,8,7,17,5,Bad
ACC_CUST05068,CUST05068,9,9,23,5,Bad
ACC_CUST05069,CUST05069,4,6,20,5,Standard
ACC_CUST05070,CUST05070,6,9,34,3,Bad
ACC_CUST05071,CUST05071,7,3,5,3,Standard
ACC_CUST05072,CUST05072,8,8,28,6,Bad
ACC_CUST05073,CUST05073,9,9,24,6,Bad
ACC_CUST05074,CUST05074,6,5,7,0,Standard
ACC_CUST05075,CUST05075,0,3,11,2,Good
ACC_CUST05076,CUST05076,4,6,6,2,Good
ACC_CUST05077,CUST05077,2,5,7,4,Good
ACC_CUST05078,CUST05078,6,8,15,5,Standard
ACC_CUST05079,CUST05079,6,5,10,4,Standard
ACC_CUST05080,CUST05080,8,5,18,5,Standard
ACC_CUST05081,CUST05081,1,7,6,1,Good
ACC_CUST05082,CUST05082,10,7,29,9,Bad
ACC_CUST05083,CUST05083,3,6,3,3,Good
ACC_CUST05084,CUST05084,1,7,8,2,Good
ACC_CUST05085,CUST05085,4,7,4,3,Good
ACC_CUST05086,CUST05086,6,5,16,6,Bad
ACC_CUST05087,CUST05087,9,5,25,8,Bad
ACC_CUST05088,CUST05088,7,5,16,3,Bad
ACC_CUST05089,CUST05089,8,5,15,7,Bad
ACC_CUST05090,CUST05090,3,5,12,4,Good
ACC_CUST05091,CUST05091,5,3,19,6,Standard
ACC_CUST05092,CUST05092,7,6,13,4,Standard
ACC_CUST05093,CUST05093,9,10,18,5,Bad
ACC_CUST05094,CUST05094,7,6,20,6,Standard
ACC_CUST05095,CUST05095,5,7,15,7,Standard
ACC_CUST05096,CUST05096,2,1,6,3,Good
ACC_CUST05097,CUST05097,3,6,6,2,Good
ACC_CUST05098,CUST05098,5,3,7,2,Good
ACC_CUST05099,CUST05099,3,3,9,0,Good
ACC_CUST05100,CUST05100,0,5,11,4,Good
ACC_CUST05101,CUST05101,8,8,15,4,Bad
ACC_CUST05102,CUST05102,0,7,7,3,Good
ACC_CUST05103,CUST05103,4,6,15,0,Standard
ACC_CUST05104,CUST05104,9,8,33,5,Bad
ACC_CUST05105,CUST05105,3,5,16,0,Standard
ACC_CUST05106,CUST05106,7,8,28,6,Bad
ACC_CUST05107,CUST05107,4,3,22,4,Standard
ACC_CUST05108,CUST05108,5,7,11,2,Good
ACC_CUST05109,CUST05109,9,6,23,6,Standard
ACC_CUST05110,CUST05110,10,8,30,7,Bad
ACC_CUST05111,CUST05111,4,5,8,0,Good
ACC_CUST05112,CUST05112,9,8,30,4,Bad
ACC_CUST05113,CUST05113,0,1,3,3,Good
ACC_CUST05114,CUST05114,6,6,6,3,Standard
ACC_CUST05115,CUST05115,7,7,33,5,Bad
ACC_CUST05116,CUST05116,6,9,20,7,Standard
ACC_CUST05117,CUST05117,7,10,21,2,Standard
ACC_CUST05118,CUST05118,6,4,18,3,Standard
ACC_CUST05119,CUST05119,8,6,17,3,Standard
ACC_CUST05120,CUST05120,4,7,4,2,Good
ACC_CUST05121,CUST05121,6,8,16,6,Bad
ACC_CUST05122,CUST05122,7,3,19,4,Standard
ACC_CUST05123,CUST05123,8,4,15,4,Standard
ACC_CUST05124,CUST05124,0,4,6,2,Good
ACC_CUST05125,CUST05125,8,10,32,7,Bad
ACC_CUST05126,CUST05126,10,9,22,7,Bad
ACC_CUST05127,CUST05127,7,8,33,2,Bad
ACC_CUST05128,CUST05128,5,3,18,4,Standard
ACC_CUST05129,CUST05129,5,4,8,0,Standard
ACC_CUST05131,CUST05131,4,1,12,2,Good
ACC_CUST05132,CUST05132,5,5,2,1,Good
ACC_CUST05133,CUST05133,6,7,18,6,Standard
ACC_CUST05134,CUST05134,7,3,9,4,Standard
ACC_CUST05135,CUST05135,5,5,14,3,Standard
ACC_CUST05136,CUST05136,0,4,7,0,Good
ACC_CUST05137,CUST05137,8,5,9,4,Standard
ACC_CUST05138,CUST05138,7,5,9,4,Standard
ACC_CUST05139,CUST05139,8,5,11,1,Standard
ACC_CUST05140,CUST05140,6,4,14,1,Standard
ACC_CUST05141,CUST05141,10,6,25,5,Bad
ACC_CUST05142,CUST05142,3,4,19,2,Standard
ACC_CUST05143,CUST05143,5,7,20,5,Standard
ACC_CUST05144,CUST05144,8,6,7,0,Good
ACC_CUST05145,CUST05145,10,10,27,5,Standard
ACC_CUST05146,CUST05146,2,6,11,1,Good
ACC_CUST05147,CUST05147,8,6,9,2,Standard
ACC_CUST05148,CUST05148,2,5,11,3,Good
ACC_CUST05149,CUST05149,9,10,18,7,Bad
ACC_CUST05150,CUST05150,6,5,23,5,Bad
ACC_CUST05151,CUST05151,6,8,29,8,Bad
ACC_CUST05152,CUST05152,6,6,20,0,Standard
ACC_CUST05153,CUST05153,8,6,31,7,Bad
ACC_CUST05154,CUST05154,4,8,23,3,Standard
ACC_CUST05155,CUST05155,4,4,14,4,Standard
ACC_CUST05156,CUST05156,8,6,24,6,Bad
ACC_CUST05157,CUST05157,6,6,18,6,Bad
ACC_CUST05158,CUST05158,7,5,18,5,Bad
ACC_CUST05159,CUST05159,6,3,7,3,Standard
ACC_CUST05160,CUST05160,7,6,13,4,Standard
ACC_CUST05161,CUST05161,3,5,14,3,Standard
ACC_CUST05162,CUST05162,0,5,7,4,Good
ACC_CUST05163,CUST05163,5,4,1,3,Good
ACC_CUST05164,CUST05164,3,4,8,1,Good
ACC_CUST05165,CUST05165,6,7,29,8,Bad
ACC_CUST05166,CUST05166,6,4,19,5,Standard
ACC_CUST05167,CUST05167,10,5,25,5,Bad
ACC_CUST05168,CUST05168,8,6,12,4,Standard
ACC_CUST05170,CUST05170,5,4,9,2,Standard
ACC_CUST05171,CUST05171,6,6,13,2,Standard
ACC_CUST05172,CUST05172,6,6,8,0,Standard
ACC_CUST05173,CUST05173,6,9,20,5,Bad
ACC_CUST05174,CUST05174,8,4,9,4,Standard
ACC_CUST05175,CUST05175,7,6,20,4,Standard
ACC_CUST05176,CUST05176,3,5,20,4,Standard
ACC_CUST05177,CUST05177,1,5,5,2,Good
ACC_CUST05178,CUST05178,10,7,29,7,Bad
ACC_CUST05179,CUST05179,4,3,17,6,Standard
ACC_CUST05180,CUST05180,4,5,33,6,Standard
ACC_CUST05181,CUST05181,6,9,23,7,Standard
ACC_CUST05182,CUST05182,10,6,26,4,Standard
ACC_CUST05183,CUST05183,10,5,31,7,Bad
ACC_CUST05184,CUST05184,5,3,2,4,Good
ACC_CUST05185,CUST05185,5,4,17,4,Standard
ACC_CUST05186,CUST05186,8,9,15,8,Bad
ACC_CUST05187,CUST05187,0,4,7,3,Good
ACC_CUST05188,CUST05188,4,4,17,3,Standard
ACC_CUST05189,CUST05189,8,7,33,5,Standard
ACC_CUST05190,CUST05190,4,4,10,3,Standard
ACC_CUST05191,CUST05191,8,5,15,5,Standard
ACC_CUST05192,CUST05192,8,6,10,0,Good
ACC_CUST05193,CUST05193,9,6,21,3,Standard
ACC_CUST05194,CUST05194,5,3,8,4,Good
ACC_CUST05195,CUST05195,6,8,30,8,Bad
ACC_CUST05196,CUST05196,6,7,19,4,Standard
ACC_CUST05197,CUST05197,4,6,7,4,Good
ACC_CUST05198,CUST05198,3,2,12,4,Good
ACC_CUST05199,CUST05199,5,4,14,6,Standard
ACC_CUST05200,CUST05200,6,10,30,7,Bad
ACC_CUST05201,CUST05201,3,5,10,0,Good
ACC_CUST05202,CUST05202,8,5,34,6,Bad
ACC_CUST05203,CUST05203,1,3,10,2,Good
ACC_CUST05204,CUST05204,8,4,6,4,Standard
ACC_CUST05205,CUST05205,5,7,10,4,Standard
ACC_CUST05206,CUST05206,2,5,2,4,Good
ACC_CUST05207,CUST05207,7,3,8,4,Standard
ACC_CUST05208,CUST05208,0,2,8,1,Good
ACC_CUST05209,CUST05209,2,5,11,3,Good
ACC_CUST05210,CUST05210,0,5,4,3,Good
ACC_CUST05211,CUST05211,4,4,31,6,Standard
ACC_CUST05212,CUST05212,6,4,3,3,Good
ACC_CUST05213,CUST05213,2,7,10,3,Good
ACC_CUST05214,CUST05214,3,5,9,4,Good
ACC_CUST05215,CUST05215,3,1,3,3,Good
ACC_CUST05216,CUST05216,10,8,31,8,Bad
ACC_CUST05217,CUST05217,6,5,20,2,Standard
ACC_CUST05218,CUST05218,6,7,32,5,Standard
ACC_CUST05219,CUST05219,6,8,23,9,Bad
ACC_CUST05220,CUST05220,5,4,6,4,Good
ACC_CUST05221,CUST05221,7,4,12,2,Good
ACC_CUST05222,CUST05222,4,4,15,2,Standard
ACC_CUST05223,CUST05223,5,4,20,5,Standard
ACC_CUST05224,CUST05224,2,1,4,3,Good
ACC_CUST05225,CUST05225,6,6,14,1,Standard
ACC_CUST05226,CUST05226,7,8,27,4,Bad
ACC_CUST05227,CUST05227,10,6,29,7,Bad
ACC_CUST05228,CUST05228,6,3,15,2,Standard
ACC_CUST05229,CUST05229,4,1,10,2,Good
ACC_CUST05230,CUST05230,9,8,17,8,Bad
ACC_CUST05231,CUST05231,6,4,12,5,Standard
ACC_CUST05232,CUST05232,1,7,9,4,Good
ACC_CUST05233,CUST05233,7,3,7,0,Good
ACC_CUST05234,CUST05234,3,6,8,0,Good
ACC_CUST05235,CUST05235,1,5,7,4,Good
ACC_CUST05236,CUST05236,4,5,5,1,Good
ACC_CUST05237,CUST05237,7,3,9,3,Good
ACC_CUST05238,CUST05238,7,9,24,6,Bad
ACC_CUST05239,CUST05239,2,6,12,4,Good
ACC_CUST05240,CUST05240,3,6,12,7,Standard
ACC_CUST05242,CUST05242,6,6,18,6,Bad
ACC_CUST05243,CUST05243,7,3,9,0,Standard
ACC_CUST05244,CUST05244,6,7,6,3,Good
ACC_CUST05245,CUST05245,4,5,5,7,Standard
ACC_CUST05246,CUST05246,8,5,24,3,Bad
ACC_CUST05247,CUST05247,7,8,26,9,Bad
ACC_CUST05248,CUST05248,3,4,2,1,Good
ACC_CUST05250,CUST05250,4,3,1,4,Good
ACC_CUST05251,CUST05251,7,10,25,9,Bad
ACC_CUST05252,CUST05252,3,4,13,2,Standard
ACC_CUST05253,CUST05253,2,3,3,1,Good
ACC_CUST05254,CUST05254,10,9,21,8,Bad
ACC_CUST05255,CUST05255,3,3,8,3,Good
ACC_CUST05256,CUST05256,8,9,30,8,Bad
ACC_CUST05257,CUST05257,1,6,12,3,Good
ACC_CUST05259,CUST05259,5,4,14,3,Standard
ACC_CUST05260,CUST05260,3,1,11,0,Good
ACC_CUST05261,CUST05261,5,6,3,1,Good
ACC_CUST05262,CUST05262,4,6,6,3,Good
ACC_CUST05263,CUST05263,6,5,6,0,Standard
ACC_CUST05264,CUST05264,8,7,25,9,Bad
ACC_CUST05265,CUST05265,1,5,3,1,Good
ACC_CUST05266,CUST05266,1,5,7,1,Good
ACC_CUST05267,CUST05267,1,3,8,1,Good
ACC_CUST05268,CUST05268,7,10,22,5,Bad
ACC_CUST05269,CUST05269,7,6,30,2,Bad
ACC_CUST05270,CUST05270,4,5,6,1,Standard
ACC_CUST05272,CUST05272,1,3,10,2,Good
ACC_CUST05273,CUST05273,8,6,29,6,Standard
ACC_CUST05274,CUST05274,8,3,20,4,Standard
ACC_CUST05275,CUST05275,1,6,9,3,Good
ACC_CUST05276,CUST05276,8,6,6,3,Standard
ACC_CUST05277,CUST05277,1,1,6,2,Good
ACC_CUST05278,CUST05278,10,10,28,5,Bad
ACC_CUST05279,CUST05279,4,3,11,3,Good
ACC_CUST05280,CUST05280,7,6,24,4,Standard
ACC_CUST05281,CUST05281,3,7,17,2,Standard
ACC_CUST05282,CUST05282,6,3,18,0,Standard
ACC_CUST05283,CUST05283,4,7,6,0,Standard
ACC_CUST05284,CUST05284,6,7,27,9,Bad
ACC_CUST05285,CUST05285,5,4,10,0,Good
ACC_CUST05286,CUST05286,2,5,3,0,Good
ACC_CUST05287,CUST05287,8,8,24,6,Bad
ACC_CUST05288,CUST05288,2,3,2,2,Good
ACC_CUST05289,CUST05289,5,3,15,2,Standard
ACC_CUST05290,CUST05290,6,7,15,3,Standard
ACC_CUST05291,CUST05291,2,3,2,1,Good
ACC_CUST05292,CUST05292,7,6,16,4,Standard
ACC_CUST05293,CUST05293,5,6,18,0,Standard
ACC_CUST05294,CUST05294,1,2,6,4,Good
ACC_CUST05295,CUST05295,10,8,34,5,Bad
ACC_CUST05296,CUST05296,2,7,9,1,Good
ACC_CUST05297,CUST05297,2,2,4,2,Good
ACC_CUST05298,CUST05298,2,5,10,4,Good
ACC_CUST05299,CUST05299,1,4,2,3,Good
ACC_CUST05300,CUST05300,3,2,7,2,Good
ACC_CUST05301,CUST05301,0,6,9,1,Good
ACC_CUST05302,CUST05302,6,9,16,4,Standard
ACC_CUST05303,CUST05303,3,5,4,3,Standard
ACC_CUST05304,CUST05304,6,4,12,0,Standard
ACC_CUST05305,CUST05305,7,7,17,7,Bad
ACC_CUST05306,CUST05306,10,5,22,8,Bad
ACC_CUST05307,CUST05307,5,3,8,4,Standard
ACC_CUST05308,CUST05308,8,6,31,2,Standard
ACC_CUST05309,CUST05309,6,5,5,2,Standard
ACC_CUST05310,CUST05310,4,2,9,3,Good
ACC_CUST05311,CUST05311,10,7,24,5,Standard
ACC_CUST05312,CUST05312,2,1,8,4,Good
ACC_CUST05313,CUST05313,8,4,16,3,Standard
ACC_CUST05314,CUST05314,0,7,4,4,Good
ACC_CUST05315,CUST05315,8,3,13,2,Standard
ACC_CUST05316,CUST05316,6,6,20,6,Standard
ACC_CUST05317,CUST05317,10,7,19,7,Bad
ACC_CUST05318,CUST05318,4,4,9,3,Good
ACC_CUST05319,CUST05319,6,4,12,4,Standard
ACC_CUST05320,CUST05320,4,3,6,1,Good
ACC_CUST05321,CUST05321,4,4,9,3,Standard
ACC_CUST05322,CUST05322,1,3,12,4,Good
ACC_CUST05323,CUST05323,4,5,4,1,Good
ACC_CUST05325,CUST05325,9,9,33,3,Bad
ACC_CUST05326,CUST05326,8,8,17,5,Standard
ACC_CUST05327,CUST05327,4,1,8,2,Good
ACC_CUST05328,CUST05328,5,4,10,3,Standard
ACC_CUST05329,CUST05329,7,4,20,4,Standard
ACC_CUST05330,CUST05330,5,3,3,4,Good
ACC_CUST05331,CUST05331,6,7,32,8,Bad
ACC_CUST05332,CUST05332,4,7,16,0,Standard
ACC_CUST05333,CUST05333,6,7,16,0,Standard
ACC_CUST05334,CUST05334,6,9,22,3,Standard
ACC_CUST05335,CUST05335,5,5,16,4,Standard
ACC_CUST05336,CUST05336,7,7,29,5,Bad
ACC_CUST05337,CUST05337,2,4,3,3,Good
ACC_CUST05338,CUST05338,5,5,6,3,Good
ACC_CUST05339,CUST05339,4,6,3,1,Standard
ACC_CUST05340,CUST05340,7,7,25,5,Bad
ACC_CUST05341,CUST05341,0,2,8,0,Good
ACC_CUST05342,CUST05342,4,7,19,2,Standard
ACC_CUST05343,CUST05343,9,10,32,6,Bad
ACC_CUST05344,CUST05344,1,3,2,4,Good
ACC_CUST05345,CUST05345,6,7,9,2,Standard
ACC_CUST05346,CUST05346,1,1,8,4,Good
ACC_CUST05347,CUST05347,7,10,34,5,Bad
ACC_CUST05348,CUST05348,1,6,11,3,Good
ACC_CUST05349,CUST05349,8,6,16,4,Standard
ACC_CUST05350,CUST05350,8,6,17,0,Standard
ACC_CUST05351,CUST05351,9,5,20,3,Bad
ACC_CUST05352,CUST05352,5,4,4,3,Good
ACC_CUST05353,CUST05353,10,5,27,7,Bad
ACC_CUST05354,CUST05354,3,3,16,0,Standard
ACC_CUST05355,CUST05355,5,4,15,1,Standard
ACC_CUST05356,CUST05356,5,5,1,4,Good
ACC_CUST05357,CUST05357,3,4,7,3,Good
ACC_CUST05358,CUST05358,4,3,11,0,Good
ACC_CUST05359,CUST05359,6,4,5,4,Standard
ACC_CUST05360,CUST05360,0,3,5,0,Good
ACC_CUST05361,CUST05361,1,5,6,1,Good
ACC_CUST05362,CUST05362,4,6,1,2,Good
ACC_CUST05363,CUST05363,7,4,9,4,Standard
ACC_CUST05364,CUST05364,6,7,18,9,Bad
ACC_CUST05366,CUST05366,5,3,3,2,Good
ACC_CUST05367,CUST05367,7,3,5,4,Standard
ACC_CUST05368,CUST05368,2,4,10,0,Good
ACC_CUST05369,CUST05369,4,5,2,0,Good
ACC_CUST05370,CUST05370,5,2,1,1,Good
ACC_CUST05371,CUST05371,8,5,13,4,Standard
ACC_CUST05372,CUST05372,6,8,28,8,Bad
ACC_CUST05373,CUST05373,6,4,17,6,Standard
ACC_CUST05374,CUST05374,6,9,29,2,Bad
ACC_CUST05375,CUST05375,7,7,10,2,Standard
ACC_CUST05376,CUST05376,6,10,18,5,Bad
ACC_CUST05377,CUST05377,10,5,21,3,Bad
ACC_CUST05378,CUST05378,7,6,15,2,Bad
ACC_CUST05379,CUST05379,9,7,17,6,Bad
ACC_CUST05380,CUST05380,10,10,26,3,Standard
ACC_CUST05381,CUST05381,7,3,13,5,Standard
ACC_CUST05382,CUST05382,5,4,17,3,Standard
ACC_CUST05383,CUST05383,8,5,33,7,Bad
ACC_CUST05384,CUST05384,7,3,20,2,Standard
ACC_CUST05385,CUST05385,4,3,17,7,Standard
ACC_CUST05386,CUST05386,2,7,8,4,Good
ACC_CUST05387,CUST05387,10,5,22,6,Bad
ACC_CUST05388,CUST05388,7,6,20,8,Bad
ACC_CUST05389,CUST05389,6,5,13,4,Standard
ACC_CUST05390,CUST05390,8,3,14,4,Standard
ACC_CUST05391,CUST05391,7,4,7,3,Standard
ACC_CUST05392,CUST05392,5,3,7,2,Good
ACC_CUST05393,CUST05393,6,7,15,3,Standard
ACC_CUST05394,CUST05394,5,3,14,1,Standard
ACC_CUST05395,CUST05395,1,7,5,0,Good
ACC_CUST05396,CUST05396,4,6,10,2,Standard
ACC_CUST05397,CUST05397,8,6,26,6,Bad
ACC_CUST05398,CUST05398,8,5,15,0,Standard
ACC_CUST05399,CUST05399,3,5,15,1,Standard
ACC_CUST05400,CUST05400,3,5,11,3,Standard
ACC_CUST05401,CUST05401,7,7,16,5,Standard
ACC_CUST05402,CUST05402,3,7,12,7,Standard
ACC_CUST05403,CUST05403,4,4,19,7,Standard
ACC_CUST05404,CUST05404,2,1,6,3,Good
ACC_CUST05405,CUST05405,8,4,9,2,Standard
ACC_CUST05406,CUST05406,6,3,15,2,Standard
ACC_CUST05407,CUST05407,5,7,19,0,Standard
ACC_CUST05408,CUST05408,8,7,26,5,Bad
ACC_CUST05409,CUST05409,6,8,34,8,Bad
ACC_CUST05410,CUST05410,7,5,28,6,Bad
ACC_CUST05411,CUST05411,7,3,19,4,Standard
ACC_CUST05412,CUST05412,5,5,6,2,Good
ACC_CUST05413,CUST05413,10,8,29,8,Bad
ACC_CUST05414,CUST05414,6,7,18,0,Standard
ACC_CUST05415,CUST05415,5,3,20,2,Standard
ACC_CUST05416,CUST05416,6,7,13,4,Standard
ACC_CUST05417,CUST05417,7,3,9,2,Standard
ACC_CUST05418,CUST05418,5,4,1,3,Good
ACC_CUST05419,CUST05419,5,5,7,4,Standard
ACC_CUST05420,CUST05420,8,6,19,2,Bad
ACC_CUST05421,CUST05421,6,4,5,2,Good
ACC_CUST05422,CUST05422,1,4,11,3,Good
ACC_CUST05424,CUST05424,8,3,10,2,Standard
ACC_CUST05425,CUST05425,7,10,19,9,Bad
ACC_CUST05426,CUST05426,6,6,18,7,Standard
ACC_CUST05427,CUST05427,6,10,31,6,Bad
ACC_CUST05428,CUST05428,9,7,17,6,Bad
ACC_CUST05429,CUST05429,8,4,8,2,Standard
ACC_CUST05430,CUST05430,2,5,8,2,Good
ACC_CUST05431,CUST05431,5,6,10,2,Good
ACC_CUST05432,CUST05432,6,9,30,6,Bad
ACC_CUST05433,CUST05433,8,6,5,4,Standard
ACC_CUST05435,CUST05435,7,5,6,5,Standard
ACC_CUST05436,CUST05436,4,5,2,0,Good
ACC_CUST05437,CUST05437,9,7,34,2,Standard
ACC_CUST05438,CUST05438,3,5,18,3,Standard
ACC_CUST05439,CUST05439,6,7,26,6,Bad
ACC_CUST05440,CUST05440,5,5,21,4,Standard
ACC_CUST05441,CUST05441,1,3,1,0,Good
ACC_CUST05442,CUST05442,7,7,29,7,Bad
ACC_CUST05443,CUST05443,5,7,23,5,Standard
ACC_CUST05444,CUST05444,5,4,7,4,Good
ACC_CUST05446,CUST05446,5,7,10,0,Good
ACC_CUST05447,CUST05447,7,7,14,2,Standard
ACC_CUST05449,CUST05449,7,5,13,0,Standard
ACC_CUST05450,CUST05450,7,5,30,6,Bad
ACC_CUST05451,CUST05451,7,3,14,3,Standard
ACC_CUST05452,CUST05452,10,5,22,8,Bad
ACC_CUST05453,CUST05453,7,6,11,2,Standard
ACC_CUST05454,CUST05454,5,5,3,2,Good
ACC_CUST05455,CUST05455,4,5,5,0,Good
ACC_CUST05456,CUST05456,8,7,18,9,Bad
ACC_CUST05457,CUST05457,1,7,11,0,Good
ACC_CUST05458,CUST05458,6,10,22,7,Bad
ACC_CUST05459,CUST05459,8,10,22,9,Bad
ACC_CUST05460,CUST05460,5,6,11,0,Good
ACC_CUST05461,CUST05461,8,7,11,3,Good
ACC_CUST05462,CUST05462,0,7,7,0,Good
ACC_CUST05463,CUST05463,8,7,33,6,Bad
ACC_CUST05464,CUST05464,1,5,2,0,Good
ACC_CUST05465,CUST05465,2,6,11,3,Good
ACC_CUST05466,CUST05466,7,10,31,5,Bad
ACC_CUST05467,CUST05467,6,9,23,3,Standard
ACC_CUST05468,CUST05468,5,5,5,3,Good
ACC_CUST05469,CUST05469,7,9,24,7,Bad
ACC_CUST05470,CUST05470,9,5,22,3,Bad
ACC_CUST05471,CUST05471,2,4,6,0,Good
ACC_CUST05472,CUST05472,3,4,10,1,Standard
ACC_CUST05473,CUST05473,2,2,3,3,Good
ACC_CUST05475,CUST05475,8,6,26,5,Standard
ACC_CUST05476,CUST05476,8,10,29,5,Bad
ACC_CUST05477,CUST05477,10,10,22,6,Bad
ACC_CUST05478,CUST05478,8,5,16,0,Standard
ACC_CUST05479,CUST05479,6,3,7,4,Standard
ACC_CUST05480,CUST05480,7,8,25,9,Bad
ACC_CUST05481,CUST05481,7,10,15,4,Standard
ACC_CUST05482,CUST05482,3,6,17,3,Standard
ACC_CUST05483,CUST05483,8,6,8,5,Standard
ACC_CUST05484,CUST05484,3,6,10,5,Standard
ACC_CUST05485,CUST05485,7,6,31,7,Standard
ACC_CUST05486,CUST05486,2,1,3,2,Good
ACC_CUST05487,CUST05487,1,3,1,0,Good
ACC_CUST05488,CUST05488,1,6,11,2,Good
ACC_CUST05489,CUST05489,3,5,22,2,Standard
ACC_CUST05490,CUST05490,5,9,20,7,Standard
ACC_CUST05491,CUST05491,7,10,17,8,Bad
ACC_CUST05492,CUST05492,6,7,8,2,Standard
ACC_CUST05493,CUST05493,6,10,25,6,Bad
ACC_CUST05494,CUST05494,4,1,4,0,Good
ACC_CUST05495,CUST05495,8,7,24,9,Bad
ACC_CUST05496,CUST05496,8,6,16,7,Standard
ACC_CUST05497,CUST05497,6,8,19,6,Bad
ACC_CUST05498,CUST05498,9,5,18,6,Bad
ACC_CUST05499,CUST05499,4,3,10,2,Standard
ACC_CUST05500,CUST05500,4,4,18,0,Standard
ACC_CUST05501,CUST05501,4,8,29,6,Standard
ACC_CUST05502,CUST05502,7,10,23,5,Bad
ACC_CUST05503,CUST05503,5,7,5,0,Good
ACC_CUST05504,CUST05504,3,5,8,3,Standard
ACC_CUST05505,CUST05505,3,6,34,3,Standard
ACC_CUST05506,CUST05506,5,7,20,2,Standard
ACC_CUST05507,CUST05507,9,8,18,9,Bad
ACC_CUST05508,CUST05508,3,7,19,6,Standard
ACC_CUST05509,CUST05509,4,4,9,1,Good
ACC_CUST05510,CUST05510,6,6,20,6,Bad
ACC_CUST05511,CUST05511,0,6,6,1,Good
ACC_CUST05512,CUST05512,5,1,10,1,Good
ACC_CUST05514,CUST05514,6,7,10,4,Standard
ACC_CUST05515,CUST05515,8,3,11,4,Standard
ACC_CUST05516,CUST05516,6,7,28,7,Standard
ACC_CUST05517,CUST05517,7,5,17,0,Standard
ACC_CUST05518,CUST05518,0,4,9,2,Good
ACC_CUST05519,CUST05519,5,6,2,2,Good
ACC_CUST05520,CUST05520,10,7,31,6,Standard
ACC_CUST05521,CUST05521,9,6,29,2,Standard
ACC_CUST05522,CUST05522,3,6,20,3,Standard
ACC_CUST05523,CUST05523,3,6,7,1,Good
ACC_CUST05525,CUST05525,3,3,15,6,Standard
ACC_CUST05526,CUST05526,3,6,9,0,Standard
ACC_CUST05527,CUST05527,2,5,3,4,Good
ACC_CUST05528,CUST05528,7,5,27,4,Standard
ACC_CUST05529,CUST05529,7,7,21,8,Bad
ACC_CUST05530,CUST05530,8,6,13,7,Standard
ACC_CUST05531,CUST05531,7,10,25,6,Bad
ACC_CUST05532,CUST05532,0,7,8,4,Good
ACC_CUST05533,CUST05533,5,6,12,4,Good
ACC_CUST05534,CUST05534,8,4,14,4,Standard
ACC_CUST05535,CUST05535,7,4,10,4,Standard
ACC_CUST05536,CUST05536,8,7,7,3,Standard
ACC_CUST05537,CUST05537,10,5,16,7,Bad
ACC_CUST05538,CUST05538,10,8,25,6,Bad
ACC_CUST05539,CUST05539,6,10,27,8,Bad
ACC_CUST05540,CUST05540,0,5,2,2,Good
ACC_CUST05541,CUST05541,6,5,22,8,Bad
ACC_CUST05542,CUST05542,3,5,15,3,Standard
ACC_CUST05543,CUST05543,7,5,6,5,Standard
ACC_CUST05544,CUST05544,8,4,20,4,Standard
ACC_CUST05545,CUST05545,10,6,30,6,Standard
ACC_CUST05546,CUST05546,3,5,6,1,Good
ACC_CUST05547,CUST05547,2,7,5,4,Good
ACC_CUST05548,CUST05548,0,5,3,1,Good
ACC_CUST05549,CUST05549,9,10,19,5,Bad
ACC_CUST05550,CUST05550,6,4,10,4,Standard
ACC_CUST05551,CUST05551,0,1,10,3,Good
ACC_CUST05552,CUST05552,6,6,18,5,Standard
ACC_CUST05553,CUST05553,6,7,26,5,Bad
ACC_CUST05554,CUST05554,5,2,9,2,Good
ACC_CUST05555,CUST05555,2,4,1,1,Good
ACC_CUST05556,CUST05556,7,8,31,9,Bad
ACC_CUST05557,CUST05557,7,5,19,0,Standard
ACC_CUST05558,CUST05558,6,5,28,6,Standard
ACC_CUST05559,CUST05559,4,6,29,7,Standard
ACC_CUST05560,CUST05560,6,6,29,5,Bad
ACC_CUST05561,CUST05561,1,3,10,1,Good
ACC_CUST05562,CUST05562,3,4,2,2,Good
ACC_CUST05563,CUST05563,9,6,19,8,Bad
ACC_CUST05564,CUST05564,3,3,14,3,Standard
ACC_CUST05565,CUST05565,5,5,11,1,Good
ACC_CUST05566,CUST05566,7,6,21,4,Bad
ACC_CUST05567,CUST05567,3,5,7,3,Standard
ACC_CUST05568,CUST05568,3,5,15,0,Standard
ACC_CUST05570,CUST05570,1,5,7,3,Good
ACC_CUST05571,CUST05571,4,7,15,0,Standard
ACC_CUST05572,CUST05572,8,6,20,1,Standard
ACC_CUST05573,CUST05573,3,4,4,4,Good
ACC_CUST05574,CUST05574,0,3,7,4,Good
ACC_CUST05575,CUST05575,3,4,7,4,Standard
ACC_CUST05576,CUST05576,6,6,32,6,Bad
ACC_CUST05577,CUST05577,3,3,12,3,Good
ACC_CUST05578,CUST05578,1,2,2,3,Good
ACC_CUST05579,CUST05579,7,3,8,4,Standard
ACC_CUST05580,CUST05580,6,10,17,5,Bad
ACC_CUST05581,CUST05581,2,7,1,3,Good
ACC_CUST05582,CUST05582,5,1,10,3,Good
ACC_CUST05583,CUST05583,7,6,32,2,Bad
ACC_CUST05584,CUST05584,4,5,6,4,Standard
ACC_CUST05585,CUST05585,1,3,7,3,Good
ACC_CUST05586,CUST05586,3,4,18,2,Standard
ACC_CUST05587,CUST05587,8,4,10,0,Standard
ACC_CUST05588,CUST05588,2,7,11,0,Good
ACC_CUST05589,CUST05589,4,6,16,0,Standard
ACC_CUST05590,CUST05590,3,6,19,0,Standard
ACC_CUST05591,CUST05591,3,6,5,2,Good
ACC_CUST05592,CUST05592,6,8,32,2,Bad
ACC_CUST05593,CUST05593,7,8,19,6,Bad
ACC_CUST05594,CUST05594,4,8,32,4,Standard
ACC_CUST05595,CUST05595,10,8,19,7,Bad
ACC_CUST05596,CUST05596,0,4,1,2,Good
ACC_CUST05597,CUST05597,4,3,11,1,Standard
ACC_CUST05598,CUST05598,5,6,13,0,Standard
ACC_CUST05599,CUST05599,3,7,7,0,Good
ACC_CUST05600,CUST05600,5,7,8,3,Standard
ACC_CUST05601,CUST05601,3,5,14,4,Standard
ACC_CUST05602,CUST05602,4,7,7,3,Good
ACC_CUST05603,CUST05603,7,6,16,4,Standard
ACC_CUST05604,CUST05604,9,6,27,9,Bad
ACC_CUST05605,CUST05605,5,6,18,7,Standard
ACC_CUST05606,CUST05606,0,5,7,0,Good
ACC_CUST05608,CUST05608,10,6,27,6,Bad
ACC_CUST05609,CUST05609,3,2,5,2,Good
ACC_CUST05610,CUST05610,3,4,1,2,Good
ACC_CUST05611,CUST05611,8,5,5,2,Standard
ACC_CUST05612,CUST05612,7,5,9,3,Standard
ACC_CUST05613,CUST05613,7,6,20,6,Standard
ACC_CUST05614,CUST05614,4,7,12,4,Standard
ACC_CUST05615,CUST05615,3,5,18,1,Standard
ACC_CUST05616,CUST05616,3,5,12,7,Standard
ACC_CUST05617,CUST05617,7,4,9,0,Standard
ACC_CUST05618,CUST05618,4,7,5,5,Standard
ACC_CUST05619,CUST05619,8,5,16,5,Bad
ACC_CUST05620,CUST05620,8,5,16,8,Bad
ACC_CUST05621,CUST05621,5,7,8,3,Standard
ACC_CUST05622,CUST05622,5,3,9,6,Standard
ACC_CUST05623,CUST05623,9,6,23,9,Bad
ACC_CUST05625,CUST05625,6,8,22,6,Bad
ACC_CUST05626,CUST05626,3,5,6,3,Standard
ACC_CUST05627,CUST05627,7,5,34,2,Standard
ACC_CUST05628,CUST05628,6,6,15,4,Bad
ACC_CUST05630,CUST05630,8,5,30,9,Bad
ACC_CUST05631,CUST05631,4,3,5,3,Standard
ACC_CUST05632,CUST05632,4,5,6,1,Standard
ACC_CUST05633,CUST05633,8,6,25,8,Bad
ACC_CUST05634,CUST05634,9,10,21,9,Bad
ACC_CUST05635,CUST05635,8,7,18,6,Standard
ACC_CUST05636,CUST05636,5,7,21,4,Standard
ACC_CUST05637,CUST05637,3,4,1,0,Good
ACC_CUST05638,CUST05638,4,6,16,4,Standard
ACC_CUST05639,CUST05639,5,7,18,3,Standard
ACC_CUST05640,CUST05640,7,6,29,5,Standard
ACC_CUST05641,CUST05641,8,7,32,5,Standard
ACC_CUST05642,CUST05642,2,6,12,2,Good
ACC_CUST05643,CUST05643,7,4,14,1,Standard
ACC_CUST05644,CUST05644,8,6,20,1,Standard
ACC_CUST05645,CUST05645,8,7,7,4,Standard
ACC_CUST05646,CUST05646,8,5,10,3,Good
ACC_CUST05647,CUST05647,7,10,23,6,Bad
ACC_CUST05648,CUST05648,3,4,9,0,Good
ACC_CUST05649,CUST05649,9,8,26,2,Bad
ACC_CUST05650,CUST05650,7,7,33,5,Standard
ACC_CUST05651,CUST05651,6,6,20,5,Standard
ACC_CUST05653,CUST05653,0,4,6,1,Good
ACC_CUST05655,CUST05655,5,7,5,0,Standard
ACC_CUST05656,CUST05656,5,3,10,3,Good
ACC_CUST05657,CUST05657,5,7,19,1,Standard
ACC_CUST05658,CUST05658,7,10,19,7,Bad
ACC_CUST05660,CUST05660,2,3,4,4,Good
ACC_CUST05661,CUST05661,2,5,10,1,Good
ACC_CUST05662,CUST05662,3,3,14,3,Standard
ACC_CUST05663,CUST05663,3,5,15,1,Standard
ACC_CUST05664,CUST05664,6,6,8,0,Standard
ACC_CUST05665,CUST05665,10,7,33,4,Standard
ACC_CUST05666,CUST05666,9,7,16,6,Bad
ACC_CUST05667,CUST05667,2,5,4,0,Good
ACC_CUST05668,CUST05668,4,5,19,5,Standard
ACC_CUST05669,CUST05669,5,5,6,3,Standard
ACC_CUST05670,CUST05670,7,3,20,2,Standard
ACC_CUST05671,CUST05671,0,4,6,0,Good
ACC_CUST05672,CUST05672,8,8,15,7,Bad
ACC_CUST05673,CUST05673,4,7,3,3,Good
ACC_CUST05674,CUST05674,10,10,15,2,Standard
ACC_CUST05675,CUST05675,9,10,19,5,Bad
ACC_CUST05676,CUST05676,4,4,18,1,Standard
ACC_CUST05677,CUST05677,6,9,33,7,Bad
ACC_CUST05678,CUST05678,7,6,14,3,Standard
ACC_CUST05679,CUST05679,0,4,3,0,Good
ACC_CUST05680,CUST05680,5,6,2,3,Good
ACC_CUST05681,CUST05681,0,4,5,3,Good
ACC_CUST05682,CUST05682,5,5,1,4,Good
ACC_CUST05683,CUST05683,3,7,15,0,Standard
ACC_CUST05684,CUST05684,10,8,22,5,Bad
ACC_CUST05685,CUST05685,5,4,9,3,Standard
ACC_CUST05687,CUST05687,4,3,7,0,Good
ACC_CUST05688,CUST05688,8,3,9,0,Standard
ACC_CUST05689,CUST05689,5,5,2,2,Good
ACC_CUST05690,CUST05690,8,10,15,3,Bad
ACC_CUST05691,CUST05691,6,6,20,4,Bad
ACC_CUST05692,CUST05692,6,3,18,2,Standard
ACC_CUST05693,CUST05693,2,4,1,0,Good
ACC_CUST05694,CUST05694,5,4,5,0,Standard
ACC_CUST05695,CUST05695,8,7,34,9,Bad
ACC_CUST05696,CUST05696,4,5,9,0,Good
ACC_CUST05697,CUST05697,7,7,9,2,Standard
ACC_CUST05699,CUST05699,5,3,11,1,Standard
ACC_CUST05700,CUST05700,7,4,6,3,Standard
ACC_CUST05701,CUST05701,7,4,9,2,Standard
ACC_CUST05702,CUST05702,1,5,6,0,Good
ACC_CUST05703,CUST05703,7,10,33,5,Bad
ACC_CUST05704,CUST05704,0,4,3,0,Good
ACC_CUST05705,CUST05705,3,5,2,3,Good
ACC_CUST05706,CUST05706,1,5,3,4,Good
ACC_CUST05707,CUST05707,8,4,14,1,Standard
ACC_CUST05708,CUST05708,10,7,22,3,Standard
ACC_CUST05709,CUST05709,0,3,11,3,Good
ACC_CUST05710,CUST05710,6,5,32,3,Bad
ACC_CUST05711,CUST05711,3,4,14,4,Standard
ACC_CUST05712,CUST05712,6,7,17,4,Standard
ACC_CUST05713,CUST05713,5,2,1,2,Good
ACC_CUST05714,CUST05714,3,1,7,0,Good
ACC_CUST05715,CUST05715,6,7,6,1,Standard
ACC_CUST05716,CUST05716,5,3,10,2,Good
ACC_CUST05717,CUST05717,8,5,18,1,Standard
ACC_CUST05718,CUST05718,3,6,19,2,Standard
ACC_CUST05719,CUST05719,2,3,2,3,Good
ACC_CUST05720,CUST05720,8,6,28,7,Bad
ACC_CUST05721,CUST05721,4,5,10,4,Standard
ACC_CUST05722,CUST05722,6,6,29,9,Bad
ACC_CUST05723,CUST05723,10,6,21,8,Bad
ACC_CUST05725,CUST05725,5,8,29,2,Standard
ACC_CUST05726,CUST05726,3,4,8,0,Good
ACC_CUST05728,CUST05728,5,6,15,3,Standard
ACC_CUST05729,CUST05729,0,5,1,4,Good
ACC_CUST05730,CUST05730,5,4,6,4,Standard
ACC_CUST05731,CUST05731,5,5,1,1,Good
ACC_CUST05732,CUST05732,7,6,10,1,Standard
ACC_CUST05733,CUST05733,8,4,9,0,Standard
ACC_CUST05734,CUST05734,7,4,15,2,Standard
ACC_CUST05735,CUST05735,4,9,22,4,Standard
ACC_CUST05736,CUST05736,6,6,6,6,Standard
ACC_CUST05737,CUST05737,7,7,29,8,Bad
ACC_CUST05738,CUST05738,6,8,19,6,Bad
ACC_CUST05739,CUST05739,4,6,6,3,Standard
ACC_CUST05740,CUST05740,4,6,5,4,Standard
ACC_CUST05741,CUST05741,2,3,8,4,Good
ACC_CUST05742,CUST05742,4,4,11,3,Standard
ACC_CUST05743,CUST05743,7,4,20,1,Standard
ACC_CUST05744,CUST05744,9,7,17,3,Bad
ACC_CUST05745,CUST05745,7,5,9,2,Standard
ACC_CUST05746,CUST05746,5,6,7,1,Good
ACC_CUST05749,CUST05749,6,6,12,0,Standard
ACC_CUST05750,CUST05750,6,4,12,3,Standard
ACC_CUST05751,CUST05751,3,3,7,2,Standard
ACC_CUST05752,CUST05752,4,7,7,5,Standard
ACC_CUST05753,CUST05753,10,10,32,3,Bad
ACC_CUST05754,CUST05754,3,1,8,0,Good
ACC_CUST05755,CUST05755,5,6,6,3,Good
ACC_CUST05756,CUST05756,4,5,14,1,Standard
ACC_CUST05757,CUST05757,6,3,10,0,Good
ACC_CUST05758,CUST05758,3,6,11,7,Standard
ACC_CUST05759,CUST05759,4,4,10,4,Standard
ACC_CUST05760,CUST05760,5,4,15,1,Standard
ACC_CUST05761,CUST05761,8,8,28,5,Bad
ACC_CUST05762,CUST05762,8,5,12,3,Standard
ACC_CUST05763,CUST05763,8,3,18,5,Standard
ACC_CUST05764,CUST05764,9,9,16,7,Bad
ACC_CUST05765,CUST05765,5,7,16,7,Standard
ACC_CUST05766,CUST05766,9,9,20,9,Bad
ACC_CUST05767,CUST05767,4,5,16,2,Standard
ACC_CUST05768,CUST05768,6,5,9,0,Standard
ACC_CUST05769,CUST05769,5,7,17,1,Standard
ACC_CUST05770,CUST05770,3,7,6,0,Good
ACC_CUST05771,CUST05771,5,3,30,6,Standard
ACC_CUST05772,CUST05772,2,3,9,3,Good
ACC_CUST05773,CUST05773,4,3,2,4,Good
ACC_CUST05774,CUST05774,9,7,24,8,Bad
ACC_CUST05775,CUST05775,5,7,2,2,Good
ACC_CUST05776,CUST05776,3,6,3,2,Good
ACC_CUST05777,CUST05777,3,7,19,4,Standard
ACC_CUST05778,CUST05778,7,3,12,2,Standard
ACC_CUST05779,CUST05779,7,6,34,6,Bad
ACC_CUST05780,CUST05780,7,8,32,7,Bad
ACC_CUST05781,CUST05781,4,7,1,3,Good
ACC_CUST05782,CUST05782,3,7,13,3,Standard
ACC_CUST05783,CUST05783,1,3,11,0,Good
ACC_CUST05784,CUST05784,9,5,32,6,Bad
ACC_CUST05785,CUST05785,5,5,12,5,Standard
ACC_CUST05786,CUST05786,10,10,23,8,Bad
ACC_CUST05787,CUST05787,7,10,16,5,Bad
ACC_CUST05788,CUST05788,3,5,10,3,Standard
ACC_CUST05789,CUST05789,7,4,17,4,Standard
ACC_CUST05790,CUST05790,5,2,5,1,Good
ACC_CUST05791,CUST05791,3,6,2,3,Good
ACC_CUST05792,CUST05792,5,6,19,5,Standard
ACC_CUST05793,CUST05793,5,6,19,2,Standard
ACC_CUST05794,CUST05794,7,3,10,1,Standard
ACC_CUST05795,CUST05795,5,6,16,2,Standard
ACC_CUST05796,CUST05796,0,3,4,0,Good
ACC_CUST05797,CUST05797,7,3,19,3,Standard
ACC_CUST05798,CUST05798,1,4,7,0,Good
ACC_CUST05799,CUST05799,7,7,29,5,Standard
ACC_CUST05800,CUST05800,3,4,7,3,Good
ACC_CUST05801,CUST05801,7,6,12,2,Standard
ACC_CUST05802,CUST05802,4,5,11,4,Standard
ACC_CUST05803,CUST05803,5,3,15,2,Standard
ACC_CUST05804,CUST05804,4,5,14,1,Standard
ACC_CUST05805,CUST05805,3,5,18,3,Standard
ACC_CUST05807,CUST05807,6,4,16,4,Standard
ACC_CUST05808,CUST05808,7,4,6,1,Standard
ACC_CUST05809,CUST05809,6,3,14,1,Standard
ACC_CUST05811,CUST05811,5,3,1,0,Good
ACC_CUST05812,CUST05812,7,6,28,8,Bad
ACC_CUST05813,CUST05813,4,1,10,3,Good
ACC_CUST05814,CUST05814,5,3,4,4,Good
ACC_CUST05815,CUST05815,3,7,6,2,Good
ACC_CUST05816,CUST05816,6,5,24,4,Bad
ACC_CUST05817,CUST05817,0,5,7,3,Good
ACC_CUST05819,CUST05819,2,3,11,1,Good
ACC_CUST05820,CUST05820,8,3,8,2,Standard
ACC_CUST05821,CUST05821,4,4,13,2,Standard
ACC_CUST05822,CUST05822,7,3,34,3,Standard
ACC_CUST05823,CUST05823,0,3,4,2,Good
ACC_CUST05824,CUST05824,4,4,15,7,Standard
ACC_CUST05826,CUST05826,3,6,3,3,Good
ACC_CUST05827,CUST05827,5,7,15,4,Standard
ACC_CUST05828,CUST05828,6,10,19,5,Bad
ACC_CUST05829,CUST05829,6,7,15,0,Standard
ACC_CUST05830,CUST05830,3,3,6,4,Good
ACC_CUST05831,CUST05831,6,3,18,1,Standard
ACC_CUST05833,CUST05833,5,1,3,3,Good
ACC_CUST05834,CUST05834,4,5,9,0,Good
ACC_CUST05835,CUST05835,3,4,14,4,Standard
ACC_CUST05836,CUST05836,4,6,4,3,Good
ACC_CUST05837,CUST05837,3,5,6,1,Standard
ACC_CUST05838,CUST05838,0,7,12,1,Good
ACC_CUST05839,CUST05839,8,3,16,4,Standard
ACC_CUST05840,CUST05840,8,6,23,2,Bad
ACC_CUST05842,CUST05842,6,6,5,3,Standard
ACC_CUST05843,CUST05843,6,9,15,9,Bad
ACC_CUST05844,CUST05844,5,6,6,1,Standard
ACC_CUST05845,CUST05845,5,4,11,0,Standard
ACC_CUST05846,CUST05846,9,10,19,6,Bad
ACC_CUST05847,CUST05847,8,5,5,2,Standard
ACC_CUST05848,CUST05848,8,10,28,2,Bad
ACC_CUST05849,CUST05849,6,10,25,9,Bad
ACC_CUST05850,CUST05850,4,6,12,2,Good
ACC_CUST05851,CUST05851,3,2,5,3,Good
ACC_CUST05852,CUST05852,8,10,24,5,Bad
ACC_CUST05853,CUST05853,3,5,4,3,Good
ACC_CUST05854,CUST05854,0,7,9,0,Good
ACC_CUST05855,CUST05855,6,9,20,3,Standard
ACC_CUST05857,CUST05857,3,7,19,5,Standard
ACC_CUST05858,CUST05858,4,3,12,2,Good
ACC_CUST05859,CUST05859,1,5,11,3,Good
ACC_CUST05860,CUST05860,9,6,24,9,Bad
ACC_CUST05861,CUST05861,10,7,27,2,Bad
ACC_CUST05862,CUST05862,4,5,17,3,Standard
ACC_CUST05863,CUST05863,6,6,19,1,Standard
ACC_CUST05864,CUST05864,3,4,12,4,Standard
ACC_CUST05865,CUST05865,6,4,13,1,Standard
ACC_CUST05866,CUST05866,7,6,6,4,Standard
ACC_CUST05867,CUST05867,1,5,4,3,Good
ACC_CUST05868,CUST05868,8,4,6,3,Standard
ACC_CUST05869,CUST05869,6,6,27,6,Bad
ACC_CUST05872,CUST05872,8,8,23,6,Bad
ACC_CUST05873,CUST05873,5,4,5,0,Good
ACC_CUST05874,CUST05874,5,4,9,2,Good
ACC_CUST05875,CUST05875,5,7,6,3,Standard
ACC_CUST05877,CUST05877,0,5,7,1,Good
ACC_CUST05878,CUST05878,8,5,9,3,Good
ACC_CUST05879,CUST05879,4,5,19,3,Standard
ACC_CUST05880,CUST05880,4,3,12,4,Good
ACC_CUST05881,CUST05881,5,4,15,6,Standard
ACC_CUST05882,CUST05882,9,5,22,2,Bad
ACC_CUST05883,CUST05883,1,3,6,4,Good
ACC_CUST05884,CUST05884,5,7,8,3,Good
ACC_CUST05886,CUST05886,8,8,27,6,Bad
ACC_CUST05887,CUST05887,10,10,30,9,Bad
ACC_CUST05888,CUST05888,0,4,6,4,Good
ACC_CUST05889,CUST05889,3,4,11,1,Standard
ACC_CUST05890,CUST05890,6,3,8,2,Standard
ACC_CUST05891,CUST05891,2,4,9,2,Good
ACC_CUST05892,CUST05892,5,3,4,4,Good
ACC_CUST05893,CUST05893,6,7,17,1,Standard
ACC_CUST05894,CUST05894,5,7,1,1,Good
ACC_CUST05895,CUST05895,5,5,12,5,Standard
ACC_CUST05896,CUST05896,4,5,3,2,Good
ACC_CUST05897,CUST05897,5,4,17,1,Standard
ACC_CUST05898,CUST05898,8,8,23,5,Bad
ACC_CUST05899,CUST05899,8,7,27,7,Bad
ACC_CUST05900,CUST05900,5,3,8,1,Standard
ACC_CUST05901,CUST05901,8,10,18,4,Bad
ACC_CUST05902,CUST05902,0,4,4,3,Good
ACC_CUST05903,CUST05903,8,7,26,3,Standard
ACC_CUST05904,CUST05904,0,4,7,3,Good
ACC_CUST05905,CUST05905,6,7,11,3,Standard
ACC_CUST05906,CUST05906,6,6,20,7,Bad
ACC_CUST05907,CUST05907,8,7,15,5,Standard
ACC_CUST05908,CUST05908,5,5,5,1,Standard
ACC_CUST05909,CUST05909,8,8,25,9,Bad
ACC_CUST05910,CUST05910,3,5,2,0,Good
ACC_CUST05911,CUST05911,4,1,11,0,Good
ACC_CUST05912,CUST05912,5,7,13,3,Standard
ACC_CUST05913,CUST05913,3,5,15,2,Standard
ACC_CUST05914,CUST05914,2,3,5,3,Good
ACC_CUST05915,CUST05915,4,3,9,1,Good
ACC_CUST05916,CUST05916,8,7,24,3,Standard
ACC_CUST05917,CUST05917,5,6,5,0,Standard
ACC_CUST05918,CUST05918,6,9,28,4,Bad
ACC_CUST05919,CUST05919,7,9,33,9,Bad
ACC_CUST05920,CUST05920,4,3,6,3,Standard
ACC_CUST05921,CUST05921,6,5,19,2,Standard
ACC_CUST05922,CUST05922,6,6,27,8,Bad
ACC_CUST05923,CUST05923,7,3,5,3,Standard
ACC_CUST05924,CUST05924,4,6,4,4,Standard
ACC_CUST05925,CUST05925,5,7,17,4,Standard
ACC_CUST05926,CUST05926,3,7,7,4,Standard
ACC_CUST05927,CUST05927,5,4,5,0,Good
ACC_CUST05929,CUST05929,7,3,19,6,Standard
ACC_CUST05930,CUST05930,3,3,5,1,Good
ACC_CUST05931,CUST05931,7,7,23,7,Bad
ACC_CUST05932,CUST05932,6,5,11,1,Standard
ACC_CUST05933,CUST05933,8,4,6,4,Standard
ACC_CUST05934,CUST05934,6,10,25,3,Standard
ACC_CUST05935,CUST05935,3,4,15,0,Standard
ACC_CUST05936,CUST05936,5,3,18,3,Standard
ACC_CUST05937,CUST05937,6,3,7,4,Standard
ACC_CUST05938,CUST05938,4,3,11,3,Good
ACC_CUST05939,CUST05939,7,7,22,9,Bad
ACC_CUST05940,CUST05940,10,5,23,7,Bad
ACC_CUST05941,CUST05941,6,8,26,7,Bad
ACC_CUST05942,CUST05942,7,5,15,5,Bad
ACC_CUST05943,CUST05943,2,4,5,4,Good
ACC_CUST05945,CUST05945,10,7,23,2,Bad
ACC_CUST05946,CUST05946,5,5,11,0,Good
ACC_CUST05947,CUST05947,6,3,9,1,Standard
ACC_CUST05948,CUST05948,10,5,22,7,Bad
ACC_CUST05949,CUST05949,4,7,5,0,Good
ACC_CUST05950,CUST05950,4,5,6,0,Good
ACC_CUST05951,CUST05951,8,7,17,0,Standard
ACC_CUST05952,CUST05952,6,5,17,3,Standard
ACC_CUST05953,CUST05953,4,6,14,4,Standard
ACC_CUST05954,CUST05954,7,5,10,1,Standard
ACC_CUST05955,CUST05955,3,3,7,3,Good
ACC_CUST05956,CUST05956,1,5,8,1,Good
ACC_CUST05957,CUST05957,5,3,16,3,Standard
ACC_CUST05958,CUST05958,3,1,5,4,Good
ACC_CUST05959,CUST05959,9,7,24,5,Bad
ACC_CUST05960,CUST05960,7,7,17,9,Bad
ACC_CUST05961,CUST05961,4,4,19,1,Standard
ACC_CUST05962,CUST05962,7,5,12,5,Standard
ACC_CUST05963,CUST05963,7,7,1,4,Good
ACC_CUST05965,CUST05965,9,10,26,6,Bad
ACC_CUST05966,CUST05966,5,7,16,4,Standard
ACC_CUST05967,CUST05967,8,4,13,3,Standard
ACC_CUST05968,CUST05968,10,6,17,8,Bad
ACC_CUST05969,CUST05969,1,7,5,3,Good
ACC_CUST05970,CUST05970,6,6,18,5,Bad
ACC_CUST05971,CUST05971,5,6,17,2,Standard
ACC_CUST05972,CUST05972,4,7,10,3,Good
ACC_CUST05973,CUST05973,5,4,25,7,Standard
ACC_CUST05974,CUST05974,5,5,19,5,Standard
ACC_CUST05975,CUST05975,3,5,6,0,Standard
ACC_CUST05976,CUST05976,6,3,20,0,Standard
ACC_CUST05977,CUST05977,6,6,19,9,Bad
ACC_CUST05978,CUST05978,7,3,7,0,Standard
ACC_CUST05980,CUST05980,4,6,18,4,Standard
ACC_CUST05981,CUST05981,10,6,24,9,Bad
ACC_CUST05982,CUST05982,0,6,8,2,Good
ACC_CUST05983,CUST05983,0,7,2,3,Good
ACC_CUST05984,CUST05984,7,5,21,9,Bad
ACC_CUST05985,CUST05985,10,8,23,5,Bad
ACC_CUST05986,CUST05986,3,6,14,1,Standard
ACC_CUST05987,CUST05987,10,9,24,9,Bad
ACC_CUST05988,CUST05988,9,5,28,7,Bad
ACC_CUST05989,CUST05989,4,7,1,0,Good
ACC_CUST05990,CUST05990,7,4,7,0,Good
ACC_CUST05991,CUST05991,3,3,17,1,Standard
ACC_CUST05992,CUST05992,7,10,32,4,Standard
ACC_CUST05994,CUST05994,10,8,17,3,Standard
ACC_CUST05995,CUST05995,5,4,12,4,Good
ACC_CUST05996,CUST05996,7,10,16,5,Bad
ACC_CUST05997,CUST05997,3,6,4,3,Good
ACC_CUST05998,CUST05998,3,4,11,1,Standard
ACC_CUST05999,CUST05999,5,7,19,7,Standard
ACC_CUST06000,CUST06000,5,4,12,2,Good
ACC_CUST06001,CUST06001,2,2,3,0,Good
ACC_CUST06002,CUST06002,4,4,18,3,Standard
ACC_CUST06003,CUST06003,5,5,6,5,Standard
ACC_CUST06004,CUST06004,2,3,9,0,Good
ACC_CUST06005,CUST06005,1,3,4,3,Good
ACC_CUST06006,CUST06006,5,1,9,2,Good
ACC_CUST06007,CUST06007,6,5,12,3,Good
ACC_CUST06008,CUST06008,7,6,9,2,Standard
ACC_CUST06009,CUST06009,6,4,9,0,Standard
ACC_CUST06010,CUST06010,4,4,12,7,Standard
ACC_CUST06011,CUST06011,5,7,17,2,Standard
ACC_CUST06012,CUST06012,5,7,9,2,Standard
ACC_CUST06013,CUST06013,9,10,30,4,Bad
ACC_CUST06015,CUST06015,10,7,29,8,Bad
ACC_CUST06016,CUST06016,8,7,15,3,Standard
ACC_CUST06017,CUST06017,7,6,5,3,Standard
ACC_CUST06018,CUST06018,5,3,11,1,Standard
ACC_CUST06019,CUST06019,3,6,5,4,Standard
ACC_CUST06020,CUST06020,10,7,33,7,Standard
ACC_CUST06021,CUST06021,6,3,20,4,Standard
ACC_CUST06023,CUST06023,8,5,9,5,Standard
ACC_CUST06024,CUST06024,5,3,9,3,Good
ACC_CUST06025,CUST06025,8,5,7,3,Standard
ACC_CUST06026,CUST06026,5,5,20,2,Standard
ACC_CUST06027,CUST06027,8,4,9,4,Standard
ACC_CUST06028,CUST06028,5,4,13,3,Standard
ACC_CUST06029,CUST06029,3,6,16,1,Standard
ACC_CUST06030,CUST06030,3,4,14,4,Standard
ACC_CUST06031,CUST06031,1,3,7,0,Good
ACC_CUST06032,CUST06032,5,1,2,0,Good
ACC_CUST06033,CUST06033,7,5,20,4,Bad
ACC_CUST06034,CUST06034,8,5,19,0,Standard
ACC_CUST06035,CUST06035,1,3,8,1,Good
ACC_CUST06036,CUST06036,5,4,10,0,Standard
ACC_CUST06037,CUST06037,3,4,11,3,Good
ACC_CUST06038,CUST06038,4,5,5,4,Good
ACC_CUST06039,CUST06039,9,9,26,4,Standard
ACC_CUST06040,CUST06040,9,7,18,9,Bad
ACC_CUST06041,CUST06041,2,7,6,2,Good
ACC_CUST06042,CUST06042,9,8,18,6,Bad
ACC_CUST06043,CUST06043,3,4,10,1,Good
ACC_CUST06044,CUST06044,2,6,3,4,Good
ACC_CUST06045,CUST06045,8,7,33,8,Bad
ACC_CUST06046,CUST06046,5,10,16,5,Standard
ACC_CUST06047,CUST06047,9,7,34,6,Bad
ACC_CUST06048,CUST06048,10,7,16,5,Bad
ACC_CUST06049,CUST06049,8,6,29,6,Standard
ACC_CUST06050,CUST06050,5,2,8,4,Good
ACC_CUST06051,CUST06051,6,6,32,6,Bad
ACC_CUST06052,CUST06052,3,5,15,4,Standard
ACC_CUST06053,CUST06053,2,5,12,1,Good
ACC_CUST06054,CUST06054,7,7,15,3,Standard
ACC_CUST06055,CUST06055,4,3,19,1,Standard
ACC_CUST06056,CUST06056,5,5,3,1,Good
ACC_CUST06057,CUST06057,9,6,19,5,Bad
ACC_CUST06058,CUST06058,4,5,6,1,Standard
ACC_CUST06059,CUST06059,3,6,6,2,Good
ACC_CUST06060,CUST06060,6,10,29,6,Bad
ACC_CUST06061,CUST06061,7,8,26,9,Bad
ACC_CUST06062,CUST06062,7,5,10,4,Standard
ACC_CUST06063,CUST06063,8,8,15,6,Bad
ACC_CUST06064,CUST06064,3,1,5,0,Good
ACC_CUST06065,CUST06065,8,6,18,2,Standard
ACC_CUST06066,CUST06066,9,5,32,3,Bad
ACC_CUST06067,CUST06067,3,5,14,1,Standard
ACC_CUST06068,CUST06068,5,7,17,4,Standard
ACC_CUST06069,CUST06069,4,8,28,2,Standard
ACC_CUST06070,CUST06070,6,6,1,4,Standard
ACC_CUST06071,CUST06071,7,7,16,3,Standard
ACC_CUST06072,CUST06072,9,10,22,5,Bad
ACC_CUST06073,CUST06073,0,4,9,3,Good
ACC_CUST06074,CUST06074,7,7,29,9,Bad
ACC_CUST06075,CUST06075,2,6,9,2,Good
ACC_CUST06076,CUST06076,9,7,34,8,Bad
ACC_CUST06077,CUST06077,7,10,26,4,Standard
ACC_CUST06078,CUST06078,5,4,13,5,Standard
ACC_CUST06079,CUST06079,5,7,8,3,Standard
ACC_CUST06080,CUST06080,3,6,9,3,Standard
ACC_CUST06081,CUST06081,7,7,17,2,Bad
ACC_CUST06082,CUST06082,6,9,30,2,Bad
ACC_CUST06083,CUST06083,4,2,11,2,Good
ACC_CUST06084,CUST06084,5,6,11,1,Standard
ACC_CUST06085,CUST06085,3,6,14,5,Standard
ACC_CUST06086,CUST06086,3,7,15,4,Standard
ACC_CUST06087,CUST06087,5,4,16,0,Standard
ACC_CUST06088,CUST06088,6,6,14,3,Standard
ACC_CUST06089,CUST06089,10,9,24,7,Standard
ACC_CUST06090,CUST06090,5,7,5,0,Standard
ACC_CUST06091,CUST06091,4,4,2,1,Good
ACC_CUST06092,CUST06092,4,2,6,1,Good
ACC_CUST06093,CUST06093,9,9,34,8,Bad
ACC_CUST06094,CUST06094,6,4,5,3,Standard
ACC_CUST06095,CUST06095,0,5,2,4,Good
ACC_CUST06096,CUST06096,6,6,8,2,Standard
ACC_CUST06097,CUST06097,1,4,2,1,Good
ACC_CUST06098,CUST06098,3,5,11,3,Good
ACC_CUST06099,CUST06099,6,6,15,6,Standard
ACC_CUST06100,CUST06100,9,10,29,5,Bad
ACC_CUST06101,CUST06101,6,5,23,6,Standard
ACC_CUST06103,CUST06103,7,8,15,8,Bad
ACC_CUST06104,CUST06104,8,4,13,2,Standard
ACC_CUST06105,CUST06105,5,6,16,4,Standard
ACC_CUST06106,CUST06106,3,4,20,6,Standard
ACC_CUST06107,CUST06107,1,3,11,4,Good
ACC_CUST06108,CUST06108,8,7,15,4,Standard
ACC_CUST06109,CUST06109,3,3,20,1,Standard
ACC_CUST06110,CUST06110,3,7,3,0,Good
ACC_CUST06112,CUST06112,0,1,8,2,Good
ACC_CUST06113,CUST06113,6,6,10,3,Standard
ACC_CUST06114,CUST06114,3,4,6,0,Good
ACC_CUST06115,CUST06115,5,3,7,0,Good
ACC_CUST06116,CUST06116,10,7,22,8,Bad
ACC_CUST06117,CUST06117,1,4,8,0,Good
ACC_CUST06118,CUST06118,4,6,4,2,Good
ACC_CUST06119,CUST06119,2,7,11,3,Good
ACC_CUST06120,CUST06120,5,1,10,4,Good
ACC_CUST06121,CUST06121,2,5,4,3,Good
ACC_CUST06122,CUST06122,9,7,26,8,Bad
ACC_CUST06123,CUST06123,4,5,1,3,Good
ACC_CUST06124,CUST06124,7,3,8,7,Standard
ACC_CUST06125,CUST06125,7,10,32,5,Bad
ACC_CUST06126,CUST06126,7,3,14,3,Standard
ACC_CUST06127,CUST06127,6,6,30,6,Bad
ACC_CUST06128,CUST06128,3,5,10,0,Good
ACC_CUST06129,CUST06129,7,10,19,8,Bad
ACC_CUST06130,CUST06130,4,4,2,1,Good
ACC_CUST06131,CUST06131,6,4,10,5,Standard
ACC_CUST06132,CUST06132,9,6,34,9,Bad
ACC_CUST06133,CUST06133,1,5,2,3,Good
ACC_CUST06134,CUST06134,4,7,7,0,Standard
ACC_CUST06135,CUST06135,7,5,32,6,Standard
ACC_CUST06136,CUST06136,6,6,28,7,Bad
ACC_CUST06137,CUST06137,1,6,6,0,Good
ACC_CUST06138,CUST06138,8,5,30,8,Bad
ACC_CUST06139,CUST06139,4,3,2,3,Good
ACC_CUST06140,CUST06140,4,7,5,1,Good
ACC_CUST06141,CUST06141,6,5,10,3,Good
ACC_CUST06142,CUST06142,5,5,12,1,Good
ACC_CUST06143,CUST06143,5,6,5,2,Standard
ACC_CUST06144,CUST06144,5,3,17,2,Standard
ACC_CUST06145,CUST06145,3,7,14,3,Standard
ACC_CUST06147,CUST06147,8,3,18,5,Standard
ACC_CUST06148,CUST06148,8,5,9,3,Standard
ACC_CUST06149,CUST06149,8,7,31,2,Bad
ACC_CUST06150,CUST06150,7,6,11,4,Standard
ACC_CUST06151,CUST06151,2,4,6,3,Good
ACC_CUST06152,CUST06152,8,3,9,1,Standard
ACC_CUST06153,CUST06153,4,4,16,0,Standard
ACC_CUST06154,CUST06154,10,6,20,9,Bad
ACC_CUST06155,CUST06155,4,7,15,4,Standard
ACC_CUST06156,CUST06156,6,5,31,5,Bad
ACC_CUST06157,CUST06157,5,3,31,4,Standard
ACC_CUST06158,CUST06158,4,5,12,3,Good
ACC_CUST06159,CUST06159,3,3,17,1,Standard
ACC_CUST06160,CUST06160,3,3,18,7,Standard
ACC_CUST06161,CUST06161,3,6,18,3,Standard
ACC_CUST06162,CUST06162,8,9,23,6,Bad
ACC_CUST06163,CUST06163,3,1,2,4,Good
ACC_CUST06164,CUST06164,3,4,16,3,Standard
ACC_CUST06165,CUST06165,4,5,9,2,Good
ACC_CUST06166,CUST06166,9,6,32,6,Bad
ACC_CUST06167,CUST06167,9,8,20,8,Bad
ACC_CUST06168,CUST06168,8,5,32,9,Bad
ACC_CUST06169,CUST06169,0,7,9,4,Good
ACC_CUST06170,CUST06170,7,9,20,6,Bad
ACC_CUST06171,CUST06171,5,7,11,0,Good
ACC_CUST06172,CUST06172,5,5,10,1,Standard
ACC_CUST06173,CUST06173,3,6,8,0,Good
ACC_CUST06174,CUST06174,2,5,4,4,Good
ACC_CUST06175,CUST06175,6,5,23,6,Bad
ACC_CUST06176,CUST06176,1,3,2,1,Good
ACC_CUST06177,CUST06177,3,3,8,4,Standard
ACC_CUST06178,CUST06178,7,7,12,7,Standard
ACC_CUST06179,CUST06179,3,4,7,1,Standard
ACC_CUST06180,CUST06180,6,3,8,3,Standard
ACC_CUST06181,CUST06181,3,7,12,2,Standard
ACC_CUST06182,CUST06182,3,6,13,2,Standard
ACC_CUST06183,CUST06183,0,5,10,4,Good
ACC_CUST06184,CUST06184,7,10,18,6,Standard
ACC_CUST06185,CUST06185,7,8,32,2,Standard
ACC_CUST06186,CUST06186,9,6,22,2,Standard
ACC_CUST06187,CUST06187,3,7,12,1,Good
ACC_CUST06188,CUST06188,8,5,29,2,Standard
ACC_CUST06189,CUST06189,8,6,14,2,Standard
ACC_CUST06190,CUST06190,8,3,15,3,Standard
ACC_CUST06191,CUST06191,7,5,6,4,Standard
ACC_CUST06192,CUST06192,7,6,8,4,Standard
ACC_CUST06193,CUST06193,10,8,28,6,Bad
ACC_CUST06194,CUST06194,1,3,1,3,Good
ACC_CUST06195,CUST06195,2,5,2,3,Good
ACC_CUST06196,CUST06196,6,6,27,7,Bad
ACC_CUST06197,CUST06197,2,4,12,4,Good
ACC_CUST06198,CUST06198,8,10,31,9,Bad
ACC_CUST06199,CUST06199,6,9,32,3,Standard
ACC_CUST06200,CUST06200,5,5,9,3,Standard
ACC_CUST06201,CUST06201,1,5,8,3,Good
ACC_CUST06203,CUST06203,5,3,14,4,Standard
ACC_CUST06204,CUST06204,4,3,3,0,Good
ACC_CUST06205,CUST06205,7,6,24,7,Bad
ACC_CUST06206,CUST06206,8,10,22,2,Standard
ACC_CUST06207,CUST06207,3,6,22,2,Standard
ACC_CUST06208,CUST06208,8,7,19,5,Standard
ACC_CUST06209,CUST06209,5,6,17,4,Standard
ACC_CUST06210,CUST06210,8,8,18,7,Bad
ACC_CUST06211,CUST06211,6,3,16,2,Standard
ACC_CUST06212,CUST06212,10,6,15,3,Bad
ACC_CUST06213,CUST06213,3,4,14,0,Standard
ACC_CUST06214,CUST06214,8,6,14,3,Standard
ACC_CUST06215,CUST06215,4,5,8,0,Good
ACC_CUST06216,CUST06216,8,3,13,1,Standard
ACC_CUST06217,CUST06217,5,7,11,0,Standard
ACC_CUST06218,CUST06218,6,5,22,3,Bad
ACC_CUST06219,CUST06219,4,4,15,2,Standard
ACC_CUST06220,CUST06220,1,3,8,4,Good
ACC_CUST06221,CUST06221,0,1,10,1,Good
ACC_CUST06222,CUST06222,3,5,1,1,Good
ACC_CUST06223,CUST06223,6,4,12,3,Standard
ACC_CUST06225,CUST06225,7,7,7,1,Standard
ACC_CUST06226,CUST06226,4,4,7,3,Good
ACC_CUST06228,CUST06228,5,2,1,2,Good
ACC_CUST06229,CUST06229,6,4,13,1,Standard
ACC_CUST06230,CUST06230,6,7,18,7,Standard
ACC_CUST06231,CUST06231,10,9,19,8,Bad
ACC_CUST06232,CUST06232,7,8,28,8,Bad
ACC_CUST06233,CUST06233,4,3,8,0,Good
ACC_CUST06234,CUST06234,5,6,20,4,Standard
ACC_CUST06235,CUST06235,8,3,14,2,Standard
ACC_CUST06236,CUST06236,8,6,18,7,Standard
ACC_CUST06237,CUST06237,4,7,10,0,Good
ACC_CUST06238,CUST06238,6,6,18,5,Standard
ACC_CUST06239,CUST06239,5,7,22,7,Standard
ACC_CUST06240,CUST06240,4,6,3,2,Good
ACC_CUST06241,CUST06241,2,7,7,3,Good
ACC_CUST06242,CUST06242,10,9,20,7,Standard
ACC_CUST06243,CUST06243,3,5,6,0,Standard
ACC_CUST06244,CUST06244,1,4,11,2,Good
ACC_CUST06245,CUST06245,5,3,16,2,Standard
ACC_CUST06246,CUST06246,7,7,4,3,Good
ACC_CUST06247,CUST06247,7,3,25,7,Standard
ACC_CUST06248,CUST06248,6,10,31,5,Bad
ACC_CUST06249,CUST06249,8,5,28,4,Standard
ACC_CUST06250,CUST06250,8,3,34,4,Standard
ACC_CUST06251,CUST06251,4,6,13,2,Standard
ACC_CUST06253,CUST06253,3,4,19,0,Standard
ACC_CUST06254,CUST06254,7,7,19,7,Bad
ACC_CUST06255,CUST06255,3,3,18,2,Standard
ACC_CUST06256,CUST06256,6,8,27,6,Bad
ACC_CUST06257,CUST06257,7,3,7,0,Standard
ACC_CUST06258,CUST06258,6,6,15,6,Bad
ACC_CUST06259,CUST06259,5,3,5,3,Standard
ACC_CUST06260,CUST06260,6,7,24,5,Bad
ACC_CUST06261,CUST06261,8,4,9,4,Standard
ACC_CUST06262,CUST06262,7,5,17,6,Bad
ACC_CUST06263,CUST06263,3,6,6,1,Good
ACC_CUST06264,CUST06264,4,6,34,6,Standard
ACC_CUST06265,CUST06265,10,10,17,9,Bad
ACC_CUST06266,CUST06266,2,5,10,3,Good
ACC_CUST06267,CUST06267,4,5,26,2,Standard
ACC_CUST06269,CUST06269,6,7,20,9,Bad
ACC_CUST06270,CUST06270,5,6,21,2,Standard
ACC_CUST06271,CUST06271,8,6,25,8,Bad
ACC_CUST06272,CUST06272,8,6,24,7,Bad
ACC_CUST06273,CUST06273,6,10,23,2,Standard
ACC_CUST06274,CUST06274,5,4,8,4,Standard
ACC_CUST06275,CUST06275,0,1,9,0,Good
ACC_CUST06276,CUST06276,9,10,26,2,Bad
ACC_CUST06277,CUST06277,10,5,23,7,Bad
ACC_CUST06278,CUST06278,5,5,9,0,Standard
ACC_CUST06279,CUST06279,7,7,10,4,Standard
ACC_CUST06280,CUST06280,8,10,29,5,Bad
ACC_CUST06281,CUST06281,4,5,15,1,Standard
ACC_CUST06282,CUST06282,8,4,14,5,Standard
ACC_CUST06283,CUST06283,3,4,5,0,Standard
ACC_CUST06284,CUST06284,3,5,12,4,Good
ACC_CUST06285,CUST06285,8,6,20,3,Standard
ACC_CUST06286,CUST06286,4,3,3,0,Good
ACC_CUST06287,CUST06287,2,4,2,2,Good
ACC_CUST06288,CUST06288,5,3,13,4,Standard
ACC_CUST06289,CUST06289,4,6,14,3,Standard
ACC_CUST06290,CUST06290,2,4,10,2,Good
ACC_CUST06291,CUST06291,8,4,7,1,Good
ACC_CUST06292,CUST06292,3,3,6,1,Good
ACC_CUST06293,CUST06293,5,3,7,3,Good
ACC_CUST06294,CUST06294,7,7,18,6,Bad
ACC_CUST06295,CUST06295,5,5,13,0,Standard
ACC_CUST06297,CUST06297,6,6,15,1,Standard
ACC_CUST06298,CUST06298,10,7,29,8,Bad
ACC_CUST06299,CUST06299,1,4,6,1,Good
ACC_CUST06300,CUST06300,0,6,8,2,Good
ACC_CUST06302,CUST06302,10,8,23,7,Bad
ACC_CUST06303,CUST06303,1,3,11,2,Good
ACC_CUST06304,CUST06304,3,4,8,1,Standard
ACC_CUST06305,CUST06305,5,3,8,1,Good
ACC_CUST06306,CUST06306,4,4,7,4,Good
ACC_CUST06307,CUST06307,4,2,12,1,Good
ACC_CUST06308,CUST06308,5,5,11,0,Good
ACC_CUST06309,CUST06309,1,2,9,1,Good
ACC_CUST06310,CUST06310,6,7,20,5,Bad
ACC_CUST06311,CUST06311,2,6,2,4,Good
ACC_CUST06312,CUST06312,8,7,16,1,Standard
ACC_CUST06313,CUST06313,4,6,12,0,Standard
ACC_CUST06314,CUST06314,7,5,17,9,Bad
ACC_CUST06315,CUST06315,1,7,10,0,Good
ACC_CUST06316,CUST06316,8,6,18,1,Standard
ACC_CUST06317,CUST06317,3,5,15,3,Standard
ACC_CUST06318,CUST06318,9,9,19,5,Bad
ACC_CUST06319,CUST06319,4,3,6,1,Good
ACC_CUST06320,CUST06320,5,3,5,1,Good
ACC_CUST06321,CUST06321,0,4,4,1,Good
ACC_CUST06322,CUST06322,8,5,34,7,Bad
ACC_CUST06323,CUST06323,5,3,14,3,Standard
ACC_CUST06324,CUST06324,7,5,15,1,Standard
ACC_CUST06325,CUST06325,1,6,1,4,Good
ACC_CUST06326,CUST06326,4,2,10,1,Good
ACC_CUST06327,CUST06327,7,5,17,7,Standard
ACC_CUST06328,CUST06328,4,1,7,0,Good
ACC_CUST06329,CUST06329,0,2,3,4,Good
ACC_CUST06330,CUST06330,3,4,13,3,Standard
ACC_CUST06331,CUST06331,9,5,27,6,Bad
ACC_CUST06332,CUST06332,3,3,8,2,Standard
ACC_CUST06333,CUST06333,6,6,5,3,Standard
ACC_CUST06334,CUST06334,6,8,22,5,Bad
ACC_CUST06335,CUST06335,9,9,20,8,Bad
ACC_CUST06336,CUST06336,8,8,31,6,Standard
ACC_CUST06337,CUST06337,3,4,34,2,Standard
ACC_CUST06338,CUST06338,5,4,17,2,Standard
ACC_CUST06339,CUST06339,9,7,24,5,Bad
ACC_CUST06340,CUST06340,10,8,31,7,Bad
ACC_CUST06341,CUST06341,8,6,12,2,Standard
ACC_CUST06342,CUST06342,3,6,11,4,Good
ACC_CUST06343,CUST06343,5,2,1,0,Good
ACC_CUST06344,CUST06344,7,3,15,0,Standard
ACC_CUST06345,CUST06345,7,7,21,9,Bad
ACC_CUST06346,CUST06346,4,3,10,1,Standard
ACC_CUST06347,CUST06347,3,3,9,3,Good
ACC_CUST06348,CUST06348,5,7,6,4,Standard
ACC_CUST06349,CUST06349,2,4,11,0,Good
ACC_CUST06350,CUST06350,6,5,29,9,Bad
ACC_CUST06351,CUST06351,9,9,20,5,Bad
ACC_CUST06354,CUST06354,7,3,10,3,Standard
ACC_CUST06355,CUST06355,8,4,8,7,Standard
ACC_CUST06356,CUST06356,1,3,6,3,Good
ACC_CUST06357,CUST06357,6,4,13,2,Standard
ACC_CUST06358,CUST06358,3,7,6,4,Good
ACC_CUST06359,CUST06359,0,1,10,4,Good
ACC_CUST06360,CUST06360,7,3,6,4,Good
ACC_CUST06361,CUST06361,10,7,32,5,Bad
ACC_CUST06362,CUST06362,10,10,31,7,Bad
ACC_CUST06363,CUST06363,4,5,9,1,Standard
ACC_CUST06365,CUST06365,4,5,8,2,Good
ACC_CUST06366,CUST06366,7,7,23,5,Standard
ACC_CUST06367,CUST06367,7,10,26,6,Bad
ACC_CUST06368,CUST06368,3,6,9,3,Standard
ACC_CUST06369,CUST06369,4,6,14,5,Standard
ACC_CUST06370,CUST06370,3,7,27,3,Standard
ACC_CUST06371,CUST06371,8,6,11,2,Good
ACC_CUST06372,CUST06372,5,3,20,2,Standard
ACC_CUST06373,CUST06373,1,2,10,4,Good
ACC_CUST06374,CUST06374,4,4,8,3,Standard
ACC_CUST06375,CUST06375,8,8,33,8,Bad
ACC_CUST06376,CUST06376,5,7,10,3,Good
ACC_CUST06377,CUST06377,2,7,1,1,Good
ACC_CUST06378,CUST06378,7,4,6,2,Standard
ACC_CUST06379,CUST06379,7,6,6,3,Standard
ACC_CUST06380,CUST06380,6,5,19,1,Standard
ACC_CUST06381,CUST06381,5,4,22,4,Standard
ACC_CUST06382,CUST06382,5,4,7,4,Standard
ACC_CUST06383,CUST06383,5,5,7,4,Standard
ACC_CUST06384,CUST06384,5,3,5,0,Standard
ACC_CUST06385,CUST06385,3,6,5,4,Good
ACC_CUST06386,CUST06386,7,5,10,3,Standard
ACC_CUST06387,CUST06387,5,5,14,4,Standard
ACC_CUST06388,CUST06388,1,6,5,2,Good
ACC_CUST06389,CUST06389,8,9,26,5,Bad
ACC_CUST06390,CUST06390,6,5,8,2,Good
ACC_CUST06391,CUST06391,6,5,30,7,Standard
ACC_CUST06392,CUST06392,4,5,8,0,Good
ACC_CUST06393,CUST06393,4,3,3,1,Good
ACC_CUST06394,CUST06394,5,3,12,1,Good
ACC_CUST06395,CUST06395,4,5,18,5,Standard
ACC_CUST06396,CUST06396,6,9,34,7,Bad
ACC_CUST06397,CUST06397,5,3,13,4,Standard
ACC_CUST06398,CUST06398,3,5,7,4,Good
ACC_CUST06399,CUST06399,7,6,21,5,Standard
ACC_CUST06400,CUST06400,9,9,24,8,Bad
ACC_CUST06402,CUST06402,4,4,9,3,Good
ACC_CUST06403,CUST06403,4,5,8,4,Good
ACC_CUST06404,CUST06404,2,5,9,3,Good
ACC_CUST06405,CUST06405,4,5,17,4,Standard
ACC_CUST06406,CUST06406,4,3,3,1,Good
ACC_CUST06407,CUST06407,7,7,28,6,Bad
ACC_CUST06408,CUST06408,7,5,27,8,Bad
ACC_CUST06409,CUST06409,4,4,11,2,Standard
ACC_CUST06410,CUST06410,6,6,20,3,Standard
ACC_CUST06411,CUST06411,1,3,5,3,Good
ACC_CUST06412,CUST06412,7,4,17,3,Standard
ACC_CUST06413,CUST06413,4,5,7,1,Standard
ACC_CUST06414,CUST06414,1,3,10,3,Good
ACC_CUST06415,CUST06415,1,7,3,1,Good
ACC_CUST06416,CUST06416,0,3,3,3,Good
ACC_CUST06417,CUST06417,4,6,4,0,Good
ACC_CUST06418,CUST06418,4,6,6,2,Good
ACC_CUST06419,CUST06419,5,4,18,3,Standard
ACC_CUST06420,CUST06420,5,2,11,3,Good
ACC_CUST06421,CUST06421,6,5,17,0,Standard
ACC_CUST06422,CUST06422,4,6,7,0,Standard
ACC_CUST06423,CUST06423,9,5,34,9,Bad
ACC_CUST06424,CUST06424,6,6,16,2,Standard
ACC_CUST06425,CUST06425,2,7,7,3,Good
ACC_CUST06426,CUST06426,7,7,19,0,Standard
ACC_CUST06427,CUST06427,3,3,5,1,Standard
ACC_CUST06428,CUST06428,9,9,32,9,Bad
ACC_CUST06429,CUST06429,8,3,19,0,Standard
ACC_CUST06430,CUST06430,1,5,6,2,Good
ACC_CUST06431,CUST06431,2,4,4,0,Good
ACC_CUST06432,CUST06432,4,7,8,4,Standard
ACC_CUST06433,CUST06433,0,5,2,2,Good
ACC_CUST06434,CUST06434,10,10,30,5,Standard
ACC_CUST06436,CUST06436,8,3,6,4,Standard
ACC_CUST06437,CUST06437,1,1,1,0,Good
ACC_CUST06438,CUST06438,6,10,30,7,Bad
ACC_CUST06439,CUST06439,1,5,8,4,Good
ACC_CUST06440,CUST06440,8,7,20,4,Standard
ACC_CUST06441,CUST06441,4,4,13,6,Standard
ACC_CUST06442,CUST06442,5,5,5,1,Standard
ACC_CUST06443,CUST06443,4,3,8,0,Good
ACC_CUST06444,CUST06444,6,7,11,2,Standard
ACC_CUST06445,CUST06445,7,5,5,0,Standard
ACC_CUST06446,CUST06446,5,5,18,6,Standard
ACC_CUST06447,CUST06447,5,6,6,1,Good
ACC_CUST06448,CUST06448,7,5,34,6,Bad
ACC_CUST06449,CUST06449,1,4,5,1,Good
ACC_CUST06450,CUST06450,6,6,15,3,Standard
ACC_CUST06451,CUST06451,5,5,19,3,Standard
ACC_CUST06452,CUST06452,9,8,30,7,Bad
ACC_CUST06453,CUST06453,4,3,12,2,Standard
ACC_CUST06454,CUST06454,6,10,24,5,Bad
ACC_CUST06455,CUST06455,8,6,20,2,Standard
ACC_CUST06456,CUST06456,6,6,14,2,Standard
ACC_CUST06457,CUST06457,6,5,19,4,Standard
ACC_CUST06458,CUST06458,3,3,15,3,Standard
ACC_CUST06459,CUST06459,8,7,15,7,Standard
ACC_CUST06460,CUST06460,7,6,13,1,Standard
ACC_CUST06461,CUST06461,9,8,16,7,Bad
ACC_CUST06462,CUST06462,5,3,13,4,Standard
ACC_CUST06463,CUST06463,7,6,26,2,Bad
ACC_CUST06464,CUST06464,7,6,5,4,Standard
ACC_CUST06465,CUST06465,4,4,7,2,Standard
ACC_CUST06466,CUST06466,8,5,30,5,Bad
ACC_CUST06467,CUST06467,10,6,30,9,Bad
ACC_CUST06468,CUST06468,5,4,7,3,Good
ACC_CUST06469,CUST06469,3,7,17,6,Standard
ACC_CUST06470,CUST06470,7,8,17,6,Bad
ACC_CUST06471,CUST06471,8,7,27,7,Bad
ACC_CUST06472,CUST06472,8,6,10,5,Standard
ACC_CUST06473,CUST06473,3,5,18,4,Standard
ACC_CUST06474,CUST06474,7,5,25,5,Bad
ACC_CUST06475,CUST06475,5,5,8,3,Standard
ACC_CUST06476,CUST06476,5,7,15,0,Standard
ACC_CUST06477,CUST06477,4,3,20,3,Standard
ACC_CUST06478,CUST06478,6,6,20,2,Standard
ACC_CUST06479,CUST06479,1,3,11,2,Good
ACC_CUST06480,CUST06480,8,8,31,4,Standard
ACC_CUST06481,CUST06481,6,7,27,5,Bad
ACC_CUST06482,CUST06482,3,2,11,0,Good
ACC_CUST06483,CUST06483,2,5,3,4,Good
ACC_CUST06484,CUST06484,2,7,10,1,Good
ACC_CUST06486,CUST06486,10,9,33,7,Bad
ACC_CUST06487,CUST06487,7,8,32,3,Standard
ACC_CUST06488,CUST06488,8,5,11,2,Standard
ACC_CUST06489,CUST06489,3,5,1,2,Good
ACC_CUST06490,CUST06490,9,9,29,7,Bad
ACC_CUST06491,CUST06491,9,9,19,5,Bad
ACC_CUST06493,CUST06493,5,4,6,1,Standard
ACC_CUST06494,CUST06494,5,7,10,2,Good
ACC_CUST06495,CUST06495,7,4,9,1,Standard
ACC_CUST06496,CUST06496,4,4,5,1,Good
ACC_CUST06497,CUST06497,6,8,19,4,Standard
ACC_CUST06498,CUST06498,7,6,15,7,Standard
ACC_CUST06499,CUST06499,6,7,30,6,Bad
ACC_CUST06500,CUST06500,2,5,3,3,Good
ACC_CUST06502,CUST06502,6,7,17,2,Standard
ACC_CUST06503,CUST06503,3,3,5,3,Standard
ACC_CUST06504,CUST06504,0,3,10,2,Good
ACC_CUST06505,CUST06505,9,10,32,2,Bad
ACC_CUST06506,CUST06506,7,7,11,4,Standard
ACC_CUST06507,CUST06507,7,4,6,1,Standard
ACC_CUST06508,CUST06508,7,5,7,4,Standard
ACC_CUST06509,CUST06509,3,7,11,3,Good
ACC_CUST06510,CUST06510,6,10,23,4,Bad
ACC_CUST06511,CUST06511,3,6,13,1,Standard
ACC_CUST06512,CUST06512,7,10,27,7,Bad
ACC_CUST06513,CUST06513,8,6,16,1,Standard
ACC_CUST06514,CUST06514,3,7,8,2,Good
ACC_CUST06515,CUST06515,5,4,4,0,Good
ACC_CUST06516,CUST06516,5,2,5,4,Good
ACC_CUST06517,CUST06517,7,5,8,0,Standard
ACC_CUST06518,CUST06518,4,7,9,0,Good
ACC_CUST06519,CUST06519,7,6,10,0,Standard
ACC_CUST06520,CUST06520,8,8,33,6,Bad
ACC_CUST06521,CUST06521,6,10,31,7,Bad
ACC_CUST06522,CUST06522,4,5,1,4,Good
ACC_CUST06523,CUST06523,7,6,24,9,Bad
ACC_CUST06524,CUST06524,3,6,19,2,Standard
ACC_CUST06525,CUST06525,5,7,2,4,Good
ACC_CUST06526,CUST06526,6,10,28,6,Bad
ACC_CUST06527,CUST06527,5,2,5,2,Good
ACC_CUST06529,CUST06529,5,3,13,7,Standard
ACC_CUST06530,CUST06530,5,3,13,2,Standard
ACC_CUST06531,CUST06531,5,1,5,4,Good
ACC_CUST06532,CUST06532,6,6,9,3,Standard
ACC_CUST06533,CUST06533,3,7,3,0,Good
ACC_CUST06534,CUST06534,6,6,11,1,Good
ACC_CUST06535,CUST06535,5,3,16,4,Standard
ACC_CUST06536,CUST06536,8,5,31,8,Bad
ACC_CUST06537,CUST06537,5,3,9,3,Good
ACC_CUST06538,CUST06538,5,6,12,4,Standard
ACC_CUST06539,CUST06539,9,7,20,5,Bad
ACC_CUST06540,CUST06540,9,7,34,8,Bad
ACC_CUST06541,CUST06541,4,4,15,3,Standard
ACC_CUST06542,CUST06542,9,5,25,7,Bad
ACC_CUST06544,CUST06544,4,1,4,1,Good
ACC_CUST06545,CUST06545,3,7,14,2,Standard
ACC_CUST06546,CUST06546,8,3,14,2,Standard
ACC_CUST06547,CUST06547,3,5,15,1,Standard
ACC_CUST06548,CUST06548,3,7,3,1,Good
ACC_CUST06549,CUST06549,4,7,1,3,Good
ACC_CUST06550,CUST06550,6,6,30,5,Bad
ACC_CUST06551,CUST06551,8,4,10,4,Standard
ACC_CUST06552,CUST06552,9,6,24,6,Standard
ACC_CUST06553,CUST06553,2,5,8,4,Good
ACC_CUST06554,CUST06554,8,5,16,4,Standard
ACC_CUST06555,CUST06555,4,4,5,5,Standard
ACC_CUST06556,CUST06556,3,4,4,0,Good
ACC_CUST06557,CUST06557,5,7,11,7,Standard
ACC_CUST06558,CUST06558,5,7,21,5,Standard
ACC_CUST06559,CUST06559,6,3,15,4,Standard
ACC_CUST06560,CUST06560,6,7,13,4,Standard
ACC_CUST06561,CUST06561,6,9,18,9,Bad
ACC_CUST06562,CUST06562,4,6,11,6,Standard
ACC_CUST06564,CUST06564,3,5,5,4,Good
ACC_CUST06565,CUST06565,7,7,14,3,Standard
ACC_CUST06566,CUST06566,2,4,1,0,Good
ACC_CUST06567,CUST06567,0,5,5,2,Good
ACC_CUST06568,CUST06568,5,5,12,1,Good
ACC_CUST06569,CUST06569,6,7,3,2,Good
ACC_CUST06570,CUST06570,3,5,8,2,Good
ACC_CUST06571,CUST06571,2,3,7,4,Good
ACC_CUST06572,CUST06572,4,7,7,1,Standard
ACC_CUST06573,CUST06573,5,3,5,4,Standard
ACC_CUST06574,CUST06574,3,7,20,6,Standard
ACC_CUST06575,CUST06575,6,7,19,6,Bad
ACC_CUST06576,CUST06576,3,3,5,1,Standard
ACC_CUST06577,CUST06577,5,4,15,4,Standard
ACC_CUST06578,CUST06578,1,7,7,2,Good
ACC_CUST06580,CUST06580,3,2,1,2,Good
ACC_CUST06581,CUST06581,5,7,6,6,Standard
ACC_CUST06582,CUST06582,4,6,7,2,Standard
ACC_CUST06583,CUST06583,7,6,5,0,Standard
ACC_CUST06584,CUST06584,2,1,6,4,Good
ACC_CUST06585,CUST06585,4,3,13,3,Standard
ACC_CUST06586,CUST06586,8,7,12,1,Standard
ACC_CUST06587,CUST06587,6,7,24,8,Bad
ACC_CUST06588,CUST06588,8,9,30,5,Bad
ACC_CUST06589,CUST06589,7,4,20,4,Standard
ACC_CUST06590,CUST06590,3,5,7,4,Good
ACC_CUST06591,CUST06591,6,7,17,0,Standard
ACC_CUST06592,CUST06592,7,3,10,4,Standard
ACC_CUST06593,CUST06593,8,9,27,4,Standard
ACC_CUST06594,CUST06594,3,6,20,1,Standard
ACC_CUST06595,CUST06595,4,7,25,2,Standard
ACC_CUST06596,CUST06596,3,4,10,3,Good
ACC_CUST06597,CUST06597,7,6,19,4,Standard
ACC_CUST06598,CUST06598,8,5,30,3,Standard
ACC_CUST06599,CUST06599,3,3,13,2,Standard
ACC_CUST06600,CUST06600,7,8,26,6,Bad
ACC_CUST06601,CUST06601,2,5,12,4,Good
ACC_CUST06602,CUST06602,6,8,33,7,Standard
ACC_CUST06603,CUST06603,4,3,3,2,Good
ACC_CUST06604,CUST06604,0,7,4,0,Good
ACC_CUST06605,CUST06605,5,5,5,4,Good
ACC_CUST06606,CUST06606,7,3,20,4,Standard
ACC_CUST06607,CUST06607,7,5,15,0,Standard
ACC_CUST06608,CUST06608,1,2,3,1,Good
ACC_CUST06609,CUST06609,7,7,19,2,Standard
ACC_CUST06610,CUST06610,6,5,34,7,Bad
ACC_CUST06611,CUST06611,4,5,9,2,Standard
ACC_CUST06612,CUST06612,8,5,1,4,Standard
ACC_CUST06613,CUST06613,3,7,1,3,Good
ACC_CUST06614,CUST06614,5,3,8,3,Good
ACC_CUST06615,CUST06615,6,6,8,3,Standard
ACC_CUST06616,CUST06616,8,6,16,8,Bad
ACC_CUST06617,CUST06617,7,6,12,1,Good
ACC_CUST06618,CUST06618,5,6,18,1,Standard
ACC_CUST06619,CUST06619,8,7,9,3,Standard
ACC_CUST06620,CUST06620,5,1,11,4,Good
ACC_CUST06621,CUST06621,0,5,8,3,Good
ACC_CUST06622,CUST06622,8,3,8,0,Standard
ACC_CUST06623,CUST06623,2,4,5,2,Good
ACC_CUST06624,CUST06624,0,6,10,4,Good
ACC_CUST06625,CUST06625,10,6,17,9,Bad
ACC_CUST06626,CUST06626,5,3,10,1,Good
ACC_CUST06627,CUST06627,7,5,17,3,Standard
ACC_CUST06628,CUST06628,8,4,10,0,Standard
ACC_CUST06629,CUST06629,6,10,18,8,Bad
ACC_CUST06630,CUST06630,6,4,5,2,Standard
ACC_CUST06631,CUST06631,9,8,32,9,Bad
ACC_CUST06632,CUST06632,6,10,15,5,Bad
ACC_CUST06633,CUST06633,7,5,16,9,Bad
ACC_CUST06635,CUST06635,5,5,15,2,Standard
ACC_CUST06636,CUST06636,6,5,16,7,Bad
ACC_CUST06637,CUST06637,7,7,8,4,Standard
ACC_CUST06638,CUST06638,10,5,24,8,Bad
ACC_CUST06639,CUST06639,6,5,16,1,Standard
ACC_CUST06640,CUST06640,4,4,14,2,Standard
ACC_CUST06641,CUST06641,3,1,3,1,Good
ACC_CUST06642,CUST06642,7,6,12,1,Standard
ACC_CUST06643,CUST06643,4,7,15,6,Standard
ACC_CUST06644,CUST06644,7,5,11,2,Standard
ACC_CUST06645,CUST06645,8,6,30,2,Standard
ACC_CUST06646,CUST06646,9,6,28,2,Bad
ACC_CUST06647,CUST06647,3,6,17,3,Standard
ACC_CUST06648,CUST06648,10,9,30,5,Bad
ACC_CUST06649,CUST06649,10,10,18,7,Standard
ACC_CUST06650,CUST06650,6,5,9,2,Standard
ACC_CUST06651,CUST06651,8,6,15,6,Bad
ACC_CUST06652,CUST06652,7,10,24,6,Bad
ACC_CUST06653,CUST06653,7,4,12,1,Good
ACC_CUST06654,CUST06654,5,5,7,1,Good
ACC_CUST06655,CUST06655,8,5,12,1,Standard
ACC_CUST06656,CUST06656,5,5,14,0,Standard
ACC_CUST06657,CUST06657,5,6,18,1,Standard
ACC_CUST06658,CUST06658,4,7,3,1,Good
ACC_CUST06659,CUST06659,2,2,10,2,Good
ACC_CUST06660,CUST06660,10,9,30,6,Bad
ACC_CUST06661,CUST06661,8,4,6,5,Standard
ACC_CUST06662,CUST06662,5,4,12,2,Standard
ACC_CUST06663,CUST06663,6,4,15,3,Standard
ACC_CUST06664,CUST06664,5,5,5,2,Standard
ACC_CUST06665,CUST06665,10,6,32,6,Bad
ACC_CUST06666,CUST06666,3,5,15,4,Standard
ACC_CUST06667,CUST06667,9,10,22,7,Standard
ACC_CUST06668,CUST06668,4,6,20,3,Standard
ACC_CUST06669,CUST06669,4,3,16,3,Standard
ACC_CUST06670,CUST06670,2,3,3,3,Good
ACC_CUST06671,CUST06671,7,8,30,6,Bad
ACC_CUST06672,CUST06672,9,10,34,9,Bad
ACC_CUST06673,CUST06673,9,10,27,8,Bad
ACC_CUST06674,CUST06674,8,3,11,1,Standard
ACC_CUST06675,CUST06675,2,3,10,0,Good
ACC_CUST06677,CUST06677,3,4,12,0,Standard
ACC_CUST06678,CUST06678,6,4,14,3,Standard
ACC_CUST06679,CUST06679,2,5,9,4,Good
ACC_CUST06680,CUST06680,7,5,14,4,Standard
ACC_CUST06681,CUST06681,7,6,8,3,Standard
ACC_CUST06682,CUST06682,5,5,5,4,Good
ACC_CUST06683,CUST06683,7,5,30,5,Bad
ACC_CUST06684,CUST06684,6,7,17,2,Bad
ACC_CUST06685,CUST06685,3,5,4,3,Good
ACC_CUST06686,CUST06686,5,5,8,3,Good
ACC_CUST06687,CUST06687,8,4,14,0,Standard
ACC_CUST06688,CUST06688,5,7,10,0,Standard
ACC_CUST06689,CUST06689,10,7,22,6,Bad
ACC_CUST06690,CUST06690,3,7,2,4,Good
ACC_CUST06691,CUST06691,0,3,1,4,Good
ACC_CUST06692,CUST06692,6,5,19,0,Standard
ACC_CUST06693,CUST06693,4,2,8,1,Good
ACC_CUST06694,CUST06694,8,10,22,8,Bad
ACC_CUST06695,CUST06695,6,5,27,5,Bad
ACC_CUST06696,CUST06696,5,3,5,0,Good
ACC_CUST06697,CUST06697,3,7,6,2,Standard
ACC_CUST06698,CUST06698,5,5,9,2,Good
ACC_CUST06699,CUST06699,4,6,1,0,Good
ACC_CUST06700,CUST06700,4,5,17,1,Standard
ACC_CUST06702,CUST06702,4,6,6,4,Standard
ACC_CUST06703,CUST06703,3,3,5,4,Standard
ACC_CUST06704,CUST06704,2,4,11,3,Good
ACC_CUST06705,CUST06705,4,5,1,3,Good
ACC_CUST06706,CUST06706,8,10,24,6,Bad
ACC_CUST06707,CUST06707,2,5,7,1,Good
ACC_CUST06708,CUST06708,3,3,17,6,Standard
ACC_CUST06709,CUST06709,7,10,23,5,Bad
ACC_CUST06710,CUST06710,10,10,22,3,Bad
ACC_CUST06711,CUST06711,3,9,24,3,Standard
ACC_CUST06712,CUST06712,2,6,5,4,Good
ACC_CUST06713,CUST06713,5,4,30,4,Standard
ACC_CUST06714,CUST06714,7,10,31,9,Bad
ACC_CUST06715,CUST06715,4,5,17,2,Standard
ACC_CUST06716,CUST06716,9,6,32,5,Bad
ACC_CUST06717,CUST06717,7,6,15,2,Bad
ACC_CUST06718,CUST06718,5,3,6,3,Standard
ACC_CUST06719,CUST06719,8,7,11,0,Good
ACC_CUST06720,CUST06720,3,4,13,4,Standard
ACC_CUST06721,CUST06721,6,7,33,6,Bad
ACC_CUST06722,CUST06722,7,3,10,4,Standard
ACC_CUST06723,CUST06723,4,4,10,1,Good
ACC_CUST06724,CUST06724,8,3,1,1,Good
ACC_CUST06725,CUST06725,9,5,30,6,Bad
ACC_CUST06726,CUST06726,3,3,29,2,Standard
ACC_CUST06727,CUST06727,4,5,11,0,Good
ACC_CUST06728,CUST06728,8,8,30,4,Standard
ACC_CUST06729,CUST06729,8,9,21,2,Bad
ACC_CUST06730,CUST06730,8,9,30,9,Bad
ACC_CUST06731,CUST06731,8,3,23,5,Standard
ACC_CUST06732,CUST06732,4,3,15,1,Standard
ACC_CUST06733,CUST06733,6,7,6,5,Standard
ACC_CUST06734,CUST06734,7,7,16,4,Standard
ACC_CUST06735,CUST06735,3,7,6,4,Good
ACC_CUST06736,CUST06736,7,9,23,6,Bad
ACC_CUST06737,CUST06737,4,7,20,0,Standard
ACC_CUST06738,CUST06738,8,3,8,0,Standard
ACC_CUST06739,CUST06739,1,4,9,3,Good
ACC_CUST06740,CUST06740,3,6,18,2,Standard
ACC_CUST06741,CUST06741,4,5,7,3,Good
ACC_CUST06742,CUST06742,7,3,17,5,Standard
ACC_CUST06744,CUST06744,0,5,3,4,Good
ACC_CUST06745,CUST06745,4,4,11,1,Good
ACC_CUST06746,CUST06746,9,5,21,4,Bad
ACC_CUST06747,CUST06747,0,2,1,0,Good
ACC_CUST06748,CUST06748,4,3,7,1,Good
ACC_CUST06749,CUST06749,0,4,11,3,Good
ACC_CUST06750,CUST06750,7,10,25,6,Bad
ACC_CUST06751,CUST06751,8,5,14,2,Standard
ACC_CUST06752,CUST06752,10,6,25,3,Standard
ACC_CUST06753,CUST06753,2,4,2,4,Good
ACC_CUST06754,CUST06754,10,7,32,9,Bad
ACC_CUST06755,CUST06755,0,2,11,0,Good
ACC_CUST06756,CUST06756,6,9,33,7,Bad
ACC_CUST06757,CUST06757,8,8,28,8,Bad
ACC_CUST06758,CUST06758,5,2,9,2,Good
ACC_CUST06759,CUST06759,9,5,28,2,Bad
ACC_CUST06760,CUST06760,4,5,11,1,Good
ACC_CUST06761,CUST06761,5,6,5,1,Standard
ACC_CUST06762,CUST06762,8,6,20,2,Standard
ACC_CUST06763,CUST06763,6,6,34,4,Standard
ACC_CUST06764,CUST06764,7,5,28,5,Bad
ACC_CUST06765,CUST06765,8,6,11,2,Standard
ACC_CUST06766,CUST06766,6,10,31,9,Bad
ACC_CUST06767,CUST06767,0,3,9,3,Good
ACC_CUST06768,CUST06768,4,7,2,3,Good
ACC_CUST06769,CUST06769,5,6,11,0,Good
ACC_CUST06770,CUST06770,8,5,26,6,Bad
ACC_CUST06771,CUST06771,5,7,13,0,Standard
ACC_CUST06772,CUST06772,10,10,32,7,Bad
ACC_CUST06774,CUST06774,10,5,16,8,Bad
ACC_CUST06775,CUST06775,0,6,10,0,Good
ACC_CUST06776,CUST06776,6,6,18,7,Standard
ACC_CUST06777,CUST06777,10,7,15,5,Bad
ACC_CUST06778,CUST06778,2,1,4,1,Good
ACC_CUST06779,CUST06779,5,5,10,2,Good
ACC_CUST06780,CUST06780,0,3,6,0,Good
ACC_CUST06781,CUST06781,8,4,10,3,Standard
ACC_CUST06782,CUST06782,7,5,6,3,Standard
ACC_CUST06783,CUST06783,0,5,5,3,Good
ACC_CUST06784,CUST06784,7,5,29,6,Bad
ACC_CUST06785,CUST06785,6,3,5,2,Standard
ACC_CUST06786,CUST06786,9,6,16,4,Bad
ACC_CUST06787,CUST06787,8,9,32,6,Bad
ACC_CUST06788,CUST06788,10,6,22,5,Bad
ACC_CUST06789,CUST06789,0,4,10,2,Good
ACC_CUST06790,CUST06790,0,5,9,2,Good
ACC_CUST06791,CUST06791,5,3,10,4,Good
ACC_CUST06792,CUST06792,7,4,10,1,Standard
ACC_CUST06793,CUST06793,3,5,2,2,Good
ACC_CUST06794,CUST06794,7,7,17,4,Standard
ACC_CUST06795,CUST06795,3,7,2,0,Good
ACC_CUST06797,CUST06797,5,5,5,2,Good
ACC_CUST06798,CUST06798,8,5,15,0,Standard
ACC_CUST06799,CUST06799,10,10,21,6,Bad
ACC_CUST06800,CUST06800,8,7,30,4,Standard
ACC_CUST06801,CUST06801,1,5,9,2,Good
ACC_CUST06802,CUST06802,6,6,2,3,Good
ACC_CUST06803,CUST06803,8,4,5,0,Standard
ACC_CUST06804,CUST06804,4,1,8,2,Good
ACC_CUST06805,CUST06805,7,8,23,6,Bad
ACC_CUST06807,CUST06807,10,5,29,9,Bad
ACC_CUST06808,CUST06808,6,7,13,7,Standard
ACC_CUST06810,CUST06810,2,4,11,1,Good
ACC_CUST06811,CUST06811,2,4,10,2,Good
ACC_CUST06812,CUST06812,3,3,8,0,Good
ACC_CUST06813,CUST06813,8,4,9,1,Standard
ACC_CUST06815,CUST06815,3,3,12,4,Standard
ACC_CUST06816,CUST06816,8,7,23,3,Bad
ACC_CUST06817,CUST06817,6,4,8,4,Standard
ACC_CUST06818,CUST06818,4,5,11,6,Standard
ACC_CUST06819,CUST06819,8,10,23,4,Standard
ACC_CUST06820,CUST06820,3,4,16,3,Standard
ACC_CUST06821,CUST06821,7,7,20,5,Bad
ACC_CUST06822,CUST06822,9,7,18,5,Bad
ACC_CUST06823,CUST06823,7,5,12,2,Standard
ACC_CUST06824,CUST06824,8,8,22,5,Bad
ACC_CUST06825,CUST06825,7,4,14,3,Standard
ACC_CUST06826,CUST06826,4,3,12,2,Standard
ACC_CUST06827,CUST06827,6,8,25,8,Bad
ACC_CUST06828,CUST06828,1,1,3,0,Good
ACC_CUST06829,CUST06829,7,6,4,4,Good
ACC_CUST06830,CUST06830,5,7,26,2,Standard
ACC_CUST06831,CUST06831,4,7,12,1,Good
ACC_CUST06832,CUST06832,7,9,18,6,Bad
ACC_CUST06833,CUST06833,4,3,9,4,Standard
ACC_CUST06834,CUST06834,0,5,3,2,Good
ACC_CUST06835,CUST06835,10,8,33,6,Standard
ACC_CUST06836,CUST06836,6,6,26,3,Bad
ACC_CUST06837,CUST06837,7,9,34,9,Bad
ACC_CUST06838,CUST06838,9,5,17,7,Bad
ACC_CUST06839,CUST06839,10,8,16,8,Bad
ACC_CUST06840,CUST06840,5,3,9,3,Standard
ACC_CUST06841,CUST06841,3,6,28,5,Standard
ACC_CUST06842,CUST06842,4,4,15,1,Standard
ACC_CUST06843,CUST06843,8,7,26,7,Standard
ACC_CUST06845,CUST06845,7,6,29,4,Bad
ACC_CUST06846,CUST06846,8,7,28,6,Bad
ACC_CUST06847,CUST06847,3,6,24,6,Standard
ACC_CUST06848,CUST06848,0,4,12,1,Good
ACC_CUST06849,CUST06849,9,6,26,9,Bad
ACC_CUST06850,CUST06850,5,3,8,2,Standard
ACC_CUST06851,CUST06851,6,4,3,0,Good
ACC_CUST06852,CUST06852,7,5,24,9,Bad
ACC_CUST06853,CUST06853,4,5,3,3,Good
ACC_CUST06854,CUST06854,8,6,16,4,Standard
ACC_CUST06855,CUST06855,3,3,11,4,Good
ACC_CUST06856,CUST06856,1,4,11,0,Good
ACC_CUST06857,CUST06857,8,10,33,7,Standard
ACC_CUST06858,CUST06858,8,6,20,4,Standard
ACC_CUST06859,CUST06859,5,6,17,0,Standard
ACC_CUST06860,CUST06860,6,10,26,5,Bad
ACC_CUST06861,CUST06861,6,10,16,2,Standard
ACC_CUST06862,CUST06862,5,7,7,1,Good
ACC_CUST06863,CUST06863,3,7,12,2,Standard
ACC_CUST06864,CUST06864,4,7,19,4,Standard
ACC_CUST06865,CUST06865,1,3,6,3,Good
ACC_CUST06866,CUST06866,8,4,14,1,Standard
ACC_CUST06867,CUST06867,7,8,22,5,Bad
ACC_CUST06868,CUST06868,7,9,27,2,Standard
ACC_CUST06869,CUST06869,9,9,18,7,Bad
ACC_CUST06871,CUST06871,1,6,9,2,Good
ACC_CUST06872,CUST06872,8,3,5,1,Good
ACC_CUST06873,CUST06873,4,6,4,0,Good
ACC_CUST06874,CUST06874,1,6,4,0,Good
ACC_CUST06875,CUST06875,6,5,18,4,Standard
ACC_CUST06876,CUST06876,8,6,31,6,Bad
ACC_CUST06877,CUST06877,2,3,7,4,Good
ACC_CUST06878,CUST06878,3,3,5,2,Good
ACC_CUST06879,CUST06879,3,7,3,1,Standard
ACC_CUST06880,CUST06880,8,8,22,5,Bad
ACC_CUST06881,CUST06881,0,5,3,4,Good
ACC_CUST06882,CUST06882,7,5,15,9,Bad
ACC_CUST06883,CUST06883,6,9,26,9,Bad
ACC_CUST06884,CUST06884,10,6,24,8,Bad
ACC_CUST06885,CUST06885,7,6,17,4,Standard
ACC_CUST06886,CUST06886,9,9,21,8,Bad
ACC_CUST06887,CUST06887,7,5,15,2,Standard
ACC_CUST06888,CUST06888,4,3,10,3,Standard
ACC_CUST06889,CUST06889,6,7,14,5,Standard
ACC_CUST06890,CUST06890,8,3,7,1,Standard
ACC_CUST06891,CUST06891,4,3,1,1,Good
ACC_CUST06892,CUST06892,8,6,32,6,Bad
ACC_CUST06893,CUST06893,5,3,5,4,Standard
ACC_CUST06894,CUST06894,5,4,12,3,Standard
ACC_CUST06895,CUST06895,4,7,9,2,Standard
ACC_CUST06896,CUST06896,2,2,1,1,Good
ACC_CUST06897,CUST06897,4,7,14,4,Standard
ACC_CUST06898,CUST06898,2,6,6,1,Good
ACC_CUST06899,CUST06899,6,6,5,4,Standard
ACC_CUST06900,CUST06900,3,4,3,2,Good
ACC_CUST06901,CUST06901,7,7,25,7,Bad
ACC_CUST06902,CUST06902,10,5,24,7,Standard
ACC_CUST06903,CUST06903,4,7,11,4,Good
ACC_CUST06904,CUST06904,4,7,15,4,Standard
ACC_CUST06905,CUST06905,10,5,22,6,Standard
ACC_CUST06906,CUST06906,6,5,17,5,Bad
ACC_CUST06907,CUST06907,3,7,6,1,Good
ACC_CUST06909,CUST06909,5,6,12,0,Good
ACC_CUST06910,CUST06910,2,6,1,1,Good
ACC_CUST06911,CUST06911,6,3,12,1,Standard
ACC_CUST06912,CUST06912,6,7,12,2,Good
ACC_CUST06913,CUST06913,9,8,25,9,Bad
ACC_CUST06914,CUST06914,3,3,6,5,Standard
ACC_CUST06915,CUST06915,8,5,19,0,Standard
ACC_CUST06916,CUST06916,3,6,15,0,Standard
ACC_CUST06917,CUST06917,6,6,14,4,Standard
ACC_CUST06918,CUST06918,3,5,17,3,Standard
ACC_CUST06919,CUST06919,8,10,24,6,Bad
ACC_CUST06920,CUST06920,8,6,20,4,Standard
ACC_CUST06921,CUST06921,8,6,12,4,Standard
ACC_CUST06922,CUST06922,8,9,30,5,Bad
ACC_CUST06924,CUST06924,9,9,15,5,Bad
ACC_CUST06925,CUST06925,8,3,6,6,Standard
ACC_CUST06926,CUST06926,3,5,11,1,Good
ACC_CUST06927,CUST06927,8,6,26,5,Bad
ACC_CUST06928,CUST06928,10,8,16,5,Standard
ACC_CUST06929,CUST06929,4,3,9,4,Good
ACC_CUST06930,CUST06930,7,9,19,5,Bad
ACC_CUST06931,CUST06931,8,5,17,1,Standard
ACC_CUST06932,CUST06932,4,5,14,4,Standard
ACC_CUST06933,CUST06933,2,4,10,1,Good
ACC_CUST06934,CUST06934,8,4,10,3,Standard
ACC_CUST06935,CUST06935,3,7,8,0,Good
ACC_CUST06936,CUST06936,3,4,6,4,Standard
ACC_CUST06937,CUST06937,8,7,25,7,Bad
ACC_CUST06938,CUST06938,4,3,2,1,Good
ACC_CUST06939,CUST06939,6,5,11,2,Standard
ACC_CUST06940,CUST06940,10,10,18,6,Bad
ACC_CUST06941,CUST06941,6,7,34,6,Bad
ACC_CUST06942,CUST06942,6,7,20,0,Standard
ACC_CUST06943,CUST06943,3,2,3,3,Good
ACC_CUST06944,CUST06944,3,4,16,0,Standard
ACC_CUST06945,CUST06945,8,5,34,9,Bad
ACC_CUST06946,CUST06946,6,6,32,9,Bad
ACC_CUST06947,CUST06947,2,5,5,3,Good
ACC_CUST06948,CUST06948,6,8,26,9,Bad
ACC_CUST06949,CUST06949,8,7,25,5,Bad
ACC_CUST06950,CUST06950,5,2,3,3,Good
ACC_CUST06951,CUST06951,6,5,6,0,Standard
ACC_CUST06952,CUST06952,6,3,20,7,Standard
ACC_CUST06953,CUST06953,8,7,12,0,Standard
ACC_CUST06954,CUST06954,4,2,11,3,Good
ACC_CUST06955,CUST06955,0,5,7,1,Good
ACC_CUST06956,CUST06956,0,5,1,0,Good
ACC_CUST06957,CUST06957,7,6,5,4,Standard
ACC_CUST06958,CUST06958,7,6,18,5,Standard
ACC_CUST06959,CUST06959,6,5,10,3,Standard
ACC_CUST06960,CUST06960,2,7,5,0,Good
ACC_CUST06961,CUST06961,10,9,33,6,Bad
ACC_CUST06962,CUST06962,2,5,10,0,Good
ACC_CUST06963,CUST06963,4,5,29,3,Standard
ACC_CUST06964,CUST06964,7,6,13,5,Standard
ACC_CUST06965,CUST06965,6,4,14,1,Standard
ACC_CUST06966,CUST06966,6,7,15,7,Standard
ACC_CUST06967,CUST06967,3,4,1,1,Good
ACC_CUST06968,CUST06968,5,3,7,2,Good
ACC_CUST06969,CUST06969,6,5,17,1,Standard
ACC_CUST06970,CUST06970,5,6,9,1,Standard
ACC_CUST06971,CUST06971,10,8,22,8,Bad
ACC_CUST06972,CUST06972,8,9,16,4,Bad
ACC_CUST06973,CUST06973,9,10,15,6,Bad
ACC_CUST06974,CUST06974,5,7,8,3,Good
ACC_CUST06976,CUST06976,5,1,8,4,Good
ACC_CUST06977,CUST06977,5,4,8,3,Standard
ACC_CUST06978,CUST06978,8,7,12,5,Standard
ACC_CUST06979,CUST06979,7,7,12,4,Standard
ACC_CUST06980,CUST06980,8,8,23,9,Bad
ACC_CUST06981,CUST06981,6,5,18,2,Standard
ACC_CUST06982,CUST06982,7,9,30,3,Bad
ACC_CUST06983,CUST06983,3,4,14,0,Standard
ACC_CUST06984,CUST06984,1,5,8,4,Good
ACC_CUST06985,CUST06985,2,7,6,3,Good
ACC_CUST06986,CUST06986,10,9,16,5,Bad
ACC_CUST06987,CUST06987,4,6,12,5,Standard
ACC_CUST06988,CUST06988,10,8,23,3,Bad
ACC_CUST06989,CUST06989,2,1,6,0,Good
ACC_CUST06990,CUST06990,5,3,16,3,Standard
ACC_CUST06991,CUST06991,6,7,16,2,Bad
ACC_CUST06992,CUST06992,5,3,20,3,Standard
ACC_CUST06993,CUST06993,2,5,6,3,Good
ACC_CUST06994,CUST06994,8,8,18,6,Standard
ACC_CUST06995,CUST06995,9,5,33,4,Bad
ACC_CUST06996,CUST06996,3,4,13,3,Standard
ACC_CUST06997,CUST06997,4,5,10,0,Good
ACC_CUST06998,CUST06998,6,7,27,6,Bad
ACC_CUST06999,CUST06999,5,4,19,6,Standard
ACC_CUST07000,CUST07000,8,3,15,6,Standard
ACC_CUST07001,CUST07001,6,5,16,9,Bad
ACC_CUST07002,CUST07002,7,7,20,3,Bad
ACC_CUST07003,CUST07003,8,10,23,5,Bad
ACC_CUST07005,CUST07005,3,5,13,2,Standard
ACC_CUST07006,CUST07006,1,6,2,1,Good
ACC_CUST07007,CUST07007,6,4,9,3,Standard
ACC_CUST07008,CUST07008,5,4,17,2,Standard
ACC_CUST07009,CUST07009,9,10,28,5,Bad
ACC_CUST07010,CUST07010,2,4,9,4,Good
ACC_CUST07012,CUST07012,4,7,17,3,Standard
ACC_CUST07013,CUST07013,10,9,31,7,Bad
ACC_CUST07014,CUST07014,5,6,13,3,Standard
ACC_CUST07015,CUST07015,4,6,19,2,Standard
ACC_CUST07016,CUST07016,4,7,3,3,Good
ACC_CUST07017,CUST07017,6,5,19,3,Standard
ACC_CUST07018,CUST07018,7,10,26,4,Bad
ACC_CUST07019,CUST07019,0,6,7,1,Good
ACC_CUST07020,CUST07020,8,8,18,7,Bad
ACC_CUST07021,CUST07021,4,7,5,3,Good
ACC_CUST07022,CUST07022,4,4,19,2,Standard
ACC_CUST07023,CUST07023,0,1,4,4,Good
ACC_CUST07024,CUST07024,8,4,11,1,Standard
ACC_CUST07025,CUST07025,8,10,28,7,Bad
ACC_CUST07026,CUST07026,6,7,28,7,Standard
ACC_CUST07027,CUST07027,8,3,13,2,Standard
ACC_CUST07028,CUST07028,7,5,18,0,Standard
ACC_CUST07029,CUST07029,6,5,15,4,Standard
ACC_CUST07031,CUST07031,8,5,16,1,Standard
ACC_CUST07032,CUST07032,6,6,19,5,Standard
ACC_CUST07033,CUST07033,4,3,1,4,Good
ACC_CUST07034,CUST07034,7,5,10,1,Standard
ACC_CUST07035,CUST07035,8,7,8,0,Standard
ACC_CUST07036,CUST07036,8,5,16,1,Standard
ACC_CUST07037,CUST07037,5,5,1,4,Good
ACC_CUST07038,CUST07038,4,1,7,4,Good
ACC_CUST07039,CUST07039,6,3,9,0,Standard
ACC_CUST07040,CUST07040,5,6,10,7,Standard
ACC_CUST07041,CUST07041,0,3,3,3,Good
ACC_CUST07042,CUST07042,3,1,12,1,Good
ACC_CUST07043,CUST07043,2,2,7,3,Good
ACC_CUST07044,CUST07044,9,9,32,2,Bad
ACC_CUST07045,CUST07045,8,4,15,4,Standard
ACC_CUST07046,CUST07046,9,7,27,8,Bad
ACC_CUST07047,CUST07047,3,3,9,4,Good
ACC_CUST07048,CUST07048,8,7,19,3,Standard
ACC_CUST07049,CUST07049,4,3,10,6,Standard
ACC_CUST07050,CUST07050,3,7,25,3,Standard
ACC_CUST07051,CUST07051,6,5,18,7,Bad
ACC_CUST07052,CUST07052,7,4,8,4,Standard
ACC_CUST07053,CUST07053,6,8,24,7,Bad
ACC_CUST07054,CUST07054,9,5,27,6,Bad
ACC_CUST07055,CUST07055,8,7,6,4,Standard
ACC_CUST07056,CUST07056,9,7,21,7,Bad
ACC_CUST07057,CUST07057,7,8,34,4,Bad
ACC_CUST07058,CUST07058,10,7,15,9,Bad
ACC_CUST07059,CUST07059,6,4,11,3,Standard
ACC_CUST07060,CUST07060,6,3,17,3,Standard
ACC_CUST07061,CUST07061,6,5,1,2,Good
ACC_CUST07062,CUST07062,4,4,16,3,Standard
ACC_CUST07063,CUST07063,4,7,6,4,Standard
ACC_CUST07064,CUST07064,7,3,16,5,Standard
ACC_CUST07065,CUST07065,5,6,20,1,Standard
ACC_CUST07066,CUST07066,8,8,30,5,Bad
ACC_CUST07067,CUST07067,0,5,4,0,Good
ACC_CUST07068,CUST07068,6,7,17,4,Standard
ACC_CUST07069,CUST07069,5,4,5,3,Standard
ACC_CUST07070,CUST07070,7,8,15,9,Bad
ACC_CUST07071,CUST07071,4,5,13,4,Standard
ACC_CUST07073,CUST07073,5,2,12,0,Good
ACC_CUST07074,CUST07074,8,8,31,9,Bad
ACC_CUST07075,CUST07075,5,7,1,1,Good
ACC_CUST07076,CUST07076,5,5,3,2,Good
ACC_CUST07077,CUST07077,5,3,6,3,Standard
ACC_CUST07078,CUST07078,9,5,25,8,Bad
ACC_CUST07079,CUST07079,6,8,27,9,Bad
ACC_CUST07080,CUST07080,6,9,15,4,Bad
ACC_CUST07081,CUST07081,9,7,32,9,Bad
ACC_CUST07082,CUST07082,6,5,7,2,Standard
ACC_CUST07083,CUST07083,9,9,30,6,Bad
ACC_CUST07084,CUST07084,8,7,7,4,Standard
ACC_CUST07085,CUST07085,5,4,14,3,Standard
ACC_CUST07086,CUST07086,0,3,4,1,Good
ACC_CUST07087,CUST07087,1,4,5,1,Good
ACC_CUST07088,CUST07088,3,1,10,3,Good
ACC_CUST07089,CUST07089,4,3,10,1,Good
ACC_CUST07090,CUST07090,5,4,11,4,Standard
ACC_CUST07091,CUST07091,3,7,5,0,Good
ACC_CUST07092,CUST07092,6,8,28,5,Standard
ACC_CUST07093,CUST07093,2,6,2,4,Good
ACC_CUST07094,CUST07094,7,7,19,2,Standard
ACC_CUST07095,CUST07095,6,5,27,2,Bad
ACC_CUST07096,CUST07096,3,2,1,4,Good
ACC_CUST07097,CUST07097,10,6,16,7,Bad
ACC_CUST07098,CUST07098,5,3,1,3,Good
ACC_CUST07099,CUST07099,4,3,30,4,Standard
ACC_CUST07100,CUST07100,4,4,12,1,Standard
ACC_CUST07101,CUST07101,8,3,7,0,Standard
ACC_CUST07102,CUST07102,10,5,24,7,Bad
ACC_CUST07103,CUST07103,4,5,11,0,Good
ACC_CUST07104,CUST07104,0,2,7,1,Good
ACC_CUST07105,CUST07105,9,10,16,6,Bad
ACC_CUST07106,CUST07106,4,4,9,4,Good
ACC_CUST07107,CUST07107,5,5,7,7,Standard
ACC_CUST07108,CUST07108,1,4,12,4,Good
ACC_CUST07109,CUST07109,5,6,13,4,Standard
ACC_CUST07110,CUST07110,4,7,20,4,Standard
ACC_CUST07111,CUST07111,2,3,1,0,Good
ACC_CUST07112,CUST07112,5,6,19,5,Standard
ACC_CUST07113,CUST07113,6,5,7,5,Standard
ACC_CUST07114,CUST07114,4,7,16,0,Standard
ACC_CUST07115,CUST07115,6,6,10,4,Standard
ACC_CUST07116,CUST07116,4,3,3,1,Good
ACC_CUST07117,CUST07117,8,7,2,0,Good
ACC_CUST07118,CUST07118,0,6,2,0,Good
ACC_CUST07119,CUST07119,5,6,5,5,Standard
ACC_CUST07120,CUST07120,6,4,7,3,Standard
ACC_CUST07121,CUST07121,10,6,29,8,Bad
ACC_CUST07122,CUST07122,10,8,34,9,Bad
ACC_CUST07123,CUST07123,5,5,5,0,Standard
ACC_CUST07124,CUST07124,4,3,20,0,Standard
ACC_CUST07125,CUST07125,3,4,1,2,Good
ACC_CUST07126,CUST07126,7,5,18,5,Bad
ACC_CUST07127,CUST07127,3,5,3,2,Good
ACC_CUST07128,CUST07128,6,7,21,4,Standard
ACC_CUST07129,CUST07129,4,5,8,2,Standard
ACC_CUST07130,CUST07130,8,10,28,6,Bad
ACC_CUST07131,CUST07131,1,7,1,1,Good
ACC_CUST07132,CUST07132,8,6,18,5,Bad
ACC_CUST07133,CUST07133,9,9,20,6,Bad
ACC_CUST07135,CUST07135,3,5,9,3,Standard
ACC_CUST07136,CUST07136,2,1,7,3,Good
ACC_CUST07137,CUST07137,7,7,24,7,Bad
ACC_CUST07138,CUST07138,6,6,5,3,Standard
ACC_CUST07139,CUST07139,0,1,5,2,Good
ACC_CUST07140,CUST07140,1,3,1,1,Good
ACC_CUST07141,CUST07141,3,10,26,3,Standard
ACC_CUST07142,CUST07142,9,7,22,9,Bad
ACC_CUST07143,CUST07143,5,4,1,4,Good
ACC_CUST07144,CUST07144,4,3,12,1,Good
ACC_CUST07145,CUST07145,5,4,6,0,Good
ACC_CUST07146,CUST07146,2,5,5,3,Good
ACC_CUST07147,CUST07147,0,6,11,2,Good
ACC_CUST07148,CUST07148,3,6,9,4,Standard
ACC_CUST07149,CUST07149,8,5,15,7,Bad
ACC_CUST07150,CUST07150,3,6,2,1,Good
ACC_CUST07151,CUST07151,4,6,1,4,Good
ACC_CUST07153,CUST07153,4,3,1,1,Good
ACC_CUST07154,CUST07154,0,3,8,4,Good
ACC_CUST07155,CUST07155,5,5,20,0,Standard
ACC_CUST07156,CUST07156,9,8,24,7,Bad
ACC_CUST07157,CUST07157,10,5,29,7,Bad
ACC_CUST07158,CUST07158,9,10,23,9,Bad
ACC_CUST07159,CUST07159,0,4,4,0,Good
ACC_CUST07160,CUST07160,0,5,7,3,Good
ACC_CUST07161,CUST07161,2,5,2,0,Good
ACC_CUST07162,CUST07162,4,5,12,1,Standard
ACC_CUST07163,CUST07163,6,3,7,4,Standard
ACC_CUST07164,CUST07164,4,5,10,6,Standard
ACC_CUST07165,CUST07165,10,5,23,4,Bad
ACC_CUST07166,CUST07166,5,6,25,3,Standard
ACC_CUST07167,CUST07167,3,9,33,3,Standard
ACC_CUST07168,CUST07168,7,4,16,1,Standard
ACC_CUST07169,CUST07169,3,9,20,5,Standard
ACC_CUST07170,CUST07170,6,3,14,3,Standard
ACC_CUST07171,CUST07171,8,4,18,3,Standard
ACC_CUST07172,CUST07172,7,5,32,9,Bad
ACC_CUST07173,CUST07173,4,3,20,4,Standard
ACC_CUST07174,CUST07174,5,5,18,5,Standard
ACC_CUST07175,CUST07175,6,6,18,6,Standard
ACC_CUST07176,CUST07176,4,4,20,3,Standard
ACC_CUST07177,CUST07177,4,5,8,2,Good
ACC_CUST07178,CUST07178,10,7,28,8,Bad
ACC_CUST07179,CUST07179,10,5,24,9,Bad
ACC_CUST07180,CUST07180,7,3,19,3,Standard
ACC_CUST07181,CUST07181,7,9,31,6,Bad
ACC_CUST07182,CUST07182,7,7,32,2,Standard
ACC_CUST07183,CUST07183,7,10,25,7,Standard
ACC_CUST07184,CUST07184,4,3,10,1,Good
ACC_CUST07185,CUST07185,9,10,26,5,Bad
ACC_CUST07186,CUST07186,4,4,7,1,Standard
ACC_CUST07187,CUST07187,4,6,32,6,Standard
ACC_CUST07188,CUST07188,5,3,7,3,Standard
ACC_CUST07189,CUST07189,4,7,15,0,Standard
ACC_CUST07190,CUST07190,3,5,18,4,Standard
ACC_CUST07191,CUST07191,2,5,11,4,Good
ACC_CUST07192,CUST07192,6,5,27,5,Bad
ACC_CUST07194,CUST07194,5,3,23,3,Standard
ACC_CUST07195,CUST07195,8,7,11,4,Standard
ACC_CUST07196,CUST07196,9,8,32,2,Bad
ACC_CUST07197,CUST07197,3,6,7,3,Good
ACC_CUST07198,CUST07198,5,3,8,2,Standard
ACC_CUST07199,CUST07199,3,6,1,0,Good
ACC_CUST07201,CUST07201,6,5,4,3,Good
ACC_CUST07202,CUST07202,6,7,6,4,Standard
ACC_CUST07203,CUST07203,8,6,13,0,Standard
ACC_CUST07204,CUST07204,4,7,14,0,Standard
ACC_CUST07205,CUST07205,6,7,30,7,Bad
ACC_CUST07208,CUST07208,9,8,25,6,Bad
ACC_CUST07209,CUST07209,8,4,13,2,Standard
ACC_CUST07210,CUST07210,4,5,11,4,Good
ACC_CUST07211,CUST07211,10,10,23,3,Bad
ACC_CUST07212,CUST07212,3,4,12,4,Standard
ACC_CUST07213,CUST07213,10,5,19,8,Bad
ACC_CUST07214,CUST07214,7,3,10,2,Standard
ACC_CUST07215,CUST07215,6,6,15,4,Standard
ACC_CUST07216,CUST07216,7,4,6,2,Standard
ACC_CUST07217,CUST07217,7,6,28,8,Bad
ACC_CUST07218,CUST07218,7,4,10,4,Standard
ACC_CUST07219,CUST07219,1,5,3,1,Good
ACC_CUST07220,CUST07220,8,3,9,1,Standard
ACC_CUST07222,CUST07222,5,6,7,2,Standard
ACC_CUST07223,CUST07223,4,2,6,2,Good
ACC_CUST07224,CUST07224,8,7,17,4,Standard
ACC_CUST07225,CUST07225,10,8,20,5,Standard
ACC_CUST07226,CUST07226,8,8,18,3,Standard
ACC_CUST07227,CUST07227,4,5,10,0,Good
ACC_CUST07228,CUST07228,3,5,16,4,Standard
ACC_CUST07229,CUST07229,4,3,10,4,Good
ACC_CUST07230,CUST07230,5,3,6,5,Standard
ACC_CUST07231,CUST07231,6,5,14,2,Standard
ACC_CUST07232,CUST07232,8,4,13,0,Standard
ACC_CUST07233,CUST07233,4,4,6,3,Good
ACC_CUST07234,CUST07234,4,4,12,3,Standard
ACC_CUST07235,CUST07235,8,3,9,4,Standard
ACC_CUST07236,CUST07236,3,7,19,5,Standard
ACC_CUST07237,CUST07237,3,3,7,0,Standard
ACC_CUST07238,CUST07238,9,7,30,6,Bad
ACC_CUST07239,CUST07239,6,3,19,4,Standard
ACC_CUST07240,CUST07240,3,6,11,4,Standard
ACC_CUST07241,CUST07241,4,4,8,1,Good
ACC_CUST07242,CUST07242,9,6,18,5,Standard
ACC_CUST07243,CUST07243,7,8,16,7,Bad
ACC_CUST07244,CUST07244,9,10,26,7,Bad
ACC_CUST07245,CUST07245,10,7,31,5,Standard
ACC_CUST07246,CUST07246,7,8,24,3,Bad
ACC_CUST07247,CUST07247,7,5,14,2,Standard
ACC_CUST07248,CUST07248,9,7,25,5,Bad
ACC_CUST07249,CUST07249,8,5,15,4,Standard
ACC_CUST07250,CUST07250,5,5,5,2,Good
ACC_CUST07251,CUST07251,7,6,34,3,Standard
ACC_CUST07252,CUST07252,5,5,15,7,Standard
ACC_CUST07253,CUST07253,6,7,25,5,Bad
ACC_CUST07254,CUST07254,3,5,4,2,Good
ACC_CUST07255,CUST07255,5,6,5,3,Good
ACC_CUST07256,CUST07256,8,6,30,5,Standard
ACC_CUST07257,CUST07257,2,2,5,3,Good
ACC_CUST07258,CUST07258,5,3,20,1,Standard
ACC_CUST07259,CUST07259,1,3,11,1,Good
ACC_CUST07260,CUST07260,5,3,11,2,Good
ACC_CUST07261,CUST07261,8,4,20,4,Standard
ACC_CUST07262,CUST07262,7,7,30,5,Bad
ACC_CUST07263,CUST07263,8,4,5,2,Standard
ACC_CUST07264,CUST07264,10,5,33,6,Standard
ACC_CUST07265,CUST07265,4,7,5,2,Good
ACC_CUST07266,CUST07266,7,4,19,2,Standard
ACC_CUST07267,CUST07267,8,5,33,5,Standard
ACC_CUST07268,CUST07268,9,10,22,9,Bad
ACC_CUST07269,CUST07269,9,6,32,9,Bad
ACC_CUST07270,CUST07270,1,5,3,3,Good
ACC_CUST07271,CUST07271,7,10,29,9,Bad
ACC_CUST07272,CUST07272,10,8,15,8,Bad
ACC_CUST07273,CUST07273,8,10,33,6,Bad
ACC_CUST07274,CUST07274,0,3,8,0,Good
ACC_CUST07275,CUST07275,7,7,24,2,Standard
ACC_CUST07276,CUST07276,7,7,8,1,Standard
ACC_CUST07277,CUST07277,6,5,25,8,Bad
ACC_CUST07278,CUST07278,2,5,5,2,Good
ACC_CUST07280,CUST07280,3,5,22,7,Standard
ACC_CUST07281,CUST07281,7,3,12,5,Standard
ACC_CUST07282,CUST07282,6,3,17,6,Standard
ACC_CUST07283,CUST07283,5,6,13,3,Standard
ACC_CUST07284,CUST07284,7,6,25,7,Bad
ACC_CUST07286,CUST07286,4,7,9,3,Standard
ACC_CUST07287,CUST07287,8,5,12,2,Standard
ACC_CUST07288,CUST07288,8,4,15,1,Standard
ACC_CUST07289,CUST07289,5,6,8,3,Good
ACC_CUST07290,CUST07290,0,5,4,3,Good
ACC_CUST07291,CUST07291,7,10,26,9,Bad
ACC_CUST07292,CUST07292,1,5,4,1,Good
ACC_CUST07294,CUST07294,3,6,5,3,Good
ACC_CUST07295,CUST07295,7,3,19,7,Standard
ACC_CUST07296,CUST07296,8,4,5,1,Standard
ACC_CUST07297,CUST07297,9,5,20,7,Standard
ACC_CUST07298,CUST07298,3,7,13,3,Standard
ACC_CUST07299,CUST07299,8,4,3,1,Good
ACC_CUST07300,CUST07300,3,6,18,3,Standard
ACC_CUST07301,CUST07301,3,4,17,2,Standard
ACC_CUST07302,CUST07302,6,9,19,7,Bad
ACC_CUST07303,CUST07303,4,4,11,2,Good
ACC_CUST07304,CUST07304,8,6,29,5,Standard
ACC_CUST07305,CUST07305,1,3,5,0,Good
ACC_CUST07306,CUST07306,4,4,9,3,Standard
ACC_CUST07307,CUST07307,6,5,7,2,Good
ACC_CUST07308,CUST07308,8,4,7,6,Standard
ACC_CUST07309,CUST07309,3,6,5,0,Standard
ACC_CUST07310,CUST07310,9,6,33,9,Bad
ACC_CUST07311,CUST07311,9,7,17,5,Bad
ACC_CUST07312,CUST07312,2,6,4,4,Good
ACC_CUST07313,CUST07313,9,9,21,3,Bad
ACC_CUST07314,CUST07314,4,6,8,0,Good
ACC_CUST07316,CUST07316,9,10,20,3,Bad
ACC_CUST07318,CUST07318,7,4,18,4,Standard
ACC_CUST07319,CUST07319,5,4,9,7,Standard
ACC_CUST07321,CUST07321,3,6,11,4,Good
ACC_CUST07322,CUST07322,4,7,12,2,Standard
ACC_CUST07323,CUST07323,5,3,1,2,Good
ACC_CUST07324,CUST07324,5,4,5,4,Good
ACC_CUST07326,CUST07326,5,4,3,2,Good
ACC_CUST07329,CUST07329,6,3,16,6,Standard
ACC_CUST07330,CUST07330,8,7,25,7,Standard
ACC_CUST07331,CUST07331,8,7,21,8,Bad
ACC_CUST07332,CUST07332,5,4,2,1,Good
ACC_CUST07333,CUST07333,9,8,27,3,Standard
ACC_CUST07334,CUST07334,4,6,10,4,Standard
ACC_CUST07335,CUST07335,6,7,13,0,Standard
ACC_CUST07336,CUST07336,3,4,20,2,Standard
ACC_CUST07337,CUST07337,9,10,32,8,Bad
ACC_CUST07338,CUST07338,10,7,16,7,Standard
ACC_CUST07339,CUST07339,8,3,18,4,Standard
ACC_CUST07340,CUST07340,5,6,5,2,Standard
ACC_CUST07341,CUST07341,6,4,10,1,Standard
ACC_CUST07342,CUST07342,7,4,17,0,Standard
ACC_CUST07343,CUST07343,5,7,9,4,Good
ACC_CUST07344,CUST07344,8,5,34,9,Bad
ACC_CUST07345,CUST07345,4,4,23,4,Standard
ACC_CUST07346,CUST07346,8,4,9,4,Standard
ACC_CUST07347,CUST07347,7,5,16,2,Standard
ACC_CUST07348,CUST07348,6,4,11,1,Standard
ACC_CUST07349,CUST07349,2,1,5,2,Good
ACC_CUST07350,CUST07350,7,4,15,0,Standard
ACC_CUST07351,CUST07351,10,10,29,8,Bad
ACC_CUST07352,CUST07352,0,7,6,0,Good
ACC_CUST07353,CUST07353,3,3,3,2,Good
ACC_CUST07354,CUST07354,0,5,3,3,Good
ACC_CUST07356,CUST07356,10,10,18,9,Bad
ACC_CUST07357,CUST07357,9,9,26,8,Bad
ACC_CUST07358,CUST07358,5,6,5,2,Standard
ACC_CUST07359,CUST07359,8,9,30,7,Bad
ACC_CUST07360,CUST07360,7,6,27,7,Standard
ACC_CUST07362,CUST07362,7,7,7,1,Standard
ACC_CUST07363,CUST07363,8,10,20,3,Bad
ACC_CUST07364,CUST07364,9,5,29,8,Bad
ACC_CUST07365,CUST07365,1,7,3,1,Good
ACC_CUST07366,CUST07366,6,6,19,5,Bad
ACC_CUST07367,CUST07367,8,6,20,5,Standard
ACC_CUST07369,CUST07369,7,7,23,4,Bad
ACC_CUST07370,CUST07370,7,7,21,2,Bad
ACC_CUST07371,CUST07371,4,5,15,7,Standard
ACC_CUST07372,CUST07372,5,4,5,2,Good
ACC_CUST07373,CUST07373,6,7,5,2,Standard
ACC_CUST07374,CUST07374,8,10,24,6,Standard
ACC_CUST07375,CUST07375,9,6,29,8,Bad
ACC_CUST07376,CUST07376,3,3,5,1,Standard
ACC_CUST07377,CUST07377,3,6,3,0,Good
ACC_CUST07378,CUST07378,6,10,17,4,Standard
ACC_CUST07379,CUST07379,1,1,10,1,Good
ACC_CUST07380,CUST07380,7,9,28,7,Bad
ACC_CUST07381,CUST07381,6,4,17,7,Standard
ACC_CUST07382,CUST07382,10,9,22,9,Bad
ACC_CUST07383,CUST07383,4,3,6,0,Good
ACC_CUST07384,CUST07384,6,5,26,3,Standard
ACC_CUST07385,CUST07385,2,7,8,3,Good
ACC_CUST07386,CUST07386,8,6,12,0,Standard
ACC_CUST07387,CUST07387,3,5,12,2,Good
ACC_CUST07388,CUST07388,8,6,32,9,Bad
ACC_CUST07390,CUST07390,5,3,10,2,Standard
ACC_CUST07391,CUST07391,6,6,14,1,Standard
ACC_CUST07392,CUST07392,7,3,11,3,Standard
ACC_CUST07393,CUST07393,4,4,9,1,Good
ACC_CUST07394,CUST07394,2,4,11,0,Good
ACC_CUST07395,CUST07395,7,10,28,8,Bad
ACC_CUST07397,CUST07397,8,6,15,0,Standard
ACC_CUST07398,CUST07398,5,4,16,4,Standard
ACC_CUST07399,CUST07399,7,3,19,7,Standard
ACC_CUST07400,CUST07400,8,6,12,6,Standard
ACC_CUST07401,CUST07401,6,5,30,6,Bad
ACC_CUST07402,CUST07402,3,5,11,0,Good
ACC_CUST07403,CUST07403,3,2,1,4,Good
ACC_CUST07404,CUST07404,10,5,22,5,Bad
ACC_CUST07405,CUST07405,8,9,27,4,Bad
ACC_CUST07406,CUST07406,6,5,31,9,Bad
ACC_CUST07407,CUST07407,8,6,11,2,Good
ACC_CUST07408,CUST07408,5,7,5,1,Good
ACC_CUST07409,CUST07409,3,5,17,6,Standard
ACC_CUST07410,CUST07410,3,5,11,1,Standard
ACC_CUST07411,CUST07411,6,9,23,5,Bad
ACC_CUST07412,CUST07412,3,3,10,3,Standard
ACC_CUST07413,CUST07413,8,5,11,4,Standard
ACC_CUST07414,CUST07414,2,6,4,4,Good
ACC_CUST07415,CUST07415,8,7,9,4,Standard
ACC_CUST07416,CUST07416,10,9,29,4,Standard
ACC_CUST07417,CUST07417,5,5,9,2,Standard
ACC_CUST07418,CUST07418,3,3,5,2,Good
ACC_CUST07419,CUST07419,6,3,4,1,Good
ACC_CUST07420,CUST07420,6,6,16,1,Standard
ACC_CUST07421,CUST07421,3,6,6,1,Standard
ACC_CUST07422,CUST07422,8,5,25,3,Standard
ACC_CUST07423,CUST07423,5,7,8,1,Good
ACC_CUST07424,CUST07424,9,10,28,6,Bad
ACC_CUST07425,CUST07425,9,5,32,9,Bad
ACC_CUST07426,CUST07426,6,3,19,3,Standard
ACC_CUST07427,CUST07427,6,4,18,3,Standard
ACC_CUST07428,CUST07428,5,7,7,0,Standard
ACC_CUST07429,CUST07429,8,5,18,2,Standard
ACC_CUST07430,CUST07430,4,4,5,3,Good
ACC_CUST07431,CUST07431,7,5,7,1,Standard
ACC_CUST07432,CUST07432,0,1,8,2,Good
ACC_CUST07433,CUST07433,3,3,11,2,Good
ACC_CUST07434,CUST07434,7,7,31,8,Bad
ACC_CUST07435,CUST07435,1,5,5,1,Good
ACC_CUST07436,CUST07436,4,5,8,2,Good
ACC_CUST07437,CUST07437,8,7,7,2,Standard
ACC_CUST07438,CUST07438,5,3,3,1,Good
ACC_CUST07439,CUST07439,0,5,2,0,Good
ACC_CUST07440,CUST07440,7,7,8,2,Standard
ACC_CUST07441,CUST07441,8,6,32,7,Bad
ACC_CUST07442,CUST07442,8,3,8,3,Standard
ACC_CUST07443,CUST07443,7,6,18,0,Standard
ACC_CUST07444,CUST07444,3,3,5,4,Standard
ACC_CUST07445,CUST07445,3,4,18,1,Standard
ACC_CUST07446,CUST07446,2,7,6,4,Good
ACC_CUST07447,CUST07447,6,9,17,2,Standard
ACC_CUST07448,CUST07448,6,5,9,1,Good
ACC_CUST07449,CUST07449,6,5,29,9,Bad
ACC_CUST07450,CUST07450,3,1,2,0,Good
ACC_CUST07451,CUST07451,4,4,5,0,Good
ACC_CUST07452,CUST07452,5,4,11,3,Standard
ACC_CUST07453,CUST07453,5,5,1,0,Good
ACC_CUST07454,CUST07454,3,5,10,4,Good
ACC_CUST07455,CUST07455,0,4,6,1,Good
ACC_CUST07456,CUST07456,9,5,16,6,Bad
ACC_CUST07457,CUST07457,2,3,10,3,Good
ACC_CUST07458,CUST07458,6,7,17,4,Standard
ACC_CUST07459,CUST07459,6,5,21,6,Bad
ACC_CUST07460,CUST07460,8,7,19,0,Standard
ACC_CUST07461,CUST07461,5,4,19,4,Standard
ACC_CUST07462,CUST07462,7,6,19,4,Standard
ACC_CUST07463,CUST07463,6,8,31,7,Bad
ACC_CUST07464,CUST07464,4,6,2,2,Good
ACC_CUST07465,CUST07465,2,4,5,0,Good
ACC_CUST07466,CUST07466,3,4,11,4,Good
ACC_CUST07467,CUST07467,2,6,5,3,Good
ACC_CUST07468,CUST07468,5,5,7,7,Standard
ACC_CUST07469,CUST07469,3,7,7,1,Standard
ACC_CUST07470,CUST07470,3,7,17,4,Standard
ACC_CUST07471,CUST07471,3,6,9,3,Good
ACC_CUST07472,CUST07472,5,3,13,0,Standard
ACC_CUST07473,CUST07473,4,5,19,0,Standard
ACC_CUST07474,CUST07474,9,5,24,5,Bad
ACC_CUST07475,CUST07475,1,4,5,3,Good
ACC_CUST07477,CUST07477,4,4,5,5,Standard
ACC_CUST07478,CUST07478,3,3,7,2,Good
ACC_CUST07479,CUST07479,0,3,1,2,Good
ACC_CUST07480,CUST07480,4,6,3,2,Good
ACC_CUST07481,CUST07481,6,6,6,2,Standard
ACC_CUST07482,CUST07482,3,4,12,3,Good
ACC_CUST07483,CUST07483,3,7,12,3,Standard
ACC_CUST07484,CUST07484,4,6,29,2,Standard
ACC_CUST07485,CUST07485,9,5,27,6,Bad
ACC_CUST07486,CUST07486,7,10,26,4,Standard
ACC_CUST07487,CUST07487,3,4,1,1,Good
ACC_CUST07488,CUST07488,6,6,12,3,Standard
ACC_CUST07489,CUST07489,7,5,33,2,Standard
ACC_CUST07490,CUST07490,5,2,8,0,Good
ACC_CUST07491,CUST07491,0,6,6,1,Good
ACC_CUST07492,CUST07492,10,8,33,9,Bad
ACC_CUST07493,CUST07493,2,5,5,1,Good
ACC_CUST07494,CUST07494,5,5,8,1,Standard
ACC_CUST07495,CUST07495,10,8,15,7,Bad
ACC_CUST07496,CUST07496,6,7,25,2,Standard
ACC_CUST07497,CUST07497,5,7,18,2,Standard
ACC_CUST07498,CUST07498,8,9,26,5,Standard
ACC_CUST07499,CUST07499,7,3,14,1,Standard
ACC_CUST07501,CUST07501,10,5,15,3,Standard
ACC_CUST07502,CUST07502,3,4,8,1,Standard
ACC_CUST07503,CUST07503,5,4,4,0,Good
ACC_CUST07505,CUST07505,5,7,9,4,Standard
ACC_CUST07506,CUST07506,9,9,25,8,Bad
ACC_CUST07507,CUST07507,8,8,17,5,Standard
ACC_CUST07508,CUST07508,1,4,4,2,Good
ACC_CUST07509,CUST07509,0,5,8,0,Good
ACC_CUST07510,CUST07510,7,4,17,5,Standard
ACC_CUST07511,CUST07511,4,6,9,2,Standard
ACC_CUST07512,CUST07512,6,8,19,9,Bad
ACC_CUST07513,CUST07513,7,7,1,0,Good
ACC_CUST07514,CUST07514,8,4,19,1,Standard
ACC_CUST07515,CUST07515,4,4,2,3,Good
ACC_CUST07516,CUST07516,3,3,17,3,Standard
ACC_CUST07517,CUST07517,6,6,5,0,Standard
ACC_CUST07518,CUST07518,7,5,11,0,Standard
ACC_CUST07519,CUST07519,10,8,25,9,Bad
ACC_CUST07520,CUST07520,4,5,18,4,Standard
ACC_CUST07521,CUST07521,8,9,29,8,Bad
ACC_CUST07522,CUST07522,9,9,28,7,Bad
ACC_CUST07523,CUST07523,4,4,16,7,Standard
ACC_CUST07524,CUST07524,0,7,10,4,Good
ACC_CUST07525,CUST07525,7,6,17,6,Bad
ACC_CUST07526,CUST07526,5,4,16,3,Standard
ACC_CUST07527,CUST07527,8,4,19,3,Standard
ACC_CUST07528,CUST07528,2,3,8,1,Good
ACC_CUST07529,CUST07529,3,7,10,4,Standard
ACC_CUST07531,CUST07531,7,7,23,8,Bad
ACC_CUST07532,CUST07532,8,6,25,4,Bad
ACC_CUST07533,CUST07533,4,5,12,4,Good
ACC_CUST07534,CUST07534,3,2,10,2,Good
ACC_CUST07535,CUST07535,4,7,17,6,Standard
ACC_CUST07536,CUST07536,0,1,7,2,Good
ACC_CUST07537,CUST07537,5,1,5,1,Good
ACC_CUST07538,CUST07538,8,6,32,3,Bad
ACC_CUST07539,CUST07539,4,6,20,4,Standard
ACC_CUST07540,CUST07540,5,7,20,0,Standard
ACC_CUST07541,CUST07541,4,2,4,1,Good
ACC_CUST07542,CUST07542,4,6,27,7,Standard
ACC_CUST07543,CUST07543,8,4,11,4,Standard
ACC_CUST07544,CUST07544,8,5,17,4,Standard
ACC_CUST07545,CUST07545,4,1,1,1,Good
ACC_CUST07546,CUST07546,3,4,16,1,Standard
ACC_CUST07547,CUST07547,3,5,34,7,Standard
ACC_CUST07548,CUST07548,0,4,3,2,Good
ACC_CUST07549,CUST07549,8,6,31,8,Bad
ACC_CUST07550,CUST07550,5,5,6,1,Good
ACC_CUST07551,CUST07551,4,3,11,0,Good
ACC_CUST07553,CUST07553,8,10,19,4,Bad
ACC_CUST07554,CUST07554,6,4,8,3,Standard
ACC_CUST07555,CUST07555,7,3,7,4,Standard
ACC_CUST07556,CUST07556,2,3,4,3,Good
ACC_CUST07557,CUST07557,3,6,18,3,Standard
ACC_CUST07558,CUST07558,2,6,8,2,Good
ACC_CUST07559,CUST07559,8,5,32,9,Bad
ACC_CUST07560,CUST07560,6,6,15,6,Bad
ACC_CUST07561,CUST07561,6,6,32,6,Bad
ACC_CUST07562,CUST07562,6,6,5,2,Standard
ACC_CUST07563,CUST07563,10,6,33,5,Bad
ACC_CUST07564,CUST07564,4,5,7,4,Good
ACC_CUST07565,CUST07565,6,9,34,8,Bad
ACC_CUST07566,CUST07566,3,3,9,1,Standard
ACC_CUST07567,CUST07567,7,7,28,3,Standard
ACC_CUST07568,CUST07568,0,1,10,3,Good
ACC_CUST07569,CUST07569,6,3,20,2,Standard
ACC_CUST07571,CUST07571,5,3,3,4,Good
ACC_CUST07572,CUST07572,5,5,22,6,Standard
ACC_CUST07573,CUST07573,5,6,14,2,Standard
ACC_CUST07574,CUST07574,4,5,20,3,Standard
ACC_CUST07575,CUST07575,3,5,1,4,Good
ACC_CUST07576,CUST07576,8,6,9,4,Standard
ACC_CUST07577,CUST07577,3,5,12,1,Standard
ACC_CUST07578,CUST07578,0,7,9,4,Good
ACC_CUST07579,CUST07579,6,4,10,4,Standard
ACC_CUST07580,CUST07580,10,10,24,7,Bad
ACC_CUST07581,CUST07581,7,3,19,3,Standard
ACC_CUST07582,CUST07582,5,3,2,3,Good
ACC_CUST07583,CUST07583,7,5,34,7,Standard
ACC_CUST07584,CUST07584,5,7,17,2,Standard
ACC_CUST07585,CUST07585,7,5,7,2,Standard
ACC_CUST07586,CUST07586,4,7,5,0,Good
ACC_CUST07588,CUST07588,6,7,21,6,Standard
ACC_CUST07589,CUST07589,7,4,16,3,Standard
ACC_CUST07590,CUST07590,9,10,17,6,Bad
ACC_CUST07591,CUST07591,6,6,19,9,Bad
ACC_CUST07592,CUST07592,3,3,6,4,Standard
ACC_CUST07593,CUST07593,4,3,22,5,Standard
ACC_CUST07594,CUST07594,4,3,6,3,Standard
ACC_CUST07595,CUST07595,3,3,5,3,Good
ACC_CUST07596,CUST07596,3,6,11,1,Standard
ACC_CUST07597,CUST07597,3,5,23,2,Standard
ACC_CUST07598,CUST07598,7,7,6,7,Standard
ACC_CUST07599,CUST07599,8,10,23,6,Bad
ACC_CUST07600,CUST07600,6,7,20,0,Standard
ACC_CUST07601,CUST07601,4,6,5,4,Good
ACC_CUST07602,CUST07602,4,2,2,4,Good
ACC_CUST07603,CUST07603,7,7,18,7,Bad
ACC_CUST07605,CUST07605,6,5,15,0,Standard
ACC_CUST07606,CUST07606,7,6,20,0,Standard
ACC_CUST07607,CUST07607,5,3,19,4,Standard
ACC_CUST07608,CUST07608,5,4,7,2,Good
ACC_CUST07609,CUST07609,6,6,16,5,Bad
ACC_CUST07610,CUST07610,6,6,16,4,Standard
ACC_CUST07612,CUST07612,1,2,1,1,Good
ACC_CUST07613,CUST07613,7,10,32,9,Bad
ACC_CUST07614,CUST07614,6,3,18,6,Standard
ACC_CUST07615,CUST07615,0,6,6,0,Good
ACC_CUST07616,CUST07616,5,3,7,2,Standard
ACC_CUST07617,CUST07617,1,6,4,1,Good
ACC_CUST07618,CUST07618,5,5,6,3,Standard
ACC_CUST07619,CUST07619,6,8,15,9,Bad
ACC_CUST07620,CUST07620,3,7,8,3,Good
ACC_CUST07621,CUST07621,5,6,12,7,Standard
ACC_CUST07622,CUST07622,1,1,5,3,Good
ACC_CUST07623,CUST07623,9,10,32,3,Standard
ACC_CUST07624,CUST07624,6,4,20,3,Standard
ACC_CUST07625,CUST07625,4,6,19,6,Standard
ACC_CUST07626,CUST07626,7,5,7,0,Standard
ACC_CUST07627,CUST07627,2,6,12,0,Good
ACC_CUST07628,CUST07628,9,10,31,2,Bad
ACC_CUST07630,CUST07630,5,3,11,3,Standard
ACC_CUST07632,CUST07632,5,5,19,5,Standard
ACC_CUST07633,CUST07633,8,6,15,7,Bad
ACC_CUST07634,CUST07634,10,8,18,9,Bad
ACC_CUST07635,CUST07635,10,9,21,6,Bad
ACC_CUST07636,CUST07636,7,5,22,6,Bad
ACC_CUST07637,CUST07637,4,5,15,0,Standard
ACC_CUST07638,CUST07638,3,4,20,6,Standard
ACC_CUST07640,CUST07640,7,3,12,3,Standard
ACC_CUST07641,CUST07641,2,7,5,0,Good
ACC_CUST07642,CUST07642,4,5,19,2,Standard
ACC_CUST07643,CUST07643,6,9,15,8,Bad
ACC_CUST07645,CUST07645,7,6,33,8,Bad
ACC_CUST07646,CUST07646,8,8,27,7,Standard
ACC_CUST07647,CUST07647,4,7,6,3,Good
ACC_CUST07648,CUST07648,0,7,9,2,Good
ACC_CUST07649,CUST07649,4,7,7,2,Standard
ACC_CUST07650,CUST07650,5,4,5,0,Standard
ACC_CUST07651,CUST07651,4,4,6,4,Standard
ACC_CUST07652,CUST07652,0,7,8,2,Good
ACC_CUST07653,CUST07653,4,6,13,3,Standard
ACC_CUST07654,CUST07654,3,7,18,3,Standard
ACC_CUST07655,CUST07655,3,6,14,6,Standard
ACC_CUST07656,CUST07656,1,7,5,3,Good
ACC_CUST07657,CUST07657,7,9,23,6,Bad
ACC_CUST07658,CUST07658,9,6,32,3,Bad
ACC_CUST07660,CUST07660,6,10,21,6,Standard
ACC_CUST07661,CUST07661,8,4,6,2,Standard
ACC_CUST07662,CUST07662,7,5,12,0,Standard
ACC_CUST07663,CUST07663,6,6,16,4,Standard
ACC_CUST07664,CUST07664,8,5,27,9,Bad
ACC_CUST07665,CUST07665,8,10,16,6,Bad
ACC_CUST07666,CUST07666,4,6,3,4,Good
ACC_CUST07667,CUST07667,5,7,24,3,Standard
ACC_CUST07668,CUST07668,8,3,10,0,Standard
ACC_CUST07669,CUST07669,1,4,2,1,Good
ACC_CUST07670,CUST07670,10,8,24,5,Standard
ACC_CUST07671,CUST07671,5,6,5,5,Standard
ACC_CUST07672,CUST07672,6,6,32,6,Bad
ACC_CUST07673,CUST07673,6,8,27,3,Bad
ACC_CUST07674,CUST07674,4,7,9,5,Standard
ACC_CUST07675,CUST07675,5,6,18,3,Standard
ACC_CUST07677,CUST07677,7,3,10,3,Standard
ACC_CUST07678,CUST07678,6,6,25,3,Standard
ACC_CUST07679,CUST07679,1,1,11,2,Good
ACC_CUST07680,CUST07680,4,7,2,2,Good
ACC_CUST07681,CUST07681,2,3,3,4,Good
ACC_CUST07682,CUST07682,6,8,20,3,Bad
ACC_CUST07683,CUST07683,4,6,29,3,Standard
ACC_CUST07684,CUST07684,4,6,6,2,Standard
ACC_CUST07685,CUST07685,0,5,2,2,Good
ACC_CUST07686,CUST07686,3,5,12,3,Good
ACC_CUST07687,CUST07687,5,3,6,3,Good
ACC_CUST07688,CUST07688,3,6,11,5,Standard
ACC_CUST07689,CUST07689,8,7,7,2,Standard
ACC_CUST07690,CUST07690,8,6,21,9,Bad
ACC_CUST07691,CUST07691,3,6,7,6,Standard
ACC_CUST07692,CUST07692,4,2,12,0,Good
ACC_CUST07693,CUST07693,7,3,10,4,Standard
ACC_CUST07694,CUST07694,3,6,9,4,Good
ACC_CUST07695,CUST07695,2,6,6,3,Good
ACC_CUST07696,CUST07696,7,6,15,1,Standard
ACC_CUST07697,CUST07697,8,5,18,5,Standard
ACC_CUST07698,CUST07698,8,10,28,7,Bad
ACC_CUST07699,CUST07699,2,3,4,4,Good
ACC_CUST07700,CUST07700,4,2,7,1,Good
ACC_CUST07701,CUST07701,8,7,32,9,Bad
ACC_CUST07702,CUST07702,4,3,11,4,Good
ACC_CUST07703,CUST07703,3,7,7,1,Good
ACC_CUST07704,CUST07704,3,3,2,2,Standard
ACC_CUST07705,CUST07705,4,7,3,2,Good
ACC_CUST07706,CUST07706,8,5,16,3,Bad
ACC_CUST07707,CUST07707,8,5,23,3,Bad
ACC_CUST07708,CUST07708,3,7,7,0,Standard
ACC_CUST07709,CUST07709,7,4,17,4,Standard
ACC_CUST07710,CUST07710,5,2,1,4,Good
ACC_CUST07711,CUST07711,3,4,6,7,Standard
ACC_CUST07712,CUST07712,0,3,2,3,Good
ACC_CUST07713,CUST07713,0,3,2,3,Good
ACC_CUST07714,CUST07714,1,4,7,4,Good
ACC_CUST07715,CUST07715,0,5,12,0,Good
ACC_CUST07716,CUST07716,7,10,30,7,Bad
ACC_CUST07717,CUST07717,7,10,32,6,Bad
ACC_CUST07718,CUST07718,6,5,14,3,Standard
ACC_CUST07719,CUST07719,0,3,8,4,Good
ACC_CUST07720,CUST07720,7,6,9,4,Standard
ACC_CUST07721,CUST07721,8,6,33,6,Standard
ACC_CUST07723,CUST07723,9,5,30,5,Bad
ACC_CUST07724,CUST07724,6,5,26,9,Bad
ACC_CUST07725,CUST07725,5,5,5,2,Good
ACC_CUST07726,CUST07726,8,4,12,3,Good
ACC_CUST07727,CUST07727,8,7,15,7,Standard
ACC_CUST07728,CUST07728,6,5,26,6,Bad
ACC_CUST07729,CUST07729,1,6,1,0,Good
ACC_CUST07730,CUST07730,6,8,22,3,Bad
ACC_CUST07731,CUST07731,3,4,14,4,Standard
ACC_CUST07732,CUST07732,3,1,6,1,Good
ACC_CUST07733,CUST07733,6,6,18,0,Standard
ACC_CUST07734,CUST07734,6,3,15,1,Standard
ACC_CUST07735,CUST07735,6,4,13,3,Standard
ACC_CUST07736,CUST07736,6,5,34,4,Standard
ACC_CUST07737,CUST07737,3,5,10,2,Good
ACC_CUST07738,CUST07738,7,6,18,9,Bad
ACC_CUST07739,CUST07739,6,3,20,4,Standard
ACC_CUST07740,CUST07740,5,3,1,1,Good
ACC_CUST07741,CUST07741,6,6,15,1,Standard
ACC_CUST07742,CUST07742,0,4,1,4,Good
ACC_CUST07743,CUST07743,4,3,11,3,Standard
ACC_CUST07745,CUST07745,6,7,19,4,Standard
ACC_CUST07746,CUST07746,9,10,16,4,Standard
ACC_CUST07747,CUST07747,5,3,15,4,Standard
ACC_CUST07748,CUST07748,6,6,20,2,Standard
ACC_CUST07749,CUST07749,8,9,27,8,Bad
ACC_CUST07750,CUST07750,5,5,12,2,Standard
ACC_CUST07751,CUST07751,2,5,3,4,Good
ACC_CUST07752,CUST07752,4,7,10,3,Standard
ACC_CUST07753,CUST07753,4,1,2,3,Good
ACC_CUST07754,CUST07754,3,3,20,6,Standard
ACC_CUST07755,CUST07755,7,7,10,4,Standard
ACC_CUST07756,CUST07756,6,5,19,6,Bad
ACC_CUST07757,CUST07757,7,8,23,8,Bad
ACC_CUST07758,CUST07758,4,5,12,2,Good
ACC_CUST07759,CUST07759,10,5,20,8,Bad
ACC_CUST07760,CUST07760,2,3,12,3,Good
ACC_CUST07761,CUST07761,9,6,27,6,Bad
ACC_CUST07762,CUST07762,6,4,8,3,Standard
ACC_CUST07763,CUST07763,3,5,9,0,Standard
ACC_CUST07764,CUST07764,6,7,13,4,Standard
ACC_CUST07765,CUST07765,7,4,32,5,Standard
ACC_CUST07766,CUST07766,1,3,11,3,Good
ACC_CUST07767,CUST07767,4,5,7,3,Good
ACC_CUST07768,CUST07768,6,6,20,9,Bad
ACC_CUST07770,CUST07770,0,6,1,1,Good
ACC_CUST07771,CUST07771,3,6,10,2,Good
ACC_CUST07772,CUST07772,8,6,9,3,Standard
ACC_CUST07773,CUST07773,7,5,28,5,Standard
ACC_CUST07774,CUST07774,5,3,9,1,Good
ACC_CUST07775,CUST07775,2,5,8,4,Good
ACC_CUST07776,CUST07776,4,3,1,0,Good
ACC_CUST07777,CUST07777,3,4,10,5,Standard
ACC_CUST07778,CUST07778,4,6,6,2,Standard
ACC_CUST07779,CUST07779,8,7,20,6,Bad
ACC_CUST07780,CUST07780,5,5,17,5,Standard
ACC_CUST07781,CUST07781,0,6,10,3,Good
ACC_CUST07782,CUST07782,9,7,26,6,Bad
ACC_CUST07783,CUST07783,3,6,9,1,Good
ACC_CUST07784,CUST07784,4,6,19,2,Standard
ACC_CUST07785,CUST07785,1,7,3,3,Good
ACC_CUST07786,CUST07786,1,1,3,2,Good
ACC_CUST07787,CUST07787,1,6,11,1,Good
ACC_CUST07788,CUST07788,3,5,1,0,Good
ACC_CUST07789,CUST07789,2,7,2,0,Good
ACC_CUST07790,CUST07790,6,4,19,1,Standard
ACC_CUST07791,CUST07791,5,3,1,0,Good
ACC_CUST07792,CUST07792,7,4,17,2,Standard
ACC_CUST07793,CUST07793,3,2,5,3,Good
ACC_CUST07794,CUST07794,6,7,19,1,Standard
ACC_CUST07795,CUST07795,8,3,19,2,Standard
ACC_CUST07796,CUST07796,4,6,26,2,Standard
ACC_CUST07797,CUST07797,5,7,3,3,Standard
ACC_CUST07798,CUST07798,3,5,8,0,Good
ACC_CUST07799,CUST07799,7,3,11,1,Good
ACC_CUST07800,CUST07800,7,8,33,7,Bad
ACC_CUST07801,CUST07801,1,2,12,1,Good
ACC_CUST07802,CUST07802,9,8,30,9,Bad
ACC_CUST07803,CUST07803,4,5,5,1,Standard
ACC_CUST07804,CUST07804,9,9,21,6,Bad
ACC_CUST07805,CUST07805,7,7,10,4,Standard
ACC_CUST07806,CUST07806,4,5,17,5,Standard
ACC_CUST07807,CUST07807,10,7,21,3,Standard
ACC_CUST07808,CUST07808,6,5,16,3,Standard
ACC_CUST07809,CUST07809,3,5,8,3,Good
ACC_CUST07810,CUST07810,3,3,1,1,Good
ACC_CUST07811,CUST07811,0,7,2,2,Good
ACC_CUST07812,CUST07812,8,6,13,4,Standard
ACC_CUST07814,CUST07814,8,6,19,2,Standard
ACC_CUST07815,CUST07815,8,8,15,3,Standard
ACC_CUST07816,CUST07816,4,3,20,0,Standard
ACC_CUST07817,CUST07817,3,4,12,3,Good
ACC_CUST07818,CUST07818,7,4,16,2,Standard
ACC_CUST07819,CUST07819,4,1,11,4,Good
ACC_CUST07820,CUST07820,3,5,1,1,Good
ACC_CUST07821,CUST07821,4,6,3,0,Good
ACC_CUST07822,CUST07822,6,8,28,7,Bad
ACC_CUST07823,CUST07823,1,6,6,4,Good
ACC_CUST07824,CUST07824,10,7,23,3,Bad
ACC_CUST07825,CUST07825,3,4,28,2,Standard
ACC_CUST07826,CUST07826,6,5,20,7,Standard
ACC_CUST07827,CUST07827,7,6,23,5,Bad
ACC_CUST07828,CUST07828,2,1,5,4,Good
ACC_CUST07829,CUST07829,3,4,11,3,Standard
ACC_CUST07830,CUST07830,3,4,9,0,Good
ACC_CUST07831,CUST07831,2,6,10,2,Good
ACC_CUST07833,CUST07833,5,7,14,5,Standard
ACC_CUST07834,CUST07834,6,10,26,7,Bad
ACC_CUST07835,CUST07835,7,5,20,7,Bad
ACC_CUST07836,CUST07836,8,5,28,9,Bad
ACC_CUST07837,CUST07837,8,7,34,4,Standard
ACC_CUST07838,CUST07838,3,5,10,0,Good
ACC_CUST07839,CUST07839,4,3,3,2,Good
ACC_CUST07840,CUST07840,4,3,6,1,Standard
ACC_CUST07841,CUST07841,6,4,17,3,Standard
ACC_CUST07842,CUST07842,5,4,1,2,Good
ACC_CUST07843,CUST07843,4,5,17,3,Standard
ACC_CUST07844,CUST07844,6,4,19,4,Standard
ACC_CUST07845,CUST07845,10,8,22,6,Bad
ACC_CUST07848,CUST07848,8,9,29,5,Bad
ACC_CUST07849,CUST07849,5,5,17,6,Standard
ACC_CUST07850,CUST07850,6,6,20,6,Standard
ACC_CUST07851,CUST07851,2,4,9,2,Good
ACC_CUST07852,CUST07852,6,6,17,6,Bad
ACC_CUST07853,CUST07853,10,9,31,5,Standard
ACC_CUST07854,CUST07854,3,6,3,3,Good
ACC_CUST07855,CUST07855,7,9,23,3,Standard
ACC_CUST07856,CUST07856,6,10,20,6,Bad
ACC_CUST07857,CUST07857,2,5,6,3,Good
ACC_CUST07858,CUST07858,6,6,29,7,Standard
ACC_CUST07859,CUST07859,6,8,21,5,Standard
ACC_CUST07860,CUST07860,10,8,32,8,Bad
ACC_CUST07861,CUST07861,1,2,3,3,Good
ACC_CUST07862,CUST07862,3,3,16,0,Standard
ACC_CUST07863,CUST07863,5,3,18,4,Standard
ACC_CUST07864,CUST07864,8,6,16,4,Standard
ACC_CUST07865,CUST07865,4,7,13,5,Standard
ACC_CUST07866,CUST07866,5,7,20,0,Standard
ACC_CUST07869,CUST07869,6,3,9,1,Good
ACC_CUST07870,CUST07870,4,6,12,0,Good
ACC_CUST07871,CUST07871,7,7,19,5,Standard
ACC_CUST07872,CUST07872,7,6,19,4,Standard
ACC_CUST07873,CUST07873,5,5,7,4,Good
ACC_CUST07874,CUST07874,4,3,3,3,Good
ACC_CUST07875,CUST07875,1,1,9,3,Good
ACC_CUST07876,CUST07876,6,9,22,6,Bad
ACC_CUST07877,CUST07877,4,7,20,1,Standard
ACC_CUST07878,CUST07878,3,4,17,3,Standard
ACC_CUST07879,CUST07879,7,8,21,9,Bad
ACC_CUST07880,CUST07880,7,7,29,3,Standard
ACC_CUST07881,CUST07881,5,4,3,4,Good
ACC_CUST07882,CUST07882,8,10,18,2,Bad
ACC_CUST07883,CUST07883,3,4,4,3,Good
ACC_CUST07884,CUST07884,6,6,8,3,Standard
ACC_CUST07885,CUST07885,6,5,18,6,Bad
ACC_CUST07886,CUST07886,3,3,14,2,Standard
ACC_CUST07887,CUST07887,5,5,1,3,Good
ACC_CUST07888,CUST07888,1,1,8,0,Good
ACC_CUST07889,CUST07889,6,3,13,1,Standard
ACC_CUST07890,CUST07890,3,4,12,0,Good
ACC_CUST07891,CUST07891,7,6,11,3,Standard
ACC_CUST07892,CUST07892,7,3,13,3,Standard
ACC_CUST07893,CUST07893,5,6,6,7,Standard
ACC_CUST07894,CUST07894,9,9,34,6,Bad
ACC_CUST07895,CUST07895,4,4,1,1,Good
ACC_CUST07896,CUST07896,2,3,3,4,Good
ACC_CUST07897,CUST07897,3,5,10,2,Standard
ACC_CUST07898,CUST07898,3,3,6,2,Good
ACC_CUST07899,CUST07899,8,5,31,9,Bad
ACC_CUST07900,CUST07900,3,7,2,0,Good
ACC_CUST07901,CUST07901,6,6,3,3,Standard
ACC_CUST07902,CUST07902,4,3,19,0,Standard
ACC_CUST07903,CUST07903,3,3,19,4,Standard
ACC_CUST07904,CUST07904,3,3,8,1,Good
ACC_CUST07905,CUST07905,9,10,22,6,Bad
ACC_CUST07906,CUST07906,8,4,6,1,Standard
ACC_CUST07907,CUST07907,5,7,7,2,Standard
ACC_CUST07909,CUST07909,7,3,11,4,Standard
ACC_CUST07910,CUST07910,3,7,26,7,Standard
ACC_CUST07911,CUST07911,2,4,11,2,Good
ACC_CUST07912,CUST07912,4,8,27,6,Standard
ACC_CUST07913,CUST07913,9,7,26,3,Bad
ACC_CUST07914,CUST07914,8,7,11,2,Good
ACC_CUST07915,CUST07915,8,9,27,5,Bad
ACC_CUST07916,CUST07916,0,4,12,2,Good
ACC_CUST07917,CUST07917,4,4,4,4,Good
ACC_CUST07918,CUST07918,5,7,8,1,Standard
ACC_CUST07919,CUST07919,8,4,9,3,Standard
ACC_CUST07921,CUST07921,2,6,10,4,Good
ACC_CUST07923,CUST07923,7,6,19,6,Bad
ACC_CUST07924,CUST07924,6,5,33,7,Standard
ACC_CUST07925,CUST07925,2,6,11,1,Good
ACC_CUST07926,CUST07926,1,7,2,1,Good
ACC_CUST07927,CUST07927,7,10,22,6,Standard
ACC_CUST07928,CUST07928,8,5,5,7,Standard
ACC_CUST07929,CUST07929,7,9,27,5,Bad
ACC_CUST07930,CUST07930,7,6,7,2,Standard
ACC_CUST07931,CUST07931,4,4,15,2,Standard
ACC_CUST07934,CUST07934,6,6,12,0,Good
ACC_CUST07935,CUST07935,2,6,8,0,Good
ACC_CUST07936,CUST07936,8,6,13,2,Standard
ACC_CUST07937,CUST07937,8,9,30,8,Bad
ACC_CUST07938,CUST07938,9,5,27,9,Bad
ACC_CUST07939,CUST07939,4,3,18,3,Standard
ACC_CUST07940,CUST07940,6,5,7,0,Standard
ACC_CUST07941,CUST07941,8,9,34,6,Bad
ACC_CUST07942,CUST07942,10,9,25,2,Standard
ACC_CUST07943,CUST07943,0,4,12,0,Good
ACC_CUST07944,CUST07944,10,6,34,2,Bad
ACC_CUST07945,CUST07945,6,6,4,3,Good
ACC_CUST07947,CUST07947,0,2,1,2,Good
ACC_CUST07948,CUST07948,3,4,4,1,Good
ACC_CUST07949,CUST07949,1,4,5,1,Good
ACC_CUST07950,CUST07950,6,7,15,6,Bad
ACC_CUST07951,CUST07951,1,3,4,1,Good
ACC_CUST07952,CUST07952,7,9,18,5,Bad
ACC_CUST07953,CUST07953,7,10,17,6,Bad
ACC_CUST07954,CUST07954,6,7,7,2,Standard
ACC_CUST07955,CUST07955,4,5,8,0,Good
ACC_CUST07956,CUST07956,7,6,30,9,Bad
ACC_CUST07957,CUST07957,8,6,20,9,Bad
ACC_CUST07959,CUST07959,4,4,10,4,Standard
ACC_CUST07960,CUST07960,3,5,5,3,Good
ACC_CUST07961,CUST07961,1,5,4,0,Good
ACC_CUST07962,CUST07962,3,3,3,0,Good
ACC_CUST07963,CUST07963,4,7,7,2,Good
ACC_CUST07964,CUST07964,4,5,15,0,Standard
ACC_CUST07965,CUST07965,3,5,9,7,Standard
ACC_CUST07966,CUST07966,8,8,22,6,Bad
ACC_CUST07967,CUST07967,8,5,34,6,Bad
ACC_CUST07968,CUST07968,1,6,3,3,Good
ACC_CUST07969,CUST07969,1,2,8,2,Good
ACC_CUST07970,CUST07970,7,4,7,3,Good
ACC_CUST07971,CUST07971,1,5,7,3,Good
ACC_CUST07972,CUST07972,8,5,20,9,Bad
ACC_CUST07973,CUST07973,5,3,17,3,Standard
ACC_CUST07974,CUST07974,7,7,19,5,Standard
ACC_CUST07975,CUST07975,6,6,34,6,Standard
ACC_CUST07976,CUST07976,0,5,5,3,Good
ACC_CUST07978,CUST07978,8,8,28,5,Bad
ACC_CUST07979,CUST07979,3,5,15,4,Standard
ACC_CUST07980,CUST07980,0,4,8,0,Good
ACC_CUST07981,CUST07981,6,5,21,3,Bad
ACC_CUST07982,CUST07982,7,10,30,6,Bad
ACC_CUST07983,CUST07983,4,3,10,2,Standard
ACC_CUST07984,CUST07984,8,7,19,4,Standard
ACC_CUST07985,CUST07985,6,6,28,2,Standard
ACC_CUST07986,CUST07986,8,6,20,0,Standard
ACC_CUST07987,CUST07987,9,7,24,7,Bad
ACC_CUST07988,CUST07988,4,5,8,2,Good
ACC_CUST07989,CUST07989,7,6,16,3,Bad
ACC_CUST07990,CUST07990,5,4,11,4,Good
ACC_CUST07991,CUST07991,10,10,21,5,Bad
ACC_CUST07992,CUST07992,3,5,8,4,Good
ACC_CUST07993,CUST07993,10,8,19,7,Bad
ACC_CUST07994,CUST07994,9,5,15,7,Bad
ACC_CUST07995,CUST07995,7,3,7,3,Good
ACC_CUST07996,CUST07996,4,7,6,3,Standard
ACC_CUST07997,CUST07997,7,5,13,2,Standard
ACC_CUST07998,CUST07998,0,3,11,1,Good
ACC_CUST07999,CUST07999,5,4,14,2,Standard
ACC_CUST08000,CUST08000,2,4,1,1,Good
ACC_CUST08001,CUST08001,3,6,9,1,Standard
ACC_CUST08002,CUST08002,5,4,10,7,Standard
ACC_CUST08003,CUST08003,6,4,8,3,Standard
ACC_CUST08004,CUST08004,7,6,20,5,Standard
ACC_CUST08005,CUST08005,7,3,16,5,Standard
ACC_CUST08006,CUST08006,6,3,10,3,Standard
ACC_CUST08007,CUST08007,4,3,9,0,Good
ACC_CUST08008,CUST08008,7,9,23,6,Bad
ACC_CUST08009,CUST08009,4,5,8,4,Standard
ACC_CUST08010,CUST08010,7,4,7,5,Standard
ACC_CUST08011,CUST08011,7,7,31,6,Bad
ACC_CUST08012,CUST08012,7,5,9,4,Standard
ACC_CUST08013,CUST08013,3,3,10,2,Good
ACC_CUST08014,CUST08014,1,3,10,1,Good
ACC_CUST08015,CUST08015,4,7,10,2,Standard
ACC_CUST08016,CUST08016,7,5,7,4,Good
ACC_CUST08017,CUST08017,8,6,19,8,Bad
ACC_CUST08018,CUST08018,3,4,3,0,Good
ACC_CUST08019,CUST08019,9,7,18,5,Bad
ACC_CUST08020,CUST08020,1,4,4,3,Good
ACC_CUST08021,CUST08021,10,6,23,9,Bad
ACC_CUST08022,CUST08022,5,7,15,3,Standard
ACC_CUST08023,CUST08023,5,6,8,0,Standard
ACC_CUST08024,CUST08024,2,1,5,4,Good
ACC_CUST08025,CUST08025,4,4,11,5,Standard
ACC_CUST08026,CUST08026,4,4,20,7,Standard
ACC_CUST08027,CUST08027,4,7,18,0,Standard
ACC_CUST08028,CUST08028,4,7,6,4,Standard
ACC_CUST08029,CUST08029,9,8,32,5,Bad
ACC_CUST08030,CUST08030,6,6,20,5,Standard
ACC_CUST08031,CUST08031,3,4,20,7,Standard
ACC_CUST08032,CUST08032,8,5,23,6,Bad
ACC_CUST08033,CUST08033,0,6,12,0,Good
ACC_CUST08034,CUST08034,1,4,2,3,Good
ACC_CUST08035,CUST08035,8,3,10,3,Standard
ACC_CUST08037,CUST08037,3,7,17,0,Standard
ACC_CUST08038,CUST08038,4,6,20,0,Standard
ACC_CUST08039,CUST08039,5,3,10,2,Standard
ACC_CUST08040,CUST08040,7,6,12,1,Standard
ACC_CUST08041,CUST08041,7,7,15,9,Bad
ACC_CUST08042,CUST08042,7,5,6,0,Standard
ACC_CUST08043,CUST08043,6,7,18,0,Standard
ACC_CUST08044,CUST08044,2,5,3,3,Good
ACC_CUST08045,CUST08045,4,5,11,1,Standard
ACC_CUST08046,CUST08046,8,6,29,2,Standard
ACC_CUST08047,CUST08047,6,3,11,1,Standard
ACC_CUST08048,CUST08048,6,3,33,6,Standard
ACC_CUST08049,CUST08049,3,7,7,0,Standard
ACC_CUST08050,CUST08050,4,7,12,3,Standard
ACC_CUST08051,CUST08051,5,3,9,1,Good
ACC_CUST08052,CUST08052,8,5,11,2,Standard
ACC_CUST08053,CUST08053,4,7,19,2,Standard
ACC_CUST08054,CUST08054,0,4,12,1,Good
ACC_CUST08055,CUST08055,4,4,13,4,Standard
ACC_CUST08056,CUST08056,3,6,3,4,Good
ACC_CUST08057,CUST08057,3,3,22,5,Standard
ACC_CUST08058,CUST08058,3,3,9,2,Standard
ACC_CUST08059,CUST08059,5,2,11,0,Good
ACC_CUST08060,CUST08060,7,9,18,7,Bad
ACC_CUST08061,CUST08061,4,4,13,0,Standard
ACC_CUST08062,CUST08062,8,9,19,9,Bad
ACC_CUST08063,CUST08063,5,3,14,4,Standard
ACC_CUST08064,CUST08064,8,6,25,7,Bad
ACC_CUST08066,CUST08066,6,6,18,2,Standard
ACC_CUST08067,CUST08067,5,4,12,3,Standard
ACC_CUST08068,CUST08068,6,3,12,3,Standard
ACC_CUST08069,CUST08069,8,5,10,2,Standard
ACC_CUST08070,CUST08070,6,5,23,2,Standard
ACC_CUST08071,CUST08071,2,1,10,4,Good
ACC_CUST08072,CUST08072,8,7,5,4,Good
ACC_CUST08073,CUST08073,7,7,18,4,Standard
ACC_CUST08074,CUST08074,5,6,6,2,Standard
ACC_CUST08075,CUST08075,5,6,16,6,Standard
ACC_CUST08076,CUST08076,7,5,12,3,Good
ACC_CUST08077,CUST08077,5,4,15,3,Standard
ACC_CUST08078,CUST08078,7,3,15,6,Standard
ACC_CUST08079,CUST08079,5,7,20,4,Standard
ACC_CUST08080,CUST08080,5,5,16,5,Standard
ACC_CUST08081,CUST08081,9,5,26,4,Bad
ACC_CUST08082,CUST08082,8,7,33,7,Bad
ACC_CUST08083,CUST08083,6,9,33,7,Bad
ACC_CUST08085,CUST08085,9,10,24,5,Bad
ACC_CUST08087,CUST08087,3,6,8,6,Standard
ACC_CUST08088,CUST08088,6,6,26,6,Bad
ACC_CUST08089,CUST08089,2,1,6,0,Good
ACC_CUST08090,CUST08090,4,5,5,0,Good
ACC_CUST08091,CUST08091,7,7,13,3,Standard
ACC_CUST08092,CUST08092,3,4,13,2,Standard
ACC_CUST08093,CUST08093,5,5,13,6,Standard
ACC_CUST08094,CUST08094,6,5,30,9,Bad
ACC_CUST08095,CUST08095,8,8,18,2,Bad
ACC_CUST08096,CUST08096,3,3,6,3,Good
ACC_CUST08097,CUST08097,5,6,15,2,Standard
ACC_CUST08098,CUST08098,4,7,17,2,Standard
ACC_CUST08099,CUST08099,8,6,18,4,Standard
ACC_CUST08100,CUST08100,3,1,2,3,Good
ACC_CUST08102,CUST08102,3,6,9,4,Standard
ACC_CUST08103,CUST08103,4,7,16,1,Standard
ACC_CUST08104,CUST08104,5,2,2,3,Good
ACC_CUST08106,CUST08106,4,6,14,1,Standard
ACC_CUST08107,CUST08107,4,5,31,2,Standard
ACC_CUST08108,CUST08108,4,5,6,0,Standard
ACC_CUST08109,CUST08109,4,3,16,0,Standard
ACC_CUST08110,CUST08110,7,5,9,0,Standard
ACC_CUST08111,CUST08111,10,10,31,5,Bad
ACC_CUST08112,CUST08112,5,6,16,4,Standard
ACC_CUST08113,CUST08113,6,5,13,2,Standard
ACC_CUST08114,CUST08114,7,4,5,2,Standard
ACC_CUST08115,CUST08115,5,6,10,3,Good
ACC_CUST08116,CUST08116,5,3,13,0,Standard
ACC_CUST08117,CUST08117,6,5,15,4,Standard
ACC_CUST08118,CUST08118,3,7,8,0,Standard
ACC_CUST08119,CUST08119,4,4,17,3,Standard
ACC_CUST08120,CUST08120,5,2,10,4,Good
ACC_CUST08122,CUST08122,10,8,22,7,Bad
ACC_CUST08123,CUST08123,4,3,8,1,Good
ACC_CUST08124,CUST08124,4,4,18,4,Standard
ACC_CUST08125,CUST08125,5,5,3,4,Good
ACC_CUST08126,CUST08126,6,5,23,9,Bad
ACC_CUST08127,CUST08127,9,7,24,9,Bad
ACC_CUST08128,CUST08128,6,6,14,6,Standard
ACC_CUST08129,CUST08129,7,3,32,5,Standard
ACC_CUST08130,CUST08130,7,3,18,0,Standard
ACC_CUST08131,CUST08131,7,7,21,5,Standard
ACC_CUST08132,CUST08132,8,4,19,2,Standard
ACC_CUST08133,CUST08133,8,7,5,0,Standard
ACC_CUST08135,CUST08135,4,5,9,4,Standard
ACC_CUST08136,CUST08136,10,9,29,5,Bad
ACC_CUST08137,CUST08137,7,6,16,6,Bad
ACC_CUST08138,CUST08138,6,6,16,5,Standard
ACC_CUST08139,CUST08139,5,3,21,7,Standard
ACC_CUST08140,CUST08140,4,1,6,4,Good
ACC_CUST08142,CUST08142,3,7,6,4,Standard
ACC_CUST08144,CUST08144,8,6,9,1,Standard
ACC_CUST08145,CUST08145,7,5,9,1,Good
ACC_CUST08146,CUST08146,2,4,8,3,Good
ACC_CUST08147,CUST08147,5,3,13,4,Standard
ACC_CUST08148,CUST08148,6,7,21,6,Bad
ACC_CUST08149,CUST08149,7,5,16,4,Standard
ACC_CUST08150,CUST08150,5,4,18,2,Standard
ACC_CUST08151,CUST08151,0,4,4,0,Good
ACC_CUST08152,CUST08152,7,4,16,0,Standard
ACC_CUST08153,CUST08153,6,7,18,2,Standard
ACC_CUST08154,CUST08154,7,9,19,6,Bad
ACC_CUST08155,CUST08155,3,8,19,3,Standard
ACC_CUST08156,CUST08156,7,3,6,6,Standard
ACC_CUST08157,CUST08157,6,6,19,1,Standard
ACC_CUST08158,CUST08158,2,7,8,4,Good
ACC_CUST08159,CUST08159,4,4,18,3,Standard
ACC_CUST08161,CUST08161,8,3,16,2,Standard
ACC_CUST08162,CUST08162,8,6,6,2,Good
ACC_CUST08163,CUST08163,5,7,5,4,Good
ACC_CUST08164,CUST08164,6,8,21,7,Bad
ACC_CUST08165,CUST08165,5,4,2,3,Good
ACC_CUST08166,CUST08166,4,5,16,1,Standard
ACC_CUST08167,CUST08167,1,4,3,2,Good
ACC_CUST08168,CUST08168,9,10,28,2,Standard
ACC_CUST08169,CUST08169,8,6,10,2,Standard
ACC_CUST08170,CUST08170,6,6,28,7,Bad
ACC_CUST08171,CUST08171,9,8,32,9,Bad
ACC_CUST08172,CUST08172,4,6,6,3,Good
ACC_CUST08173,CUST08173,4,7,6,0,Standard
ACC_CUST08174,CUST08174,4,3,16,7,Standard
ACC_CUST08175,CUST08175,1,5,10,1,Good
ACC_CUST08176,CUST08176,0,3,5,3,Good
ACC_CUST08177,CUST08177,7,4,7,2,Standard
ACC_CUST08178,CUST08178,7,3,15,0,Standard
ACC_CUST08179,CUST08179,7,7,30,6,Standard
ACC_CUST08180,CUST08180,7,4,6,0,Standard
ACC_CUST08181,CUST08181,3,3,16,3,Standard
ACC_CUST08183,CUST08183,4,4,12,0,Good
ACC_CUST08184,CUST08184,3,7,7,1,Good
ACC_CUST08185,CUST08185,4,5,3,3,Good
ACC_CUST08186,CUST08186,5,3,8,2,Good
ACC_CUST08187,CUST08187,0,6,7,3,Good
ACC_CUST08188,CUST08188,7,8,29,6,Bad
ACC_CUST08189,CUST08189,1,3,4,3,Good
ACC_CUST08191,CUST08191,9,9,17,7,Bad
ACC_CUST08192,CUST08192,8,7,6,2,Good
ACC_CUST08193,CUST08193,4,5,14,3,Standard
ACC_CUST08194,CUST08194,6,6,10,7,Standard
ACC_CUST08195,CUST08195,1,2,3,4,Good
ACC_CUST08196,CUST08196,6,5,6,2,Good
ACC_CUST08197,CUST08197,5,3,1,1,Good
ACC_CUST08198,CUST08198,6,7,19,0,Standard
ACC_CUST08199,CUST08199,6,5,34,6,Bad
ACC_CUST08200,CUST08200,8,5,27,5,Bad
ACC_CUST08201,CUST08201,7,6,24,7,Standard
ACC_CUST08202,CUST08202,1,6,7,4,Good
ACC_CUST08203,CUST08203,5,3,9,4,Good
ACC_CUST08204,CUST08204,0,4,1,3,Good
ACC_CUST08205,CUST08205,7,3,7,4,Standard
ACC_CUST08206,CUST08206,6,6,24,6,Bad
ACC_CUST08207,CUST08207,3,5,12,3,Standard
ACC_CUST08208,CUST08208,5,6,7,1,Standard
ACC_CUST08209,CUST08209,8,4,12,2,Standard
ACC_CUST08210,CUST08210,10,9,23,8,Bad
ACC_CUST08212,CUST08212,10,7,20,8,Bad
ACC_CUST08213,CUST08213,4,3,18,2,Standard
ACC_CUST08214,CUST08214,7,4,19,0,Standard
ACC_CUST08215,CUST08215,6,6,23,4,Standard
ACC_CUST08216,CUST08216,10,7,33,5,Bad
ACC_CUST08217,CUST08217,5,4,7,6,Standard
ACC_CUST08218,CUST08218,9,8,26,4,Standard
ACC_CUST08219,CUST08219,5,6,6,4,Good
ACC_CUST08220,CUST08220,0,7,1,3,Good
ACC_CUST08222,CUST08222,5,4,3,3,Good
ACC_CUST08223,CUST08223,8,7,20,6,Bad
ACC_CUST08225,CUST08225,7,4,34,5,Standard
ACC_CUST08226,CUST08226,9,6,29,7,Bad
ACC_CUST08227,CUST08227,8,7,16,9,Bad
ACC_CUST08228,CUST08228,6,3,9,2,Standard
ACC_CUST08229,CUST08229,7,4,14,3,Standard
ACC_CUST08230,CUST08230,5,5,19,4,Standard
ACC_CUST08231,CUST08231,8,5,15,2,Standard
ACC_CUST08232,CUST08232,8,3,2,4,Good
ACC_CUST08233,CUST08233,8,5,8,4,Good
ACC_CUST08234,CUST08234,3,3,20,2,Standard
ACC_CUST08235,CUST08235,3,4,23,6,Standard
ACC_CUST08236,CUST08236,8,5,6,4,Standard
ACC_CUST08237,CUST08237,9,5,15,8,Bad
ACC_CUST08238,CUST08238,3,6,5,3,Good
ACC_CUST08239,CUST08239,5,4,8,1,Good
ACC_CUST08240,CUST08240,5,6,16,0,Standard
ACC_CUST08242,CUST08242,7,5,20,9,Bad
ACC_CUST08243,CUST08243,7,5,19,2,Standard
ACC_CUST08244,CUST08244,4,1,1,1,Good
ACC_CUST08245,CUST08245,9,6,24,9,Bad
ACC_CUST08246,CUST08246,8,5,22,8,Bad
ACC_CUST08247,CUST08247,4,3,6,1,Standard
ACC_CUST08248,CUST08248,7,4,9,1,Standard
ACC_CUST08249,CUST08249,2,5,12,2,Good
ACC_CUST08250,CUST08250,3,6,7,0,Good
ACC_CUST08251,CUST08251,8,10,18,7,Bad
ACC_CUST08252,CUST08252,3,7,20,3,Standard
ACC_CUST08253,CUST08253,6,7,9,3,Standard
ACC_CUST08254,CUST08254,9,10,19,9,Bad
ACC_CUST08255,CUST08255,7,5,17,8,Bad
ACC_CUST08256,CUST08256,7,6,24,5,Bad
ACC_CUST08257,CUST08257,4,4,17,1,Standard
ACC_CUST08258,CUST08258,6,6,17,2,Bad
ACC_CUST08259,CUST08259,3,6,20,1,Standard
ACC_CUST08260,CUST08260,3,7,8,2,Standard
ACC_CUST08261,CUST08261,1,4,7,1,Good
ACC_CUST08262,CUST08262,4,4,9,3,Good
ACC_CUST08263,CUST08263,7,10,23,9,Bad
ACC_CUST08264,CUST08264,3,3,9,0,Good
ACC_CUST08265,CUST08265,9,10,20,5,Bad
ACC_CUST08266,CUST08266,6,5,9,3,Standard
ACC_CUST08267,CUST08267,10,8,21,8,Bad
ACC_CUST08268,CUST08268,5,5,5,0,Standard
ACC_CUST08269,CUST08269,5,4,15,5,Standard
ACC_CUST08270,CUST08270,3,3,16,4,Standard
ACC_CUST08271,CUST08271,10,8,23,9,Bad
ACC_CUST08272,CUST08272,5,5,6,3,Standard
ACC_CUST08273,CUST08273,0,7,8,1,Good
ACC_CUST08274,CUST08274,4,3,11,3,Good
ACC_CUST08275,CUST08275,3,6,8,0,Good
ACC_CUST08276,CUST08276,5,7,5,3,Standard
ACC_CUST08277,CUST08277,3,7,9,2,Good
ACC_CUST08278,CUST08278,4,3,2,2,Good
ACC_CUST08279,CUST08279,5,4,13,4,Standard
ACC_CUST08280,CUST08280,4,3,12,1,Standard
ACC_CUST08281,CUST08281,5,7,5,4,Standard
ACC_CUST08282,CUST08282,7,7,27,6,Standard
ACC_CUST08283,CUST08283,10,6,28,5,Bad
ACC_CUST08284,CUST08284,7,6,20,6,Standard
ACC_CUST08285,CUST08285,10,5,18,8,Bad
ACC_CUST08286,CUST08286,3,2,5,3,Good
ACC_CUST08287,CUST08287,8,8,30,5,Bad
ACC_CUST08288,CUST08288,0,6,12,2,Good
ACC_CUST08289,CUST08289,7,6,30,4,Bad
ACC_CUST08290,CUST08290,4,4,3,2,Good
ACC_CUST08291,CUST08291,5,3,7,2,Good
ACC_CUST08292,CUST08292,9,7,26,8,Bad
ACC_CUST08293,CUST08293,6,6,15,4,Standard
ACC_CUST08294,CUST08294,4,4,7,5,Standard
ACC_CUST08295,CUST08295,3,3,3,4,Good
ACC_CUST08296,CUST08296,4,8,21,7,Standard
ACC_CUST08297,CUST08297,5,4,3,1,Good
ACC_CUST08298,CUST08298,7,5,15,2,Standard
ACC_CUST08299,CUST08299,10,6,32,9,Bad
ACC_CUST08300,CUST08300,3,7,13,1,Standard
ACC_CUST08301,CUST08301,9,5,32,5,Bad
ACC_CUST08302,CUST08302,5,7,12,3,Good
ACC_CUST08303,CUST08303,4,7,12,4,Good
ACC_CUST08304,CUST08304,6,5,10,1,Standard
ACC_CUST08305,CUST08305,3,5,1,0,Good
ACC_CUST08306,CUST08306,6,4,20,2,Standard
ACC_CUST08307,CUST08307,5,6,17,0,Standard
ACC_CUST08308,CUST08308,7,10,19,8,Bad
ACC_CUST08309,CUST08309,5,4,7,3,Standard
ACC_CUST08310,CUST08310,8,3,13,2,Standard
ACC_CUST08311,CUST08311,5,6,6,1,Standard
ACC_CUST08312,CUST08312,5,6,9,1,Standard
ACC_CUST08313,CUST08313,3,6,24,2,Standard
ACC_CUST08314,CUST08314,7,3,10,7,Standard
ACC_CUST08315,CUST08315,3,6,15,3,Standard
ACC_CUST08316,CUST08316,3,7,13,3,Standard
ACC_CUST08317,CUST08317,5,5,3,4,Good
ACC_CUST08318,CUST08318,6,5,11,2,Good
ACC_CUST08319,CUST08319,4,3,8,3,Good
ACC_CUST08320,CUST08320,3,5,5,2,Standard
ACC_CUST08321,CUST08321,9,9,31,6,Bad
ACC_CUST08323,CUST08323,0,1,11,0,Good
ACC_CUST08324,CUST08324,7,7,26,6,Bad
ACC_CUST08325,CUST08325,6,5,11,3,Good
ACC_CUST08326,CUST08326,7,8,34,7,Bad
ACC_CUST08327,CUST08327,8,9,19,7,Bad
ACC_CUST08328,CUST08328,5,4,19,4,Standard
ACC_CUST08329,CUST08329,8,4,5,2,Good
ACC_CUST08330,CUST08330,1,2,5,2,Good
ACC_CUST08331,CUST08331,8,3,10,3,Standard
ACC_CUST08332,CUST08332,7,8,25,5,Bad
ACC_CUST08333,CUST08333,4,3,11,0,Good
ACC_CUST08334,CUST08334,6,9,31,6,Bad
ACC_CUST08335,CUST08335,5,5,16,3,Standard
ACC_CUST08336,CUST08336,2,4,6,4,Good
ACC_CUST08337,CUST08337,8,5,18,5,Standard
ACC_CUST08338,CUST08338,3,5,5,2,Standard
ACC_CUST08339,CUST08339,4,4,11,3,Good
ACC_CUST08340,CUST08340,5,3,6,3,Good
ACC_CUST08341,CUST08341,5,7,15,3,Standard
ACC_CUST08342,CUST08342,8,7,16,1,Standard
ACC_CUST08343,CUST08343,6,3,9,1,Standard
ACC_CUST08345,CUST08345,9,8,17,7,Bad
ACC_CUST08346,CUST08346,7,3,20,2,Standard
ACC_CUST08347,CUST08347,6,8,26,5,Bad
ACC_CUST08348,CUST08348,5,6,12,2,Standard
ACC_CUST08349,CUST08349,4,3,5,1,Good
ACC_CUST08350,CUST08350,3,4,5,4,Good
ACC_CUST08351,CUST08351,4,7,9,2,Standard
ACC_CUST08352,CUST08352,5,3,19,4,Standard
ACC_CUST08353,CUST08353,5,5,12,4,Good
ACC_CUST08354,CUST08354,7,5,31,7,Bad
ACC_CUST08355,CUST08355,6,7,15,5,Bad
ACC_CUST08356,CUST08356,1,4,11,0,Good
ACC_CUST08357,CUST08357,8,4,9,4,Good
ACC_CUST08358,CUST08358,2,3,3,3,Good
ACC_CUST08359,CUST08359,7,7,19,1,Standard
ACC_CUST08360,CUST08360,8,7,11,0,Good
ACC_CUST08361,CUST08361,1,1,11,3,Good
ACC_CUST08362,CUST08362,7,10,22,4,Bad
ACC_CUST08363,CUST08363,5,2,6,4,Good
ACC_CUST08364,CUST08364,3,3,15,4,Standard
ACC_CUST08365,CUST08365,4,9,25,5,Standard
ACC_CUST08367,CUST08367,10,7,16,9,Bad
ACC_CUST08368,CUST08368,5,6,20,2,Standard
ACC_CUST08369,CUST08369,8,5,8,4,Standard
ACC_CUST08370,CUST08370,3,1,3,1,Good
ACC_CUST08371,CUST08371,7,6,20,4,Standard
ACC_CUST08372,CUST08372,6,10,23,4,Bad
ACC_CUST08373,CUST08373,7,6,17,0,Standard
ACC_CUST08374,CUST08374,0,4,10,0,Good
ACC_CUST08375,CUST08375,6,7,32,6,Bad
ACC_CUST08376,CUST08376,1,5,5,1,Good
ACC_CUST08377,CUST08377,6,3,8,0,Standard
ACC_CUST08378,CUST08378,7,8,32,6,Standard
ACC_CUST08379,CUST08379,8,6,7,0,Good
ACC_CUST08380,CUST08380,7,7,16,4,Standard
ACC_CUST08381,CUST08381,7,10,20,9,Bad
ACC_CUST08382,CUST08382,6,6,10,4,Standard
ACC_CUST08383,CUST08383,4,5,13,1,Standard
ACC_CUST08384,CUST08384,7,6,8,0,Standard
ACC_CUST08385,CUST08385,3,4,3,2,Good
ACC_CUST08386,CUST08386,6,3,11,0,Standard
ACC_CUST08387,CUST08387,4,7,8,2,Standard
ACC_CUST08388,CUST08388,5,4,13,3,Standard
ACC_CUST08389,CUST08389,5,1,6,1,Good
ACC_CUST08390,CUST08390,0,3,9,4,Good
ACC_CUST08391,CUST08391,7,5,30,6,Bad
ACC_CUST08392,CUST08392,4,9,17,6,Standard
ACC_CUST08393,CUST08393,3,4,17,3,Standard
ACC_CUST08395,CUST08395,7,6,30,5,Bad
ACC_CUST08396,CUST08396,4,6,18,2,Standard
ACC_CUST08397,CUST08397,5,4,3,2,Good
ACC_CUST08398,CUST08398,5,4,5,4,Good
ACC_CUST08399,CUST08399,8,10,25,9,Bad
ACC_CUST08400,CUST08400,8,8,18,6,Bad
ACC_CUST08401,CUST08401,6,4,2,0,Good
ACC_CUST08402,CUST08402,10,7,21,8,Bad
ACC_CUST08403,CUST08403,2,4,4,2,Good
ACC_CUST08404,CUST08404,7,4,6,6,Standard
ACC_CUST08405,CUST08405,3,1,9,1,Good
ACC_CUST08406,CUST08406,5,3,18,4,Standard
ACC_CUST08407,CUST08407,7,7,32,7,Bad
ACC_CUST08409,CUST08409,5,5,14,0,Standard
ACC_CUST08411,CUST08411,5,5,32,2,Standard
ACC_CUST08412,CUST08412,3,3,6,3,Standard
ACC_CUST08413,CUST08413,6,9,30,6,Standard
ACC_CUST08414,CUST08414,8,10,34,5,Bad
ACC_CUST08415,CUST08415,8,4,14,3,Standard
ACC_CUST08417,CUST08417,6,5,24,3,Bad
ACC_CUST08418,CUST08418,4,7,17,4,Standard
ACC_CUST08419,CUST08419,3,5,8,4,Good
ACC_CUST08420,CUST08420,5,10,34,6,Standard
ACC_CUST08421,CUST08421,6,4,8,4,Standard
ACC_CUST08422,CUST08422,3,5,26,3,Standard
ACC_CUST08423,CUST08423,6,7,32,3,Standard
ACC_CUST08424,CUST08424,2,3,10,0,Good
ACC_CUST08425,CUST08425,1,3,11,1,Good
ACC_CUST08426,CUST08426,10,6,19,6,Bad
ACC_CUST08427,CUST08427,3,2,8,0,Good
ACC_CUST08428,CUST08428,6,9,18,6,Bad
ACC_CUST08429,CUST08429,1,4,9,3,Good
ACC_CUST08430,CUST08430,3,7,6,3,Standard
ACC_CUST08431,CUST08431,2,4,12,3,Good
ACC_CUST08432,CUST08432,7,5,24,9,Bad
ACC_CUST08433,CUST08433,4,4,27,4,Standard
ACC_CUST08434,CUST08434,7,3,15,4,Standard
ACC_CUST08435,CUST08435,6,6,24,7,Bad
ACC_CUST08436,CUST08436,5,3,12,2,Standard
ACC_CUST08437,CUST08437,4,6,18,0,Standard
ACC_CUST08438,CUST08438,1,7,6,2,Good
ACC_CUST08439,CUST08439,3,6,5,2,Good
ACC_CUST08440,CUST08440,4,6,9,3,Good
ACC_CUST08441,CUST08441,4,3,31,2,Standard
ACC_CUST08442,CUST08442,3,4,12,3,Standard
ACC_CUST08443,CUST08443,3,7,13,1,Standard
ACC_CUST08444,CUST08444,7,10,15,5,Bad
ACC_CUST08445,CUST08445,8,6,27,7,Standard
ACC_CUST08446,CUST08446,7,7,19,1,Standard
ACC_CUST08447,CUST08447,6,5,20,7,Bad
ACC_CUST08448,CUST08448,3,4,11,4,Standard
ACC_CUST08449,CUST08449,7,6,7,0,Standard
ACC_CUST08450,CUST08450,6,7,12,5,Standard
ACC_CUST08451,CUST08451,3,4,6,1,Good
ACC_CUST08452,CUST08452,7,7,15,7,Bad
ACC_CUST08453,CUST08453,2,6,4,1,Good
ACC_CUST08454,CUST08454,8,8,24,9,Bad
ACC_CUST08455,CUST08455,6,10,15,6,Bad
ACC_CUST08456,CUST08456,6,6,8,4,Standard
ACC_CUST08457,CUST08457,2,5,9,0,Good
ACC_CUST08458,CUST08458,3,4,8,7,Standard
ACC_CUST08459,CUST08459,5,6,19,3,Standard
ACC_CUST08460,CUST08460,1,4,12,4,Good
ACC_CUST08461,CUST08461,0,7,7,3,Good
ACC_CUST08462,CUST08462,7,7,10,0,Standard
ACC_CUST08463,CUST08463,1,1,11,0,Good
ACC_CUST08464,CUST08464,8,5,18,2,Standard
ACC_CUST08465,CUST08465,10,8,33,5,Bad
ACC_CUST08467,CUST08467,7,9,22,7,Bad
ACC_CUST08468,CUST08468,10,7,16,7,Standard
ACC_CUST08469,CUST08469,4,4,8,0,Good
ACC_CUST08470,CUST08470,7,7,19,0,Standard
ACC_CUST08471,CUST08471,3,4,14,0,Standard
ACC_CUST08472,CUST08472,4,4,7,0,Standard
ACC_CUST08473,CUST08473,0,6,12,4,Good
ACC_CUST08474,CUST08474,5,4,18,0,Standard
ACC_CUST08475,CUST08475,6,3,6,1,Standard
ACC_CUST08476,CUST08476,2,1,3,1,Good
ACC_CUST08477,CUST08477,8,4,16,0,Standard
ACC_CUST08478,CUST08478,4,9,31,3,Standard
ACC_CUST08479,CUST08479,10,9,16,9,Bad
ACC_CUST08480,CUST08480,8,10,23,7,Bad
ACC_CUST08481,CUST08481,7,5,9,1,Standard
ACC_CUST08482,CUST08482,4,6,7,2,Good
ACC_CUST08483,CUST08483,6,6,26,6,Standard
ACC_CUST08484,CUST08484,2,5,4,0,Good
ACC_CUST08485,CUST08485,5,7,1,1,Good
ACC_CUST08486,CUST08486,7,4,18,3,Standard
ACC_CUST08487,CUST08487,3,5,14,2,Standard
ACC_CUST08488,CUST08488,8,4,5,1,Good
ACC_CUST08490,CUST08490,8,5,25,6,Standard
ACC_CUST08491,CUST08491,2,5,1,0,Good
ACC_CUST08492,CUST08492,2,4,3,2,Good
ACC_CUST08493,CUST08493,5,5,15,4,Standard
ACC_CUST08495,CUST08495,4,2,11,4,Good
ACC_CUST08497,CUST08497,4,4,10,3,Standard
ACC_CUST08498,CUST08498,8,5,26,3,Standard
ACC_CUST08499,CUST08499,2,3,12,1,Good
ACC_CUST08500,CUST08500,6,4,17,3,Standard
ACC_CUST08501,CUST08501,5,5,9,1,Good
ACC_CUST08502,CUST08502,10,5,15,6,Bad
ACC_CUST08503,CUST08503,7,3,5,0,Standard
ACC_CUST08504,CUST08504,3,4,8,4,Good
ACC_CUST08505,CUST08505,7,4,14,0,Standard
ACC_CUST08506,CUST08506,4,5,12,4,Standard
ACC_CUST08507,CUST08507,9,9,19,4,Bad
ACC_CUST08508,CUST08508,9,9,27,9,Bad
ACC_CUST08509,CUST08509,5,4,20,1,Standard
ACC_CUST08510,CUST08510,6,6,8,4,Standard
ACC_CUST08511,CUST08511,2,7,9,0,Good
ACC_CUST08512,CUST08512,5,7,17,7,Standard
ACC_CUST08513,CUST08513,6,5,12,2,Standard
ACC_CUST08514,CUST08514,10,5,32,5,Bad
ACC_CUST08515,CUST08515,5,4,19,3,Standard
ACC_CUST08516,CUST08516,8,10,23,8,Bad
ACC_CUST08517,CUST08517,5,6,17,3,Standard
ACC_CUST08518,CUST08518,2,3,8,2,Good
ACC_CUST08519,CUST08519,6,7,9,4,Standard
ACC_CUST08520,CUST08520,10,7,20,6,Bad
ACC_CUST08521,CUST08521,3,7,6,3,Good
ACC_CUST08523,CUST08523,3,7,10,2,Standard
ACC_CUST08524,CUST08524,6,10,26,6,Standard
ACC_CUST08525,CUST08525,4,6,2,2,Good
ACC_CUST08526,CUST08526,7,9,31,7,Bad
ACC_CUST08527,CUST08527,5,3,12,1,Standard
ACC_CUST08528,CUST08528,9,9,25,5,Bad
ACC_CUST08529,CUST08529,5,3,15,0,Standard
ACC_CUST08530,CUST08530,8,5,15,4,Standard
ACC_CUST08531,CUST08531,7,7,28,5,Standard
ACC_CUST08532,CUST08532,5,3,8,3,Standard
ACC_CUST08533,CUST08533,6,6,18,2,Bad
ACC_CUST08534,CUST08534,7,9,24,8,Bad
ACC_CUST08535,CUST08535,0,4,10,0,Good
ACC_CUST08536,CUST08536,8,8,34,7,Bad
ACC_CUST08537,CUST08537,6,6,15,3,Standard
ACC_CUST08538,CUST08538,7,9,29,9,Bad
ACC_CUST08539,CUST08539,6,3,10,4,Standard
ACC_CUST08540,CUST08540,7,3,16,6,Standard
ACC_CUST08541,CUST08541,6,5,18,5,Standard
ACC_CUST08542,CUST08542,8,9,21,6,Bad
ACC_CUST08543,CUST08543,10,7,26,3,Bad
ACC_CUST08544,CUST08544,8,6,1,2,Standard
ACC_CUST08545,CUST08545,0,1,4,1,Good
ACC_CUST08546,CUST08546,5,1,11,3,Good
ACC_CUST08547,CUST08547,7,8,16,5,Bad
ACC_CUST08548,CUST08548,8,4,5,6,Standard
ACC_CUST08550,CUST08550,10,7,16,7,Standard
ACC_CUST08552,CUST08552,8,4,13,2,Standard
ACC_CUST08553,CUST08553,8,7,29,6,Bad
ACC_CUST08554,CUST08554,5,3,5,3,Good
ACC_CUST08555,CUST08555,8,6,18,2,Standard
ACC_CUST08557,CUST08557,0,6,12,2,Good
ACC_CUST08558,CUST08558,6,7,18,2,Standard
ACC_CUST08559,CUST08559,8,6,5,4,Good
ACC_CUST08560,CUST08560,3,5,7,0,Good
ACC_CUST08561,CUST08561,5,6,8,0,Good
ACC_CUST08562,CUST08562,9,6,27,3,Bad
ACC_CUST08564,CUST08564,7,6,10,1,Standard
ACC_CUST08565,CUST08565,6,3,19,2,Standard
ACC_CUST08566,CUST08566,7,8,18,5,Bad
ACC_CUST08567,CUST08567,8,7,4,4,Good
ACC_CUST08568,CUST08568,6,9,29,2,Bad
ACC_CUST08569,CUST08569,5,6,10,0,Good
ACC_CUST08570,CUST08570,1,5,7,1,Good
ACC_CUST08571,CUST08571,5,2,8,3,Good
ACC_CUST08572,CUST08572,10,7,33,7,Bad
ACC_CUST08573,CUST08573,3,5,18,3,Standard
ACC_CUST08574,CUST08574,9,9,33,8,Bad
ACC_CUST08575,CUST08575,3,7,7,4,Good
ACC_CUST08576,CUST08576,0,7,9,0,Good
ACC_CUST08577,CUST08577,2,5,1,3,Good
ACC_CUST08578,CUST08578,2,6,7,1,Good
ACC_CUST08579,CUST08579,9,8,27,4,Standard
ACC_CUST08580,CUST08580,4,3,5,3,Good
ACC_CUST08581,CUST08581,4,3,18,0,Standard
ACC_CUST08582,CUST08582,3,3,3,0,Good
ACC_CUST08583,CUST08583,9,8,26,5,Bad
ACC_CUST08584,CUST08584,7,5,14,1,Standard
ACC_CUST08585,CUST08585,5,3,18,3,Standard
ACC_CUST08586,CUST08586,4,6,12,4,Standard
ACC_CUST08587,CUST08587,3,5,17,4,Standard
ACC_CUST08591,CUST08591,4,4,17,4,Standard
ACC_CUST08592,CUST08592,5,5,8,1,Standard
ACC_CUST08593,CUST08593,4,4,4,3,Good
ACC_CUST08594,CUST08594,8,4,15,2,Standard
ACC_CUST08595,CUST08595,8,5,6,1,Standard
ACC_CUST08596,CUST08596,4,4,10,3,Standard
ACC_CUST08597,CUST08597,3,4,10,5,Standard
ACC_CUST08598,CUST08598,2,4,1,4,Good
ACC_CUST08599,CUST08599,3,6,5,4,Good
ACC_CUST08600,CUST08600,5,3,9,3,Standard
ACC_CUST08601,CUST08601,1,1,1,1,Good
ACC_CUST08602,CUST08602,4,5,6,1,Good
ACC_CUST08603,CUST08603,10,5,23,7,Bad
ACC_CUST08604,CUST08604,8,7,10,3,Good
ACC_CUST08605,CUST08605,6,5,6,2,Standard
ACC_CUST08607,CUST08607,7,4,12,2,Standard
ACC_CUST08608,CUST08608,3,7,11,0,Good
ACC_CUST08609,CUST08609,0,7,2,2,Good
ACC_CUST08611,CUST08611,8,5,4,1,Good
ACC_CUST08612,CUST08612,4,5,20,1,Standard
ACC_CUST08613,CUST08613,2,1,11,1,Good
ACC_CUST08615,CUST08615,5,2,9,4,Good
ACC_CUST08616,CUST08616,1,4,5,4,Good
ACC_CUST08617,CUST08617,10,10,16,7,Bad
ACC_CUST08618,CUST08618,7,5,5,1,Standard
ACC_CUST08619,CUST08619,8,8,19,7,Bad
ACC_CUST08620,CUST08620,6,6,34,5,Bad
ACC_CUST08621,CUST08621,0,5,12,0,Good
ACC_CUST08622,CUST08622,4,3,2,1,Good
ACC_CUST08623,CUST08623,3,5,9,2,Good
ACC_CUST08624,CUST08624,0,2,4,0,Good
ACC_CUST08625,CUST08625,3,6,6,3,Standard
ACC_CUST08626,CUST08626,7,10,23,5,Bad
ACC_CUST08627,CUST08627,7,6,8,7,Standard
ACC_CUST08628,CUST08628,8,10,18,7,Standard
ACC_CUST08629,CUST08629,1,5,2,0,Good
ACC_CUST08630,CUST08630,3,7,19,5,Standard
ACC_CUST08631,CUST08631,8,9,19,3,Bad
ACC_CUST08632,CUST08632,9,6,20,8,Bad
ACC_CUST08633,CUST08633,3,4,20,2,Standard
ACC_CUST08634,CUST08634,0,4,2,3,Good
ACC_CUST08635,CUST08635,5,1,10,2,Good
ACC_CUST08636,CUST08636,4,6,16,5,Standard
ACC_CUST08637,CUST08637,5,3,12,7,Standard
ACC_CUST08638,CUST08638,5,7,20,4,Standard
ACC_CUST08641,CUST08641,2,4,7,2,Good
ACC_CUST08642,CUST08642,4,7,10,3,Good
ACC_CUST08643,CUST08643,3,3,5,3,Good
ACC_CUST08644,CUST08644,4,4,6,0,Good
ACC_CUST08645,CUST08645,9,10,23,7,Bad
ACC_CUST08646,CUST08646,6,7,15,9,Bad
ACC_CUST08647,CUST08647,4,7,8,1,Good
ACC_CUST08648,CUST08648,5,7,5,3,Standard
ACC_CUST08649,CUST08649,7,8,17,5,Bad
ACC_CUST08650,CUST08650,4,5,8,0,Standard
ACC_CUST08651,CUST08651,6,6,32,5,Bad
ACC_CUST08653,CUST08653,6,4,9,2,Standard
ACC_CUST08654,CUST08654,3,3,12,0,Standard
ACC_CUST08655,CUST08655,0,5,1,2,Good
ACC_CUST08656,CUST08656,4,3,3,4,Good
ACC_CUST08657,CUST08657,6,3,10,1,Good
ACC_CUST08658,CUST08658,2,3,3,2,Good
ACC_CUST08659,CUST08659,8,6,27,8,Bad
ACC_CUST08660,CUST08660,4,4,6,4,Good
ACC_CUST08661,CUST08661,5,4,4,2,Good
ACC_CUST08662,CUST08662,4,6,13,2,Standard
ACC_CUST08663,CUST08663,0,3,3,1,Good
ACC_CUST08664,CUST08664,9,5,21,7,Bad
ACC_CUST08665,CUST08665,7,4,13,4,Standard
ACC_CUST08666,CUST08666,6,3,6,4,Standard
ACC_CUST08667,CUST08667,8,7,5,5,Standard
ACC_CUST08668,CUST08668,4,5,10,3,Good
ACC_CUST08669,CUST08669,3,7,18,4,Standard
ACC_CUST08670,CUST08670,7,9,24,9,Bad
ACC_CUST08671,CUST08671,3,3,10,0,Good
ACC_CUST08672,CUST08672,9,10,28,5,Bad
ACC_CUST08673,CUST08673,3,3,7,7,Standard
ACC_CUST08674,CUST08674,6,9,30,4,Standard
ACC_CUST08675,CUST08675,5,4,3,3,Good
ACC_CUST08676,CUST08676,7,10,22,8,Bad
ACC_CUST08678,CUST08678,8,5,11,1,Standard
ACC_CUST08679,CUST08679,3,4,5,0,Good
ACC_CUST08680,CUST08680,7,7,4,1,Standard
ACC_CUST08681,CUST08681,8,5,18,2,Standard
ACC_CUST08682,CUST08682,6,7,15,8,Bad
ACC_CUST08683,CUST08683,4,2,9,0,Good
ACC_CUST08684,CUST08684,10,9,32,7,Bad
ACC_CUST08685,CUST08685,4,3,4,3,Good
ACC_CUST08686,CUST08686,9,8,34,7,Bad
ACC_CUST08687,CUST08687,3,4,9,0,Standard
ACC_CUST08688,CUST08688,3,7,14,2,Standard
ACC_CUST08689,CUST08689,3,7,19,0,Standard
ACC_CUST08690,CUST08690,8,6,25,6,Standard
ACC_CUST08691,CUST08691,8,6,18,7,Standard
ACC_CUST08692,CUST08692,2,4,7,0,Good
ACC_CUST08693,CUST08693,6,8,21,6,Bad
ACC_CUST08694,CUST08694,8,7,5,3,Standard
ACC_CUST08695,CUST08695,7,5,16,6,Standard
ACC_CUST08696,CUST08696,1,2,2,1,Good
ACC_CUST08697,CUST08697,5,4,9,4,Standard
ACC_CUST08698,CUST08698,6,10,33,5,Bad
ACC_CUST08699,CUST08699,8,7,25,7,Bad
ACC_CUST08700,CUST08700,9,7,27,2,Bad
ACC_CUST08701,CUST08701,7,4,8,4,Standard
ACC_CUST08702,CUST08702,6,5,17,6,Standard
ACC_CUST08703,CUST08703,7,5,29,6,Bad
ACC_CUST08704,CUST08704,6,9,33,7,Standard
ACC_CUST08706,CUST08706,6,6,19,5,Bad
ACC_CUST08707,CUST08707,7,4,10,4,Standard
ACC_CUST08708,CUST08708,6,6,10,4,Standard
ACC_CUST08709,CUST08709,6,7,6,6,Standard
ACC_CUST08710,CUST08710,7,5,19,6,Standard
ACC_CUST08711,CUST08711,9,10,16,8,Bad
ACC_CUST08712,CUST08712,3,6,12,0,Standard
ACC_CUST08713,CUST08713,4,3,13,1,Standard
ACC_CUST08714,CUST08714,2,4,10,1,Good
ACC_CUST08715,CUST08715,6,7,17,1,Standard
ACC_CUST08717,CUST08717,6,9,15,8,Bad
ACC_CUST08718,CUST08718,7,3,9,3,Standard
ACC_CUST08719,CUST08719,2,5,11,1,Good
ACC_CUST08720,CUST08720,5,6,16,6,Standard
ACC_CUST08721,CUST08721,0,3,9,0,Good
ACC_CUST08722,CUST08722,10,6,29,7,Bad
ACC_CUST08723,CUST08723,10,9,16,5,Bad
ACC_CUST08724,CUST08724,6,4,9,1,Standard
ACC_CUST08725,CUST08725,3,7,18,3,Standard
ACC_CUST08726,CUST08726,3,2,10,4,Good
ACC_CUST08727,CUST08727,9,9,28,2,Bad
ACC_CUST08728,CUST08728,7,7,27,3,Standard
ACC_CUST08729,CUST08729,6,9,18,7,Bad
ACC_CUST08730,CUST08730,7,6,10,4,Standard
ACC_CUST08731,CUST08731,3,7,7,6,Standard
ACC_CUST08732,CUST08732,5,7,20,2,Standard
ACC_CUST08733,CUST08733,1,7,6,1,Good
ACC_CUST08734,CUST08734,10,7,34,4,Standard
ACC_CUST08735,CUST08735,4,6,8,3,Standard
ACC_CUST08736,CUST08736,0,6,3,3,Good
ACC_CUST08737,CUST08737,1,2,6,3,Good
ACC_CUST08738,CUST08738,4,4,14,2,Standard
ACC_CUST08739,CUST08739,5,7,8,4,Standard
ACC_CUST08740,CUST08740,8,9,25,5,Standard
ACC_CUST08741,CUST08741,7,8,17,9,Bad
ACC_CUST08742,CUST08742,1,2,10,3,Good
ACC_CUST08743,CUST08743,2,4,12,2,Good
ACC_CUST08745,CUST08745,6,8,21,5,Bad
ACC_CUST08746,CUST08746,8,7,25,2,Bad
ACC_CUST08747,CUST08747,6,5,18,9,Bad
ACC_CUST08748,CUST08748,10,7,18,7,Bad
ACC_CUST08749,CUST08749,4,4,5,0,Good
ACC_CUST08750,CUST08750,4,5,26,2,Standard
ACC_CUST08751,CUST08751,2,5,3,3,Good
ACC_CUST08752,CUST08752,3,1,7,1,Good
ACC_CUST08753,CUST08753,10,10,30,8,Bad
ACC_CUST08754,CUST08754,8,6,17,7,Standard
ACC_CUST08755,CUST08755,7,10,33,4,Bad
ACC_CUST08756,CUST08756,3,2,9,2,Good
ACC_CUST08757,CUST08757,6,4,9,0,Good
ACC_CUST08758,CUST08758,2,6,8,4,Good
ACC_CUST08759,CUST08759,2,5,8,4,Good
ACC_CUST08760,CUST08760,10,8,21,8,Bad
ACC_CUST08761,CUST08761,4,4,10,4,Standard
ACC_CUST08762,CUST08762,3,1,3,1,Good
ACC_CUST08763,CUST08763,4,3,7,3,Standard
ACC_CUST08764,CUST08764,5,4,17,3,Standard
ACC_CUST08765,CUST08765,6,4,8,4,Standard
ACC_CUST08766,CUST08766,8,10,33,5,Standard
ACC_CUST08767,CUST08767,9,10,25,7,Bad
ACC_CUST08768,CUST08768,9,8,28,8,Bad
ACC_CUST08769,CUST08769,2,5,10,0,Good
ACC_CUST08770,CUST08770,5,3,20,4,Standard
ACC_CUST08771,CUST08771,8,5,19,8,Bad
ACC_CUST08772,CUST08772,1,5,5,2,Good
ACC_CUST08773,CUST08773,3,6,16,1,Standard
ACC_CUST08774,CUST08774,7,7,15,0,Standard
ACC_CUST08775,CUST08775,0,3,1,1,Good
ACC_CUST08776,CUST08776,5,4,12,1,Good
ACC_CUST08777,CUST08777,1,3,4,0,Good
ACC_CUST08778,CUST08778,3,6,15,7,Standard
ACC_CUST08779,CUST08779,4,3,11,0,Standard
ACC_CUST08780,CUST08780,3,5,7,2,Good
ACC_CUST08781,CUST08781,7,7,12,1,Standard
ACC_CUST08782,CUST08782,9,9,31,8,Bad
ACC_CUST08784,CUST08784,4,4,14,1,Standard
ACC_CUST08785,CUST08785,8,9,21,3,Bad
ACC_CUST08787,CUST08787,5,3,10,1,Good
ACC_CUST08788,CUST08788,0,2,3,3,Good
ACC_CUST08789,CUST08789,8,10,21,8,Bad
ACC_CUST08790,CUST08790,0,4,5,3,Good
ACC_CUST08791,CUST08791,5,3,15,1,Standard
ACC_CUST08792,CUST08792,4,5,5,0,Good
ACC_CUST08793,CUST08793,9,10,27,6,Bad
ACC_CUST08794,CUST08794,6,9,17,8,Bad
ACC_CUST08795,CUST08795,5,5,16,5,Standard
ACC_CUST08796,CUST08796,5,4,1,4,Good
ACC_CUST08797,CUST08797,6,7,17,7,Standard
ACC_CUST08798,CUST08798,9,5,15,9,Bad
ACC_CUST08799,CUST08799,6,5,13,4,Standard
ACC_CUST08800,CUST08800,2,3,7,1,Good
ACC_CUST08801,CUST08801,10,6,16,6,Bad
ACC_CUST08802,CUST08802,9,6,17,8,Bad
ACC_CUST08803,CUST08803,2,5,3,4,Good
ACC_CUST08804,CUST08804,5,5,5,1,Good
ACC_CUST08805,CUST08805,1,3,10,3,Good
ACC_CUST08806,CUST08806,8,6,34,5,Bad
ACC_CUST08807,CUST08807,7,4,10,4,Standard
ACC_CUST08808,CUST08808,9,5,24,2,Standard
ACC_CUST08809,CUST08809,6,8,20,9,Bad
ACC_CUST08810,CUST08810,3,5,9,2,Good
ACC_CUST08811,CUST08811,8,4,20,6,Standard
ACC_CUST08812,CUST08812,0,4,12,2,Good
ACC_CUST08814,CUST08814,4,3,5,4,Good
ACC_CUST08815,CUST08815,8,6,26,7,Bad
ACC_CUST08816,CUST08816,8,6,21,5,Bad
ACC_CUST08817,CUST08817,10,9,17,9,Bad
ACC_CUST08818,CUST08818,4,6,6,3,Standard
ACC_CUST08819,CUST08819,3,7,9,0,Standard
ACC_CUST08820,CUST08820,8,5,20,0,Standard
ACC_CUST08821,CUST08821,9,5,34,7,Bad
ACC_CUST08822,CUST08822,3,5,6,1,Good
ACC_CUST08823,CUST08823,5,5,18,0,Standard
ACC_CUST08824,CUST08824,7,7,32,8,Bad
ACC_CUST08825,CUST08825,6,10,19,6,Bad
ACC_CUST08826,CUST08826,7,8,17,8,Bad
ACC_CUST08827,CUST08827,4,7,20,4,Standard
ACC_CUST08828,CUST08828,10,6,19,9,Bad
ACC_CUST08829,CUST08829,8,7,11,4,Standard
ACC_CUST08830,CUST08830,4,6,12,1,Standard
ACC_CUST08831,CUST08831,6,3,9,3,Standard
ACC_CUST08832,CUST08832,4,4,12,2,Standard
ACC_CUST08833,CUST08833,4,4,5,2,Good
ACC_CUST08834,CUST08834,6,8,21,6,Bad
ACC_CUST08835,CUST08835,3,7,4,0,Good
ACC_CUST08836,CUST08836,6,5,13,2,Standard
ACC_CUST08837,CUST08837,1,3,6,2,Good
ACC_CUST08838,CUST08838,10,7,25,6,Bad
ACC_CUST08839,CUST08839,9,5,18,8,Bad
ACC_CUST08840,CUST08840,7,5,29,8,Bad
ACC_CUST08841,CUST08841,4,6,6,4,Standard
ACC_CUST08842,CUST08842,6,6,29,9,Bad
ACC_CUST08843,CUST08843,5,6,18,3,Standard
ACC_CUST08844,CUST08844,6,4,9,1,Good
ACC_CUST08845,CUST08845,3,4,10,4,Standard
ACC_CUST08846,CUST08846,3,3,19,1,Standard
ACC_CUST08847,CUST08847,3,6,18,6,Standard
ACC_CUST08848,CUST08848,2,3,1,0,Good
ACC_CUST08850,CUST08850,3,6,13,0,Standard
ACC_CUST08851,CUST08851,0,3,6,3,Good
ACC_CUST08852,CUST08852,5,7,25,2,Standard
ACC_CUST08853,CUST08853,4,7,3,1,Good
ACC_CUST08854,CUST08854,6,10,26,2,Bad
ACC_CUST08855,CUST08855,6,7,5,0,Standard
ACC_CUST08856,CUST08856,8,8,28,7,Bad
ACC_CUST08857,CUST08857,10,8,19,5,Bad
ACC_CUST08858,CUST08858,8,5,27,5,Bad
ACC_CUST08859,CUST08859,4,5,9,4,Standard
ACC_CUST08860,CUST08860,4,3,4,4,Good
ACC_CUST08861,CUST08861,0,7,3,3,Good
ACC_CUST08862,CUST08862,8,6,31,6,Bad
ACC_CUST08863,CUST08863,7,6,5,4,Standard
ACC_CUST08864,CUST08864,4,6,9,4,Good
ACC_CUST08865,CUST08865,9,6,22,7,Standard
ACC_CUST08866,CUST08866,8,3,4,3,Good
ACC_CUST08867,CUST08867,5,6,6,2,Standard
ACC_CUST08868,CUST08868,0,6,5,4,Good
ACC_CUST08869,CUST08869,10,7,25,6,Bad
ACC_CUST08870,CUST08870,4,3,19,5,Standard
ACC_CUST08871,CUST08871,7,7,23,5,Bad
ACC_CUST08872,CUST08872,5,4,5,2,Standard
ACC_CUST08873,CUST08873,5,6,4,1,Good
ACC_CUST08874,CUST08874,3,5,9,1,Good
ACC_CUST08875,CUST08875,5,7,20,2,Standard
ACC_CUST08876,CUST08876,3,6,12,1,Standard
ACC_CUST08877,CUST08877,3,7,12,0,Standard
ACC_CUST08878,CUST08878,3,4,5,2,Good
ACC_CUST08879,CUST08879,6,7,16,1,Standard
ACC_CUST08880,CUST08880,8,4,7,0,Standard
ACC_CUST08881,CUST08881,6,10,18,7,Standard
ACC_CUST08882,CUST08882,3,3,6,4,Standard
ACC_CUST08883,CUST08883,8,9,18,7,Bad
ACC_CUST08884,CUST08884,7,10,15,5,Bad
ACC_CUST08885,CUST08885,7,7,33,3,Standard
ACC_CUST08886,CUST08886,5,3,10,2,Good
ACC_CUST08887,CUST08887,8,5,7,0,Standard
ACC_CUST08888,CUST08888,6,6,31,7,Bad
ACC_CUST08889,CUST08889,8,7,11,0,Standard
ACC_CUST08890,CUST08890,2,6,5,3,Good
ACC_CUST08891,CUST08891,6,7,10,3,Standard
ACC_CUST08892,CUST08892,4,6,23,5,Standard
ACC_CUST08893,CUST08893,5,7,6,3,Standard
ACC_CUST08894,CUST08894,5,3,8,3,Good
ACC_CUST08895,CUST08895,9,5,15,7,Bad
ACC_CUST08896,CUST08896,10,5,15,5,Bad
ACC_CUST08897,CUST08897,5,3,2,2,Good
ACC_CUST08898,CUST08898,4,6,10,2,Standard
ACC_CUST08899,CUST08899,0,4,9,2,Good
ACC_CUST08900,CUST08900,9,10,32,6,Standard
ACC_CUST08901,CUST08901,3,4,6,3,Good
ACC_CUST08902,CUST08902,4,7,18,5,Standard
ACC_CUST08903,CUST08903,8,10,30,2,Bad
ACC_CUST08904,CUST08904,8,5,26,2,Standard
ACC_CUST08905,CUST08905,2,2,4,4,Good
ACC_CUST08906,CUST08906,4,3,1,3,Good
ACC_CUST08907,CUST08907,5,6,17,2,Standard
ACC_CUST08908,CUST08908,7,4,30,5,Standard
ACC_CUST08909,CUST08909,0,5,3,2,Good
ACC_CUST08910,CUST08910,3,6,15,0,Standard
ACC_CUST08911,CUST08911,4,6,11,4,Standard
ACC_CUST08912,CUST08912,6,10,18,7,Standard
ACC_CUST08913,CUST08913,5,4,17,0,Standard
ACC_CUST08914,CUST08914,1,4,3,1,Good
ACC_CUST08915,CUST08915,3,6,8,1,Good
ACC_CUST08916,CUST08916,1,1,5,2,Good
ACC_CUST08917,CUST08917,5,8,21,3,Standard
ACC_CUST08918,CUST08918,5,4,18,4,Standard
ACC_CUST08919,CUST08919,7,6,20,6,Standard
ACC_CUST08920,CUST08920,8,10,32,5,Standard
ACC_CUST08921,CUST08921,5,7,2,0,Good
ACC_CUST08922,CUST08922,6,7,21,9,Bad
ACC_CUST08923,CUST08923,1,4,3,0,Good
ACC_CUST08924,CUST08924,6,3,34,6,Standard
ACC_CUST08925,CUST08925,4,6,30,6,Standard
ACC_CUST08926,CUST08926,7,7,25,7,Bad
ACC_CUST08927,CUST08927,4,5,5,2,Standard
ACC_CUST08928,CUST08928,9,7,16,9,Bad
ACC_CUST08929,CUST08929,5,5,10,1,Good
ACC_CUST08930,CUST08930,9,5,29,5,Bad
ACC_CUST08931,CUST08931,9,6,19,5,Bad
ACC_CUST08932,CUST08932,5,7,5,4,Good
ACC_CUST08933,CUST08933,6,4,12,7,Standard
ACC_CUST08935,CUST08935,7,6,15,6,Standard
ACC_CUST08936,CUST08936,5,6,14,3,Standard
ACC_CUST08937,CUST08937,2,5,7,1,Good
ACC_CUST08938,CUST08938,4,5,17,6,Standard
ACC_CUST08939,CUST08939,2,3,3,3,Good
ACC_CUST08940,CUST08940,8,7,12,1,Standard
ACC_CUST08941,CUST08941,3,5,4,4,Good
ACC_CUST08942,CUST08942,1,6,2,1,Good
ACC_CUST08943,CUST08943,8,6,15,7,Standard
ACC_CUST08944,CUST08944,2,3,3,4,Good
ACC_CUST08945,CUST08945,1,7,2,1,Good
ACC_CUST08947,CUST08947,7,5,11,7,Standard
ACC_CUST08948,CUST08948,0,5,12,2,Good
ACC_CUST08949,CUST08949,7,7,28,6,Bad
ACC_CUST08950,CUST08950,3,5,10,1,Good
ACC_CUST08951,CUST08951,8,8,18,3,Bad
ACC_CUST08952,CUST08952,8,6,17,0,Standard
ACC_CUST08953,CUST08953,0,5,10,3,Good
ACC_CUST08954,CUST08954,3,7,12,1,Standard
ACC_CUST08955,CUST08955,4,5,4,2,Good
ACC_CUST08956,CUST08956,5,4,17,4,Standard
ACC_CUST08957,CUST08957,1,7,7,0,Good
ACC_CUST08958,CUST08958,2,4,8,0,Good
ACC_CUST08959,CUST08959,6,7,15,2,Standard
ACC_CUST08960,CUST08960,10,7,26,5,Bad
ACC_CUST08961,CUST08961,2,6,10,0,Good
ACC_CUST08962,CUST08962,4,4,10,1,Standard
ACC_CUST08963,CUST08963,4,5,3,1,Good
ACC_CUST08964,CUST08964,6,9,33,5,Bad
ACC_CUST08965,CUST08965,7,5,30,6,Bad
ACC_CUST08966,CUST08966,2,4,5,1,Good
ACC_CUST08967,CUST08967,6,5,15,0,Standard
ACC_CUST08968,CUST08968,4,4,4,2,Good
ACC_CUST08969,CUST08969,6,5,20,6,Bad
ACC_CUST08970,CUST08970,6,3,15,2,Standard
ACC_CUST08971,CUST08971,5,1,8,2,Good
ACC_CUST08972,CUST08972,8,10,15,7,Bad
ACC_CUST08973,CUST08973,10,5,15,9,Bad
ACC_CUST08974,CUST08974,3,3,8,3,Good
ACC_CUST08975,CUST08975,2,4,3,1,Good
ACC_CUST08976,CUST08976,4,5,8,7,Standard
ACC_CUST08977,CUST08977,7,5,20,0,Standard
ACC_CUST08978,CUST08978,9,6,20,5,Bad
ACC_CUST08979,CUST08979,0,1,2,0,Good
ACC_CUST08980,CUST08980,7,5,17,1,Standard
ACC_CUST08981,CUST08981,10,5,16,6,Standard
ACC_CUST08982,CUST08982,4,3,9,4,Standard
ACC_CUST08983,CUST08983,8,6,20,4,Bad
ACC_CUST08984,CUST08984,6,5,10,2,Standard
ACC_CUST08985,CUST08985,3,5,11,3,Standard
ACC_CUST08987,CUST08987,8,5,2,4,Good
ACC_CUST08988,CUST08988,10,7,32,8,Bad
ACC_CUST08989,CUST08989,8,7,2,2,Good
ACC_CUST08990,CUST08990,4,7,29,6,Standard
ACC_CUST08991,CUST08991,8,7,16,2,Standard
ACC_CUST08992,CUST08992,3,5,7,4,Good
ACC_CUST08993,CUST08993,5,3,1,1,Good
ACC_CUST08994,CUST08994,9,7,29,7,Bad
ACC_CUST08995,CUST08995,9,7,30,6,Bad
ACC_CUST08997,CUST08997,2,6,7,2,Good
ACC_CUST08998,CUST08998,3,7,13,7,Standard
ACC_CUST08999,CUST08999,8,10,32,8,Bad
ACC_CUST09000,CUST09000,1,6,12,1,Good
ACC_CUST09001,CUST09001,7,6,18,4,Standard
ACC_CUST09002,CUST09002,1,5,10,2,Good
ACC_CUST09003,CUST09003,8,8,19,3,Bad
ACC_CUST09004,CUST09004,7,4,8,2,Standard
ACC_CUST09005,CUST09005,3,7,1,2,Good
ACC_CUST09006,CUST09006,3,5,15,2,Standard
ACC_CUST09007,CUST09007,6,5,17,3,Standard
ACC_CUST09008,CUST09008,6,5,21,6,Bad
ACC_CUST09009,CUST09009,8,6,19,1,Standard
ACC_CUST09010,CUST09010,8,3,7,3,Standard
ACC_CUST09011,CUST09011,6,5,18,9,Bad
ACC_CUST09012,CUST09012,0,3,9,3,Good
ACC_CUST09013,CUST09013,1,1,8,0,Good
ACC_CUST09014,CUST09014,5,7,19,4,Standard
ACC_CUST09015,CUST09015,3,3,4,3,Good
ACC_CUST09017,CUST09017,8,6,7,0,Standard
ACC_CUST09018,CUST09018,9,7,15,7,Bad
ACC_CUST09019,CUST09019,6,3,8,1,Standard
ACC_CUST09021,CUST09021,6,7,16,5,Bad
ACC_CUST09022,CUST09022,4,4,8,3,Good
ACC_CUST09023,CUST09023,9,9,27,7,Bad
ACC_CUST09024,CUST09024,4,6,16,4,Standard
ACC_CUST09025,CUST09025,4,5,1,0,Good
ACC_CUST09026,CUST09026,8,5,27,6,Bad
ACC_CUST09027,CUST09027,0,6,9,3,Good
ACC_CUST09028,CUST09028,8,8,18,9,Bad
ACC_CUST09029,CUST09029,7,5,8,3,Good
ACC_CUST09030,CUST09030,7,6,11,1,Standard
ACC_CUST09031,CUST09031,8,8,28,6,Bad
ACC_CUST09032,CUST09032,7,9,18,2,Bad
ACC_CUST09033,CUST09033,3,5,19,3,Standard
ACC_CUST09034,CUST09034,6,6,21,5,Bad
ACC_CUST09035,CUST09035,5,6,3,3,Good
ACC_CUST09036,CUST09036,10,8,25,2,Bad
ACC_CUST09037,CUST09037,4,6,11,4,Good
ACC_CUST09038,CUST09038,6,7,26,5,Bad
ACC_CUST09039,CUST09039,8,8,19,4,Bad
ACC_CUST09040,CUST09040,7,6,5,1,Standard
ACC_CUST09041,CUST09041,3,4,16,1,Standard
ACC_CUST09043,CUST09043,4,8,30,6,Standard
ACC_CUST09044,CUST09044,0,7,4,3,Good
ACC_CUST09045,CUST09045,8,7,20,6,Standard
ACC_CUST09046,CUST09046,1,4,10,2,Good
ACC_CUST09047,CUST09047,8,10,24,3,Bad
ACC_CUST09048,CUST09048,5,4,4,0,Good
ACC_CUST09049,CUST09049,6,3,28,3,Standard
ACC_CUST09050,CUST09050,5,4,9,1,Standard
ACC_CUST09051,CUST09051,1,4,2,1,Good
ACC_CUST09052,CUST09052,3,3,12,2,Good
ACC_CUST09054,CUST09054,9,7,31,8,Bad
ACC_CUST09055,CUST09055,7,3,11,3,Standard
ACC_CUST09056,CUST09056,5,6,12,4,Good
ACC_CUST09057,CUST09057,4,4,16,7,Standard
ACC_CUST09058,CUST09058,8,10,34,4,Standard
ACC_CUST09059,CUST09059,7,7,19,4,Standard
ACC_CUST09060,CUST09060,4,4,8,3,Good
ACC_CUST09061,CUST09061,10,6,26,9,Bad
ACC_CUST09062,CUST09062,3,3,13,2,Standard
ACC_CUST09063,CUST09063,7,7,15,5,Bad
ACC_CUST09064,CUST09064,8,3,20,3,Standard
ACC_CUST09065,CUST09065,5,2,7,3,Good
ACC_CUST09067,CUST09067,7,4,9,7,Standard
ACC_CUST09068,CUST09068,0,3,4,1,Good
ACC_CUST09069,CUST09069,6,6,23,3,Bad
ACC_CUST09070,CUST09070,2,5,12,3,Good
ACC_CUST09071,CUST09071,4,7,20,2,Standard
ACC_CUST09072,CUST09072,3,6,32,3,Standard
ACC_CUST09073,CUST09073,10,6,24,5,Bad
ACC_CUST09074,CUST09074,5,4,12,0,Good
ACC_CUST09075,CUST09075,4,4,11,7,Standard
ACC_CUST09076,CUST09076,4,5,10,4,Good
ACC_CUST09077,CUST09077,8,6,18,3,Standard
ACC_CUST09078,CUST09078,4,3,15,5,Standard
ACC_CUST09079,CUST09079,3,2,1,0,Good
ACC_CUST09080,CUST09080,6,5,19,1,Standard
ACC_CUST09081,CUST09081,3,6,5,1,Standard
ACC_CUST09082,CUST09082,7,9,21,7,Bad
ACC_CUST09084,CUST09084,5,4,11,0,Good
ACC_CUST09085,CUST09085,6,7,13,0,Standard
ACC_CUST09086,CUST09086,4,7,12,1,Good
ACC_CUST09087,CUST09087,6,10,15,5,Bad
ACC_CUST09088,CUST09088,7,3,7,2,Standard
ACC_CUST09089,CUST09089,6,3,11,2,Standard
ACC_CUST09090,CUST09090,8,8,32,3,Standard
ACC_CUST09091,CUST09091,7,8,16,9,Bad
ACC_CUST09092,CUST09092,4,6,15,1,Standard
ACC_CUST09093,CUST09093,4,7,18,6,Standard
ACC_CUST09094,CUST09094,6,7,1,1,Good
ACC_CUST09095,CUST09095,6,5,28,7,Standard
ACC_CUST09096,CUST09096,10,6,24,4,Bad
ACC_CUST09097,CUST09097,5,5,7,2,Standard
ACC_CUST09098,CUST09098,4,4,2,4,Good
ACC_CUST09099,CUST09099,7,6,13,0,Standard
ACC_CUST09100,CUST09100,6,5,17,4,Standard
ACC_CUST09101,CUST09101,2,7,9,4,Good
ACC_CUST09102,CUST09102,8,7,5,0,Good
ACC_CUST09103,CUST09103,3,5,16,2,Standard
ACC_CUST09104,CUST09104,5,3,18,4,Standard
ACC_CUST09105,CUST09105,6,7,7,6,Standard
ACC_CUST09106,CUST09106,3,7,13,2,Standard
ACC_CUST09107,CUST09107,6,5,2,4,Good
ACC_CUST09108,CUST09108,4,8,30,3,Standard
ACC_CUST09109,CUST09109,6,9,27,9,Bad
ACC_CUST09110,CUST09110,7,10,27,6,Bad
ACC_CUST09111,CUST09111,1,7,1,0,Good
ACC_CUST09112,CUST09112,6,9,30,3,Bad
ACC_CUST09113,CUST09113,6,8,29,7,Bad
ACC_CUST09114,CUST09114,7,5,23,4,Bad
ACC_CUST09115,CUST09115,3,4,14,5,Standard
ACC_CUST09116,CUST09116,3,5,2,4,Good
ACC_CUST09117,CUST09117,6,5,11,3,Standard
ACC_CUST09118,CUST09118,5,6,7,4,Standard
ACC_CUST09119,CUST09119,0,5,6,1,Good
ACC_CUST09120,CUST09120,7,5,24,6,Bad
ACC_CUST09121,CUST09121,4,7,9,4,Good
ACC_CUST09122,CUST09122,7,10,32,5,Bad
ACC_CUST09123,CUST09123,7,9,21,9,Bad
ACC_CUST09124,CUST09124,6,3,19,0,Standard
ACC_CUST09125,CUST09125,7,7,26,6,Bad
ACC_CUST09126,CUST09126,5,3,19,4,Standard
ACC_CUST09127,CUST09127,1,4,11,4,Good
ACC_CUST09128,CUST09128,7,5,17,3,Bad
ACC_CUST09129,CUST09129,9,5,30,6,Bad
ACC_CUST09130,CUST09130,1,3,8,4,Good
ACC_CUST09131,CUST09131,2,2,1,1,Good
ACC_CUST09132,CUST09132,7,10,22,9,Bad
ACC_CUST09133,CUST09133,9,5,30,2,Standard
ACC_CUST09134,CUST09134,7,6,1,0,Good
ACC_CUST09135,CUST09135,8,6,17,6,Standard
ACC_CUST09136,CUST09136,5,5,9,3,Good
ACC_CUST09137,CUST09137,6,5,20,1,Standard
ACC_CUST09138,CUST09138,9,9,27,8,Bad
ACC_CUST09139,CUST09139,8,6,11,3,Standard
ACC_CUST09140,CUST09140,9,7,31,3,Standard
ACC_CUST09141,CUST09141,4,7,9,1,Standard
ACC_CUST09142,CUST09142,7,3,18,2,Standard
ACC_CUST09144,CUST09144,3,9,28,3,Standard
ACC_CUST09145,CUST09145,4,4,12,2,Standard
ACC_CUST09146,CUST09146,6,4,8,0,Standard
ACC_CUST09147,CUST09147,10,9,19,6,Standard
ACC_CUST09148,CUST09148,7,7,28,5,Bad
ACC_CUST09149,CUST09149,8,6,31,5,Bad
ACC_CUST09150,CUST09150,2,7,6,0,Good
ACC_CUST09151,CUST09151,7,5,15,4,Standard
ACC_CUST09152,CUST09152,7,8,19,3,Bad
ACC_CUST09153,CUST09153,6,9,26,2,Bad
ACC_CUST09154,CUST09154,6,6,20,0,Standard
ACC_CUST09155,CUST09155,5,7,2,4,Good
ACC_CUST09156,CUST09156,7,7,17,3,Standard
ACC_CUST09157,CUST09157,6,4,20,4,Standard
ACC_CUST09158,CUST09158,5,3,10,4,Standard
ACC_CUST09159,CUST09159,5,7,9,3,Good
ACC_CUST09160,CUST09160,2,5,2,2,Good
ACC_CUST09161,CUST09161,1,2,6,0,Good
ACC_CUST09162,CUST09162,9,8,16,6,Bad
ACC_CUST09163,CUST09163,0,3,11,4,Good
ACC_CUST09164,CUST09164,5,3,2,4,Good
ACC_CUST09165,CUST09165,6,3,20,1,Standard
ACC_CUST09166,CUST09166,3,6,11,1,Good
ACC_CUST09167,CUST09167,6,4,8,1,Good
ACC_CUST09168,CUST09168,4,5,13,3,Standard
ACC_CUST09169,CUST09169,5,5,9,4,Standard
ACC_CUST09170,CUST09170,3,4,17,3,Standard
ACC_CUST09171,CUST09171,5,5,10,2,Standard
ACC_CUST09172,CUST09172,3,10,23,6,Standard
ACC_CUST09173,CUST09173,3,4,20,7,Standard
ACC_CUST09174,CUST09174,8,3,1,3,Standard
ACC_CUST09175,CUST09175,7,5,27,4,Standard
ACC_CUST09176,CUST09176,8,5,34,7,Standard
ACC_CUST09177,CUST09177,1,4,11,4,Good
ACC_CUST09178,CUST09178,7,9,16,8,Bad
ACC_CUST09179,CUST09179,0,6,2,1,Good
ACC_CUST09180,CUST09180,6,3,10,1,Standard
ACC_CUST09181,CUST09181,7,7,25,6,Standard
ACC_CUST09182,CUST09182,10,8,28,5,Standard
ACC_CUST09183,CUST09183,4,5,4,3,Good
ACC_CUST09184,CUST09184,4,5,19,2,Standard
ACC_CUST09185,CUST09185,9,8,31,4,Bad
ACC_CUST09186,CUST09186,6,8,28,9,Bad
ACC_CUST09187,CUST09187,8,7,19,2,Standard
ACC_CUST09188,CUST09188,4,3,11,1,Standard
ACC_CUST09189,CUST09189,6,8,26,2,Standard
ACC_CUST09190,CUST09190,5,1,3,4,Good
ACC_CUST09191,CUST09191,7,8,34,3,Standard
ACC_CUST09192,CUST09192,1,7,2,4,Good
ACC_CUST09193,CUST09193,6,4,6,2,Standard
ACC_CUST09194,CUST09194,4,7,20,0,Standard
ACC_CUST09195,CUST09195,9,10,33,8,Bad
ACC_CUST09196,CUST09196,5,7,14,4,Standard
ACC_CUST09197,CUST09197,4,5,2,3,Good
ACC_CUST09198,CUST09198,5,6,1,1,Good
ACC_CUST09199,CUST09199,6,6,13,4,Standard
ACC_CUST09201,CUST09201,0,7,7,3,Good
ACC_CUST09202,CUST09202,5,5,31,2,Standard
ACC_CUST09203,CUST09203,4,7,21,2,Standard
ACC_CUST09204,CUST09204,8,6,6,0,Standard
ACC_CUST09205,CUST09205,7,8,34,7,Bad
ACC_CUST09206,CUST09206,3,7,13,4,Standard
ACC_CUST09207,CUST09207,3,2,7,1,Good
ACC_CUST09209,CUST09209,10,10,20,9,Bad
ACC_CUST09210,CUST09210,3,5,4,1,Good
ACC_CUST09211,CUST09211,8,8,27,7,Bad
ACC_CUST09212,CUST09212,1,5,11,1,Good
ACC_CUST09213,CUST09213,1,4,6,0,Good
ACC_CUST09214,CUST09214,5,7,2,4,Good
ACC_CUST09215,CUST09215,3,5,19,4,Standard
ACC_CUST09216,CUST09216,10,8,19,6,Bad
ACC_CUST09217,CUST09217,0,4,6,1,Good
ACC_CUST09218,CUST09218,4,5,8,3,Standard
ACC_CUST09219,CUST09219,7,5,15,5,Standard
ACC_CUST09220,CUST09220,10,9,21,9,Bad
ACC_CUST09221,CUST09221,7,7,21,7,Bad
ACC_CUST09222,CUST09222,5,6,8,4,Good
ACC_CUST09223,CUST09223,8,9,15,9,Bad
ACC_CUST09225,CUST09225,8,9,24,6,Bad
ACC_CUST09226,CUST09226,3,2,4,4,Good
ACC_CUST09227,CUST09227,7,5,11,0,Standard
ACC_CUST09228,CUST09228,5,7,5,6,Standard
ACC_CUST09229,CUST09229,0,3,4,1,Good
ACC_CUST09230,CUST09230,9,7,25,7,Bad
ACC_CUST09231,CUST09231,4,3,12,2,Good
ACC_CUST09232,CUST09232,4,3,6,1,Good
ACC_CUST09233,CUST09233,3,4,11,0,Standard
ACC_CUST09234,CUST09234,8,10,20,6,Bad
ACC_CUST09235,CUST09235,9,7,32,7,Bad
ACC_CUST09236,CUST09236,5,7,10,6,Standard
ACC_CUST09237,CUST09237,8,5,30,7,Standard
ACC_CUST09238,CUST09238,3,9,25,3,Standard
ACC_CUST09239,CUST09239,0,4,4,0,Good
ACC_CUST09240,CUST09240,0,4,2,0,Good
ACC_CUST09241,CUST09241,3,7,13,4,Standard
ACC_CUST09242,CUST09242,3,4,3,4,Standard
ACC_CUST09243,CUST09243,6,6,6,0,Standard
ACC_CUST09244,CUST09244,7,7,17,8,Bad
ACC_CUST09245,CUST09245,4,1,4,1,Good
ACC_CUST09246,CUST09246,1,7,9,2,Good
ACC_CUST09247,CUST09247,7,5,7,0,Good
ACC_CUST09248,CUST09248,8,10,20,5,Bad
ACC_CUST09249,CUST09249,7,10,30,3,Standard
ACC_CUST09250,CUST09250,4,3,15,7,Standard
ACC_CUST09251,CUST09251,7,5,4,4,Good
ACC_CUST09252,CUST09252,6,9,34,9,Bad
ACC_CUST09253,CUST09253,6,4,8,4,Standard
ACC_CUST09254,CUST09254,4,4,6,1,Good
ACC_CUST09255,CUST09255,2,3,8,2,Good
ACC_CUST09256,CUST09256,4,7,7,1,Standard
ACC_CUST09257,CUST09257,9,10,29,7,Bad
ACC_CUST09258,CUST09258,3,1,11,2,Good
ACC_CUST09259,CUST09259,7,9,21,5,Bad
ACC_CUST09260,CUST09260,3,4,9,3,Good
ACC_CUST09261,CUST09261,7,3,14,4,Standard
ACC_CUST09262,CUST09262,8,6,12,3,Standard
ACC_CUST09263,CUST09263,4,3,9,1,Good
ACC_CUST09264,CUST09264,8,7,19,1,Standard
ACC_CUST09265,CUST09265,3,7,15,3,Standard
ACC_CUST09266,CUST09266,6,4,8,7,Standard
ACC_CUST09267,CUST09267,4,6,19,4,Standard
ACC_CUST09268,CUST09268,1,2,3,0,Good
ACC_CUST09269,CUST09269,5,3,9,0,Standard
ACC_CUST09270,CUST09270,8,4,8,4,Standard
ACC_CUST09271,CUST09271,6,6,15,2,Standard
ACC_CUST09272,CUST09272,1,7,9,4,Good
ACC_CUST09273,CUST09273,5,7,3,3,Good
ACC_CUST09274,CUST09274,7,4,20,2,Standard
ACC_CUST09275,CUST09275,7,7,33,4,Standard
ACC_CUST09276,CUST09276,2,7,7,2,Good
ACC_CUST09277,CUST09277,1,5,5,3,Good
ACC_CUST09278,CUST09278,4,4,24,4,Standard
ACC_CUST09279,CUST09279,3,7,29,5,Standard
ACC_CUST09280,CUST09280,1,1,8,2,Good
ACC_CUST09281,CUST09281,9,8,20,4,Bad
ACC_CUST09282,CUST09282,6,7,27,5,Bad
ACC_CUST09284,CUST09284,8,5,17,2,Standard
ACC_CUST09285,CUST09285,7,3,13,4,Standard
ACC_CUST09287,CUST09287,10,10,31,8,Bad
ACC_CUST09288,CUST09288,9,8,18,2,Standard
ACC_CUST09289,CUST09289,3,5,18,1,Standard
ACC_CUST09290,CUST09290,7,9,24,6,Standard
ACC_CUST09291,CUST09291,6,9,34,5,Bad
ACC_CUST09292,CUST09292,3,4,11,4,Good
ACC_CUST09293,CUST09293,7,3,6,0,Standard
ACC_CUST09294,CUST09294,3,4,10,4,Standard
ACC_CUST09295,CUST09295,8,5,12,4,Standard
ACC_CUST09296,CUST09296,1,5,2,2,Good
ACC_CUST09297,CUST09297,8,5,16,0,Standard
ACC_CUST09298,CUST09298,6,9,24,7,Bad
ACC_CUST09299,CUST09299,8,5,16,2,Bad
ACC_CUST09300,CUST09300,7,5,18,5,Bad
ACC_CUST09301,CUST09301,5,5,2,0,Good
ACC_CUST09302,CUST09302,6,6,2,3,Standard
ACC_CUST09303,CUST09303,4,8,25,2,Standard
ACC_CUST09304,CUST09304,7,6,16,1,Standard
ACC_CUST09305,CUST09305,3,6,12,4,Good
ACC_CUST09306,CUST09306,8,7,21,7,Standard
ACC_CUST09307,CUST09307,5,5,9,7,Standard
ACC_CUST09308,CUST09308,4,5,9,4,Good
ACC_CUST09309,CUST09309,10,6,22,8,Bad
ACC_CUST09310,CUST09310,5,4,20,4,Standard
ACC_CUST09311,CUST09311,5,7,9,3,Good
ACC_CUST09312,CUST09312,6,3,18,4,Standard
ACC_CUST09315,CUST09315,6,6,10,0,Good
ACC_CUST09316,CUST09316,4,7,7,2,Standard
ACC_CUST09317,CUST09317,1,7,4,0,Good
ACC_CUST09319,CUST09319,3,3,10,0,Good
ACC_CUST09320,CUST09320,3,4,12,0,Good
ACC_CUST09321,CUST09321,5,5,8,2,Standard
ACC_CUST09322,CUST09322,3,5,9,2,Good
ACC_CUST09323,CUST09323,7,7,22,9,Bad
ACC_CUST09324,CUST09324,2,4,8,0,Good
ACC_CUST09325,CUST09325,4,6,20,6,Standard
ACC_CUST09326,CUST09326,6,10,31,6,Bad
ACC_CUST09327,CUST09327,6,7,15,1,Standard
ACC_CUST09328,CUST09328,8,3,11,2,Standard
ACC_CUST09329,CUST09329,6,6,25,2,Standard
ACC_CUST09330,CUST09330,1,7,9,0,Good
ACC_CUST09331,CUST09331,6,9,29,6,Bad
ACC_CUST09333,CUST09333,3,7,13,4,Standard
ACC_CUST09334,CUST09334,9,7,27,5,Bad
ACC_CUST09335,CUST09335,10,7,15,2,Bad
ACC_CUST09336,CUST09336,6,5,29,5,Bad
ACC_CUST09337,CUST09337,4,5,11,2,Good
ACC_CUST09338,CUST09338,9,7,32,4,Standard
ACC_CUST09339,CUST09339,0,7,5,1,Good
ACC_CUST09340,CUST09340,10,10,16,9,Bad
ACC_CUST09341,CUST09341,5,3,5,3,Standard
ACC_CUST09342,CUST09342,9,7,20,7,Bad
ACC_CUST09343,CUST09343,6,8,17,5,Bad
ACC_CUST09344,CUST09344,6,4,23,7,Standard
ACC_CUST09345,CUST09345,7,4,5,4,Standard
ACC_CUST09346,CUST09346,7,7,14,3,Standard
ACC_CUST09347,CUST09347,8,5,3,3,Standard
ACC_CUST09348,CUST09348,4,3,15,4,Standard
ACC_CUST09349,CUST09349,0,3,12,4,Good
ACC_CUST09350,CUST09350,3,3,7,4,Good
ACC_CUST09351,CUST09351,7,7,15,7,Bad
ACC_CUST09352,CUST09352,1,7,12,3,Good
ACC_CUST09353,CUST09353,5,1,6,1,Good
ACC_CUST09354,CUST09354,4,2,4,0,Good
ACC_CUST09355,CUST09355,4,7,12,3,Good
ACC_CUST09356,CUST09356,3,3,13,4,Standard
ACC_CUST09357,CUST09357,4,4,3,3,Good
ACC_CUST09358,CUST09358,4,6,15,3,Standard
ACC_CUST09359,CUST09359,9,9,21,7,Bad
ACC_CUST09360,CUST09360,8,8,30,2,Bad
ACC_CUST09361,CUST09361,8,3,10,4,Standard
ACC_CUST09362,CUST09362,5,5,10,0,Standard
ACC_CUST09363,CUST09363,7,4,16,0,Standard
ACC_CUST09364,CUST09364,3,4,8,4,Standard
ACC_CUST09365,CUST09365,8,5,16,1,Standard
ACC_CUST09366,CUST09366,9,9,33,5,Bad
ACC_CUST09367,CUST09367,6,10,31,7,Bad
ACC_CUST09369,CUST09369,9,9,19,5,Bad
ACC_CUST09370,CUST09370,3,5,16,1,Standard
ACC_CUST09373,CUST09373,3,4,9,5,Standard
ACC_CUST09374,CUST09374,8,10,32,8,Bad
ACC_CUST09375,CUST09375,3,5,18,0,Standard
ACC_CUST09376,CUST09376,6,5,8,0,Standard
ACC_CUST09377,CUST09377,7,6,28,5,Bad
ACC_CUST09378,CUST09378,7,6,28,8,Bad
ACC_CUST09379,CUST09379,10,7,25,7,Bad
ACC_CUST09380,CUST09380,8,9,18,7,Bad
ACC_CUST09381,CUST09381,6,3,18,1,Standard
ACC_CUST09382,CUST09382,6,7,6,5,Standard
ACC_CUST09383,CUST09383,5,1,6,2,Good
ACC_CUST09384,CUST09384,6,9,27,3,Bad
ACC_CUST09385,CUST09385,10,7,19,2,Bad
ACC_CUST09386,CUST09386,6,7,28,6,Bad
ACC_CUST09387,CUST09387,7,7,15,7,Standard
ACC_CUST09388,CUST09388,5,3,5,3,Standard
ACC_CUST09389,CUST09389,4,6,15,3,Standard
ACC_CUST09390,CUST09390,7,4,10,2,Standard
ACC_CUST09391,CUST09391,4,3,20,2,Standard
ACC_CUST09392,CUST09392,7,6,10,2,Good
ACC_CUST09393,CUST09393,5,4,8,1,Good
ACC_CUST09395,CUST09395,5,3,15,6,Standard
ACC_CUST09396,CUST09396,4,6,10,3,Standard
ACC_CUST09397,CUST09397,4,1,7,2,Good
ACC_CUST09398,CUST09398,7,9,27,6,Bad
ACC_CUST09399,CUST09399,7,3,19,1,Standard
ACC_CUST09400,CUST09400,9,6,27,6,Bad
ACC_CUST09401,CUST09401,8,10,28,5,Bad
ACC_CUST09402,CUST09402,8,4,9,1,Standard
ACC_CUST09403,CUST09403,1,3,2,2,Good
ACC_CUST09404,CUST09404,6,7,16,7,Bad
ACC_CUST09405,CUST09405,4,7,7,4,Good
ACC_CUST09406,CUST09406,7,5,14,5,Standard
ACC_CUST09407,CUST09407,3,4,12,2,Standard
ACC_CUST09408,CUST09408,4,4,1,3,Good
ACC_CUST09409,CUST09409,10,6,22,7,Bad
ACC_CUST09410,CUST09410,9,9,24,6,Bad
ACC_CUST09411,CUST09411,6,10,18,9,Bad
ACC_CUST09412,CUST09412,6,5,19,1,Standard
ACC_CUST09413,CUST09413,4,4,10,5,Standard
ACC_CUST09414,CUST09414,2,1,2,3,Good
ACC_CUST09415,CUST09415,3,3,6,7,Standard
ACC_CUST09416,CUST09416,7,8,32,7,Bad
ACC_CUST09417,CUST09417,9,10,32,8,Bad
ACC_CUST09418,CUST09418,0,6,3,4,Good
ACC_CUST09419,CUST09419,7,5,31,6,Bad
ACC_CUST09420,CUST09420,7,6,21,7,Bad
ACC_CUST09421,CUST09421,5,5,17,0,Standard
ACC_CUST09422,CUST09422,4,6,10,2,Standard
ACC_CUST09423,CUST09423,2,7,11,4,Good
ACC_CUST09424,CUST09424,4,7,20,3,Standard
ACC_CUST09425,CUST09425,8,8,17,5,Bad
ACC_CUST09426,CUST09426,7,8,18,7,Bad
ACC_CUST09427,CUST09427,0,6,12,2,Good
ACC_CUST09428,CUST09428,9,6,18,9,Bad
ACC_CUST09429,CUST09429,5,7,9,6,Standard
ACC_CUST09430,CUST09430,8,8,32,6,Bad
ACC_CUST09431,CUST09431,1,4,11,1,Good
ACC_CUST09432,CUST09432,1,3,9,0,Good
ACC_CUST09433,CUST09433,7,3,18,3,Standard
ACC_CUST09434,CUST09434,8,7,18,5,Bad
ACC_CUST09435,CUST09435,3,3,6,6,Standard
ACC_CUST09436,CUST09436,6,10,21,2,Bad
ACC_CUST09437,CUST09437,4,3,7,3,Standard
ACC_CUST09438,CUST09438,0,3,2,1,Good
ACC_CUST09439,CUST09439,4,5,17,4,Standard
ACC_CUST09440,CUST09440,7,3,5,4,Standard
ACC_CUST09441,CUST09441,8,6,34,5,Standard
ACC_CUST09442,CUST09442,5,5,20,3,Standard
ACC_CUST09443,CUST09443,0,3,10,3,Good
ACC_CUST09444,CUST09444,4,4,17,3,Standard
ACC_CUST09445,CUST09445,8,4,3,4,Standard
ACC_CUST09446,CUST09446,4,5,7,1,Good
ACC_CUST09447,CUST09447,1,3,8,4,Good
ACC_CUST09448,CUST09448,9,9,32,7,Standard
ACC_CUST09449,CUST09449,0,7,9,3,Good
ACC_CUST09451,CUST09451,8,7,6,6,Standard
ACC_CUST09452,CUST09452,8,9,26,2,Standard
ACC_CUST09453,CUST09453,9,5,22,8,Bad
ACC_CUST09454,CUST09454,7,6,18,2,Standard
ACC_CUST09455,CUST09455,3,5,5,3,Good
ACC_CUST09456,CUST09456,8,5,18,3,Standard
ACC_CUST09457,CUST09457,0,6,6,2,Good
ACC_CUST09458,CUST09458,2,1,8,0,Good
ACC_CUST09459,CUST09459,2,3,8,3,Good
ACC_CUST09460,CUST09460,3,6,9,0,Standard
ACC_CUST09461,CUST09461,5,6,2,4,Good
ACC_CUST09462,CUST09462,6,6,20,2,Standard
ACC_CUST09463,CUST09463,4,5,7,4,Standard
ACC_CUST09464,CUST09464,0,1,8,2,Good
ACC_CUST09465,CUST09465,5,3,2,1,Good
ACC_CUST09466,CUST09466,1,5,10,0,Good
ACC_CUST09467,CUST09467,2,3,7,4,Good
ACC_CUST09468,CUST09468,8,10,17,6,Bad
ACC_CUST09469,CUST09469,3,2,4,2,Good
ACC_CUST09470,CUST09470,0,5,3,2,Good
ACC_CUST09471,CUST09471,4,4,20,3,Standard
ACC_CUST09472,CUST09472,4,6,6,0,Standard
ACC_CUST09474,CUST09474,7,6,17,5,Standard
ACC_CUST09475,CUST09475,2,7,6,0,Good
ACC_CUST09476,CUST09476,6,5,15,5,Standard
ACC_CUST09477,CUST09477,7,5,9,2,Standard
ACC_CUST09478,CUST09478,8,9,24,5,Bad
ACC_CUST09479,CUST09479,4,4,10,0,Good
ACC_CUST09480,CUST09480,3,5,4,3,Good
ACC_CUST09481,CUST09481,8,8,16,6,Bad
ACC_CUST09483,CUST09483,3,3,33,2,Standard
ACC_CUST09484,CUST09484,4,5,16,1,Standard
ACC_CUST09485,CUST09485,0,4,8,2,Good
ACC_CUST09486,CUST09486,9,5,18,4,Bad
ACC_CUST09487,CUST09487,7,7,11,0,Standard
ACC_CUST09488,CUST09488,4,6,20,5,Standard
ACC_CUST09489,CUST09489,4,7,20,1,Standard
ACC_CUST09490,CUST09490,6,6,7,4,Good
ACC_CUST09491,CUST09491,1,7,10,1,Good
ACC_CUST09492,CUST09492,1,4,3,1,Good
ACC_CUST09493,CUST09493,6,5,10,4,Standard
ACC_CUST09494,CUST09494,3,6,11,3,Good
ACC_CUST09495,CUST09495,7,7,7,0,Standard
ACC_CUST09496,CUST09496,7,5,8,4,Standard
ACC_CUST09497,CUST09497,3,5,2,3,Good
ACC_CUST09498,CUST09498,10,5,24,4,Bad
ACC_CUST09499,CUST09499,5,4,34,7,Standard
ACC_CUST09500,CUST09500,6,4,16,4,Standard
ACC_CUST09501,CUST09501,3,3,8,5,Standard
ACC_CUST09502,CUST09502,5,5,15,1,Standard
ACC_CUST09503,CUST09503,4,7,9,5,Standard
ACC_CUST09504,CUST09504,5,3,15,2,Standard
ACC_CUST09505,CUST09505,4,6,1,4,Good
ACC_CUST09506,CUST09506,6,3,10,3,Standard
ACC_CUST09507,CUST09507,2,4,6,3,Good
ACC_CUST09508,CUST09508,8,9,21,9,Bad
ACC_CUST09509,CUST09509,7,6,19,6,Bad
ACC_CUST09510,CUST09510,7,7,19,8,Bad
ACC_CUST09511,CUST09511,4,1,3,4,Good
ACC_CUST09512,CUST09512,7,6,6,4,Standard
ACC_CUST09513,CUST09513,9,8,29,9,Bad
ACC_CUST09514,CUST09514,4,3,11,1,Good
ACC_CUST09515,CUST09515,4,5,6,1,Good
ACC_CUST09516,CUST09516,1,6,10,3,Good
ACC_CUST09518,CUST09518,7,3,18,4,Standard
ACC_CUST09519,CUST09519,1,4,11,2,Good
ACC_CUST09520,CUST09520,7,9,21,8,Bad
ACC_CUST09521,CUST09521,4,7,16,4,Standard
ACC_CUST09522,CUST09522,0,5,12,2,Good
ACC_CUST09523,CUST09523,8,7,34,7,Bad
ACC_CUST09524,CUST09524,4,7,2,1,Good
ACC_CUST09525,CUST09525,4,7,10,1,Good
ACC_CUST09526,CUST09526,6,5,12,2,Standard
ACC_CUST09527,CUST09527,5,6,7,0,Standard
ACC_CUST09529,CUST09529,8,7,27,4,Bad
ACC_CUST09530,CUST09530,3,7,3,1,Good
ACC_CUST09531,CUST09531,8,5,22,6,Bad
ACC_CUST09532,CUST09532,4,6,3,1,Standard
ACC_CUST09533,CUST09533,4,3,6,2,Standard
ACC_CUST09534,CUST09534,3,4,6,4,Good
ACC_CUST09535,CUST09535,5,7,5,3,Standard
ACC_CUST09536,CUST09536,10,7,19,7,Bad
ACC_CUST09537,CUST09537,4,4,13,0,Standard
ACC_CUST09538,CUST09538,1,7,3,4,Good
ACC_CUST09539,CUST09539,6,5,17,4,Standard
ACC_CUST09540,CUST09540,8,5,15,6,Standard
ACC_CUST09541,CUST09541,3,4,7,0,Good
ACC_CUST09542,CUST09542,7,6,13,0,Standard
ACC_CUST09543,CUST09543,4,3,12,1,Good
ACC_CUST09544,CUST09544,10,7,30,6,Bad
ACC_CUST09545,CUST09545,5,4,10,2,Standard
ACC_CUST09546,CUST09546,6,7,11,2,Standard
ACC_CUST09547,CUST09547,9,7,29,7,Standard
ACC_CUST09548,CUST09548,1,4,2,3,Good
ACC_CUST09549,CUST09549,6,6,29,5,Standard
ACC_CUST09550,CUST09550,3,2,11,2,Good
ACC_CUST09551,CUST09551,10,10,26,7,Bad
ACC_CUST09552,CUST09552,6,3,20,4,Standard
ACC_CUST09553,CUST09553,4,6,16,2,Standard
ACC_CUST09554,CUST09554,3,3,1,3,Good
ACC_CUST09555,CUST09555,10,5,31,3,Standard
ACC_CUST09556,CUST09556,10,9,33,8,Bad
ACC_CUST09557,CUST09557,7,6,15,2,Standard
ACC_CUST09558,CUST09558,6,4,17,1,Standard
ACC_CUST09560,CUST09560,8,6,22,6,Bad
ACC_CUST09562,CUST09562,7,4,13,1,Standard
ACC_CUST09563,CUST09563,8,4,5,4,Standard
ACC_CUST09564,CUST09564,7,5,19,2,Standard
ACC_CUST09565,CUST09565,3,7,11,3,Good
ACC_CUST09566,CUST09566,5,3,6,4,Good
ACC_CUST09567,CUST09567,4,6,8,0,Good
ACC_CUST09568,CUST09568,8,9,29,6,Bad
ACC_CUST09569,CUST09569,7,3,15,2,Standard
ACC_CUST09570,CUST09570,8,7,8,3,Standard
ACC_CUST09571,CUST09571,4,6,7,4,Good
ACC_CUST09572,CUST09572,6,3,8,2,Good
ACC_CUST09573,CUST09573,6,7,18,9,Bad
ACC_CUST09574,CUST09574,10,10,29,6,Bad
ACC_CUST09575,CUST09575,5,4,3,2,Good
ACC_CUST09576,CUST09576,4,6,9,1,Standard
ACC_CUST09577,CUST09577,10,10,24,5,Bad
ACC_CUST09578,CUST09578,7,8,17,4,Standard
ACC_CUST09579,CUST09579,3,5,7,4,Standard
ACC_CUST09580,CUST09580,8,3,7,4,Standard
ACC_CUST09581,CUST09581,1,7,11,1,Good
ACC_CUST09582,CUST09582,2,2,7,2,Good
ACC_CUST09583,CUST09583,7,7,8,3,Standard
ACC_CUST09584,CUST09584,0,7,1,0,Good
ACC_CUST09585,CUST09585,5,6,17,3,Standard
ACC_CUST09586,CUST09586,1,1,2,0,Good
ACC_CUST09587,CUST09587,9,9,24,9,Bad
ACC_CUST09588,CUST09588,6,6,32,2,Standard
ACC_CUST09590,CUST09590,6,6,25,7,Bad
ACC_CUST09591,CUST09591,0,5,7,0,Good
ACC_CUST09592,CUST09592,3,6,20,2,Standard
ACC_CUST09593,CUST09593,7,7,17,8,Bad
ACC_CUST09594,CUST09594,1,4,1,2,Good
ACC_CUST09595,CUST09595,9,7,15,5,Bad
ACC_CUST09596,CUST09596,7,4,7,4,Standard
ACC_CUST09598,CUST09598,5,6,6,4,Standard
ACC_CUST09599,CUST09599,10,10,20,3,Standard
ACC_CUST09600,CUST09600,3,5,6,6,Standard
ACC_CUST09601,CUST09601,3,6,30,7,Standard
ACC_CUST09602,CUST09602,0,3,5,0,Good
ACC_CUST09603,CUST09603,3,6,20,4,Standard
ACC_CUST09604,CUST09604,8,5,15,3,Standard
ACC_CUST09605,CUST09605,0,6,5,0,Good
ACC_CUST09606,CUST09606,1,4,4,1,Good
ACC_CUST09607,CUST09607,5,6,18,4,Standard
ACC_CUST09608,CUST09608,8,6,1,0,Good
ACC_CUST09609,CUST09609,8,6,33,7,Bad
ACC_CUST09610,CUST09610,8,5,7,0,Standard
ACC_CUST09611,CUST09611,3,7,18,1,Standard
ACC_CUST09612,CUST09612,4,5,20,1,Standard
ACC_CUST09613,CUST09613,1,3,1,4,Good
ACC_CUST09614,CUST09614,6,3,8,2,Standard
ACC_CUST09615,CUST09615,10,7,17,6,Bad
ACC_CUST09616,CUST09616,1,4,11,3,Good
ACC_CUST09617,CUST09617,5,7,11,0,Good
ACC_CUST09618,CUST09618,2,7,12,2,Good
ACC_CUST09619,CUST09619,3,4,12,4,Good
ACC_CUST09620,CUST09620,6,10,15,5,Bad
ACC_CUST09621,CUST09621,5,3,9,3,Good
ACC_CUST09622,CUST09622,5,6,12,3,Good
ACC_CUST09623,CUST09623,4,7,12,1,Standard
ACC_CUST09624,CUST09624,8,5,30,3,Standard
ACC_CUST09625,CUST09625,5,4,6,6,Standard
ACC_CUST09626,CUST09626,9,10,23,6,Standard
ACC_CUST09627,CUST09627,7,5,23,3,Bad
ACC_CUST09628,CUST09628,1,5,5,3,Good
ACC_CUST09629,CUST09629,3,6,10,3,Good
ACC_CUST09630,CUST09630,3,5,17,1,Standard
ACC_CUST09632,CUST09632,5,2,11,1,Good
ACC_CUST09633,CUST09633,7,6,29,6,Bad
ACC_CUST09634,CUST09634,7,4,9,2,Standard
ACC_CUST09635,CUST09635,4,1,7,0,Good
ACC_CUST09636,CUST09636,0,6,3,0,Good
ACC_CUST09637,CUST09637,8,8,20,5,Standard
ACC_CUST09638,CUST09638,7,4,11,1,Standard
ACC_CUST09639,CUST09639,4,3,12,3,Good
ACC_CUST09640,CUST09640,5,5,20,2,Standard
ACC_CUST09641,CUST09641,10,9,28,5,Standard
ACC_CUST09642,CUST09642,10,8,23,7,Bad
ACC_CUST09643,CUST09643,7,7,18,6,Standard
ACC_CUST09644,CUST09644,6,3,9,3,Standard
ACC_CUST09645,CUST09645,5,4,6,2,Standard
ACC_CUST09646,CUST09646,3,1,10,4,Good
ACC_CUST09647,CUST09647,6,7,25,6,Bad
ACC_CUST09648,CUST09648,6,9,23,7,Standard
ACC_CUST09649,CUST09649,6,6,19,1,Standard
ACC_CUST09650,CUST09650,1,4,1,1,Good
ACC_CUST09651,CUST09651,5,4,3,4,Good
ACC_CUST09652,CUST09652,5,6,7,1,Good
ACC_CUST09653,CUST09653,9,5,31,8,Bad
ACC_CUST09655,CUST09655,3,6,12,1,Good
ACC_CUST09656,CUST09656,6,6,20,2,Standard
ACC_CUST09657,CUST09657,1,6,11,1,Good
ACC_CUST09658,CUST09658,3,5,20,1,Standard
ACC_CUST09659,CUST09659,6,5,15,0,Standard
ACC_CUST09660,CUST09660,4,4,1,2,Good
ACC_CUST09661,CUST09661,6,6,15,3,Standard
ACC_CUST09662,CUST09662,4,5,16,1,Standard
ACC_CUST09663,CUST09663,8,6,20,6,Standard
ACC_CUST09665,CUST09665,6,9,32,8,Bad
ACC_CUST09666,CUST09666,7,6,28,6,Standard
ACC_CUST09667,CUST09667,3,6,5,0,Good
ACC_CUST09668,CUST09668,6,4,7,3,Standard
ACC_CUST09669,CUST09669,2,4,5,2,Good
ACC_CUST09670,CUST09670,4,3,11,0,Standard
ACC_CUST09671,CUST09671,4,5,6,2,Standard
ACC_CUST09672,CUST09672,5,4,6,2,Good
ACC_CUST09673,CUST09673,8,4,19,4,Standard
ACC_CUST09674,CUST09674,9,6,15,7,Bad
ACC_CUST09675,CUST09675,4,3,2,2,Good
ACC_CUST09676,CUST09676,7,7,16,8,Bad
ACC_CUST09677,CUST09677,7,5,20,7,Bad
ACC_CUST09678,CUST09678,0,5,12,1,Good
ACC_CUST09679,CUST09679,4,5,4,3,Good
ACC_CUST09680,CUST09680,4,5,15,6,Standard
ACC_CUST09681,CUST09681,2,5,5,1,Good
ACC_CUST09682,CUST09682,1,7,8,4,Good
ACC_CUST09683,CUST09683,7,3,14,2,Standard
ACC_CUST09684,CUST09684,10,8,23,7,Bad
ACC_CUST09685,CUST09685,4,3,14,1,Standard
ACC_CUST09686,CUST09686,5,4,3,4,Good
ACC_CUST09688,CUST09688,4,3,9,1,Standard
ACC_CUST09689,CUST09689,10,9,27,4,Standard
ACC_CUST09690,CUST09690,4,6,6,2,Standard
ACC_CUST09692,CUST09692,4,4,4,1,Good
ACC_CUST09693,CUST09693,4,3,11,0,Standard
ACC_CUST09694,CUST09694,6,10,17,7,Bad
ACC_CUST09695,CUST09695,4,5,16,1,Standard
ACC_CUST09696,CUST09696,3,7,17,3,Standard
ACC_CUST09697,CUST09697,9,9,30,5,Bad
ACC_CUST09698,CUST09698,8,6,3,2,Good
ACC_CUST09699,CUST09699,9,9,22,8,Bad
ACC_CUST09700,CUST09700,7,8,16,8,Bad
ACC_CUST09701,CUST09701,7,4,11,0,Standard
ACC_CUST09702,CUST09702,3,2,5,3,Good
ACC_CUST09703,CUST09703,9,7,16,5,Bad
ACC_CUST09704,CUST09704,6,8,26,8,Bad
ACC_CUST09705,CUST09705,6,5,33,5,Bad
ACC_CUST09706,CUST09706,7,9,17,7,Standard
ACC_CUST09707,CUST09707,6,6,9,1,Standard
ACC_CUST09708,CUST09708,6,9,21,7,Bad
ACC_CUST09709,CUST09709,3,6,5,4,Good
ACC_CUST09710,CUST09710,3,5,7,3,Standard
ACC_CUST09711,CUST09711,4,4,5,4,Good
ACC_CUST09712,CUST09712,5,4,20,6,Standard
ACC_CUST09713,CUST09713,6,3,29,4,Standard
ACC_CUST09714,CUST09714,5,2,11,3,Good
ACC_CUST09715,CUST09715,6,5,6,4,Standard
ACC_CUST09716,CUST09716,5,6,15,3,Standard
ACC_CUST09717,CUST09717,7,6,23,8,Bad
ACC_CUST09718,CUST09718,1,5,9,1,Good
ACC_CUST09720,CUST09720,3,3,10,4,Good
ACC_CUST09721,CUST09721,0,5,8,4,Good
ACC_CUST09722,CUST09722,1,6,6,3,Good
ACC_CUST09723,CUST09723,7,3,8,1,Standard
ACC_CUST09724,CUST09724,8,5,7,3,Standard
ACC_CUST09725,CUST09725,6,9,28,6,Bad
ACC_CUST09726,CUST09726,8,8,16,6,Bad
ACC_CUST09727,CUST09727,4,4,9,1,Standard
ACC_CUST09728,CUST09728,4,7,12,4,Standard
ACC_CUST09729,CUST09729,9,8,20,2,Standard
ACC_CUST09730,CUST09730,2,5,8,4,Good
ACC_CUST09731,CUST09731,3,4,9,6,Standard
ACC_CUST09732,CUST09732,6,5,20,3,Standard
ACC_CUST09733,CUST09733,5,2,12,1,Good
ACC_CUST09734,CUST09734,8,5,20,4,Standard
ACC_CUST09735,CUST09735,3,4,4,4,Good
ACC_CUST09736,CUST09736,7,6,9,1,Standard
ACC_CUST09737,CUST09737,4,6,8,3,Good
ACC_CUST09738,CUST09738,4,7,3,1,Good
ACC_CUST09739,CUST09739,6,6,16,1,Standard
ACC_CUST09740,CUST09740,7,9,16,8,Bad
ACC_CUST09741,CUST09741,8,10,31,2,Standard
ACC_CUST09742,CUST09742,7,4,9,1,Standard
ACC_CUST09743,CUST09743,0,4,1,3,Good
ACC_CUST09744,CUST09744,5,7,10,2,Standard
ACC_CUST09745,CUST09745,10,7,27,7,Bad
ACC_CUST09746,CUST09746,8,3,20,0,Standard
ACC_CUST09747,CUST09747,2,6,9,2,Good
ACC_CUST09748,CUST09748,7,6,21,8,Bad
ACC_CUST09749,CUST09749,8,10,29,7,Standard
ACC_CUST09750,CUST09750,3,3,17,5,Standard
ACC_CUST09751,CUST09751,8,8,15,8,Bad
ACC_CUST09752,CUST09752,3,3,12,0,Standard
ACC_CUST09753,CUST09753,7,7,30,4,Standard
ACC_CUST09754,CUST09754,4,5,18,4,Standard
ACC_CUST09755,CUST09755,3,5,7,3,Standard
ACC_CUST09756,CUST09756,8,3,6,1,Standard
ACC_CUST09757,CUST09757,4,7,12,2,Standard
ACC_CUST09758,CUST09758,7,6,13,0,Standard
ACC_CUST09759,CUST09759,5,2,12,0,Good
ACC_CUST09760,CUST09760,4,3,9,1,Good
ACC_CUST09761,CUST09761,6,5,8,6,Standard
ACC_CUST09762,CUST09762,5,4,11,7,Standard
ACC_CUST09763,CUST09763,4,7,9,2,Good
ACC_CUST09764,CUST09764,9,5,21,7,Standard
ACC_CUST09765,CUST09765,3,4,7,7,Standard
ACC_CUST09766,CUST09766,4,7,20,7,Standard
ACC_CUST09767,CUST09767,8,6,23,7,Bad
ACC_CUST09768,CUST09768,8,10,34,4,Standard
ACC_CUST09769,CUST09769,4,3,17,0,Standard
ACC_CUST09770,CUST09770,8,10,22,9,Bad
ACC_CUST09771,CUST09771,4,4,12,2,Standard
ACC_CUST09772,CUST09772,3,3,10,0,Standard
ACC_CUST09773,CUST09773,0,7,9,3,Good
ACC_CUST09774,CUST09774,3,4,20,0,Standard
ACC_CUST09775,CUST09775,0,3,4,4,Good
ACC_CUST09776,CUST09776,7,6,8,1,Standard
ACC_CUST09777,CUST09777,7,8,20,4,Standard
ACC_CUST09778,CUST09778,8,4,8,4,Standard
ACC_CUST09779,CUST09779,7,8,21,5,Bad
ACC_CUST09781,CUST09781,6,5,18,6,Standard
ACC_CUST09782,CUST09782,7,4,9,2,Standard
ACC_CUST09783,CUST09783,3,3,19,2,Standard
ACC_CUST09784,CUST09784,2,4,5,3,Good
ACC_CUST09785,CUST09785,3,9,17,6,Standard
ACC_CUST09786,CUST09786,5,6,14,6,Standard
ACC_CUST09788,CUST09788,4,4,5,1,Standard
ACC_CUST09789,CUST09789,1,7,10,3,Good
ACC_CUST09790,CUST09790,8,3,10,3,Good
ACC_CUST09791,CUST09791,7,5,13,4,Standard
ACC_CUST09792,CUST09792,5,4,9,0,Standard
ACC_CUST09793,CUST09793,4,5,12,3,Good
ACC_CUST09794,CUST09794,6,3,34,7,Standard
ACC_CUST09795,CUST09795,5,5,15,4,Standard
ACC_CUST09796,CUST09796,9,9,23,4,Bad
ACC_CUST09797,CUST09797,3,6,7,5,Standard
ACC_CUST09798,CUST09798,3,4,14,4,Standard
ACC_CUST09799,CUST09799,10,9,27,8,Bad
ACC_CUST09800,CUST09800,8,6,33,5,Bad
ACC_CUST09801,CUST09801,3,5,9,0,Good
ACC_CUST09802,CUST09802,3,3,4,1,Good
ACC_CUST09803,CUST09803,7,5,11,0,Standard
ACC_CUST09805,CUST09805,7,5,10,4,Standard
ACC_CUST09806,CUST09806,5,5,12,4,Good
ACC_CUST09807,CUST09807,4,4,18,2,Standard
ACC_CUST09808,CUST09808,1,6,10,3,Good
ACC_CUST09809,CUST09809,4,6,12,4,Good
ACC_CUST09810,CUST09810,0,6,10,0,Good
ACC_CUST09812,CUST09812,7,6,19,5,Standard
ACC_CUST09813,CUST09813,10,5,30,7,Bad
ACC_CUST09814,CUST09814,3,7,3,0,Good
ACC_CUST09815,CUST09815,5,4,15,6,Standard
ACC_CUST09817,CUST09817,7,6,32,6,Standard
ACC_CUST09818,CUST09818,7,5,33,7,Bad
ACC_CUST09819,CUST09819,3,4,18,3,Standard
ACC_CUST09820,CUST09820,7,6,20,9,Bad
ACC_CUST09821,CUST09821,5,7,5,5,Standard
ACC_CUST09822,CUST09822,2,6,8,3,Good
ACC_CUST09824,CUST09824,4,3,11,0,Good
ACC_CUST09825,CUST09825,7,4,20,1,Standard
ACC_CUST09826,CUST09826,1,7,1,2,Good
ACC_CUST09827,CUST09827,3,7,10,1,Good
ACC_CUST09829,CUST09829,2,3,11,2,Good
ACC_CUST09830,CUST09830,2,6,8,4,Good
ACC_CUST09831,CUST09831,9,8,25,5,Bad
ACC_CUST09833,CUST09833,10,10,17,9,Bad
ACC_CUST09834,CUST09834,6,6,12,3,Standard
ACC_CUST09835,CUST09835,2,3,5,0,Good
ACC_CUST09836,CUST09836,5,6,2,1,Good
ACC_CUST09837,CUST09837,8,6,6,3,Standard
ACC_CUST09839,CUST09839,7,6,15,5,Bad
ACC_CUST09840,CUST09840,10,7,22,3,Standard
ACC_CUST09841,CUST09841,4,4,4,0,Standard
ACC_CUST09842,CUST09842,0,2,8,0,Good
ACC_CUST09843,CUST09843,10,5,19,7,Bad
ACC_CUST09844,CUST09844,6,6,13,4,Standard
ACC_CUST09845,CUST09845,5,5,16,3,Standard
ACC_CUST09846,CUST09846,3,2,12,0,Good
ACC_CUST09847,CUST09847,3,5,5,1,Standard
ACC_CUST09848,CUST09848,4,7,16,4,Standard
ACC_CUST09849,CUST09849,5,6,4,0,Good
ACC_CUST09850,CUST09850,9,8,16,7,Bad
ACC_CUST09851,CUST09851,8,6,11,2,Standard
ACC_CUST09853,CUST09853,8,5,10,0,Standard
ACC_CUST09854,CUST09854,9,5,16,6,Bad
ACC_CUST09855,CUST09855,7,3,10,1,Standard
ACC_CUST09856,CUST09856,6,4,11,0,Standard
ACC_CUST09857,CUST09857,3,4,27,7,Standard
ACC_CUST09858,CUST09858,8,4,12,7,Standard
ACC_CUST09859,CUST09859,5,5,6,4,Good
ACC_CUST09860,CUST09860,8,8,22,7,Standard
ACC_CUST09861,CUST09861,7,6,27,7,Bad
ACC_CUST09862,CUST09862,9,6,34,4,Bad
ACC_CUST09865,CUST09865,6,8,31,9,Bad
ACC_CUST09866,CUST09866,7,9,30,7,Bad
ACC_CUST09867,CUST09867,1,5,3,0,Good
ACC_CUST09868,CUST09868,4,5,14,3,Standard
ACC_CUST09869,CUST09869,3,4,19,7,Standard
ACC_CUST09870,CUST09870,5,3,9,3,Standard
ACC_CUST09871,CUST09871,5,4,19,2,Standard
ACC_CUST09872,CUST09872,7,8,17,7,Bad
ACC_CUST09873,CUST09873,6,3,15,1,Standard
ACC_CUST09874,CUST09874,0,5,9,4,Good
ACC_CUST09875,CUST09875,10,5,21,9,Bad
ACC_CUST09876,CUST09876,5,5,6,3,Good
ACC_CUST09877,CUST09877,3,5,13,3,Standard
ACC_CUST09878,CUST09878,3,4,7,1,Standard
ACC_CUST09879,CUST09879,8,8,24,4,Standard
ACC_CUST09880,CUST09880,9,5,23,8,Bad
ACC_CUST09881,CUST09881,3,5,11,0,Standard
ACC_CUST09882,CUST09882,6,8,17,7,Bad
ACC_CUST09883,CUST09883,5,3,10,0,Good
ACC_CUST09884,CUST09884,6,7,30,6,Bad
ACC_CUST09885,CUST09885,8,6,20,4,Standard
ACC_CUST09886,CUST09886,9,10,20,6,Standard
ACC_CUST09887,CUST09887,10,7,22,8,Bad
ACC_CUST09888,CUST09888,7,6,32,7,Bad
ACC_CUST09889,CUST09889,5,5,4,4,Good
ACC_CUST09890,CUST09890,4,3,6,4,Standard
ACC_CUST09891,CUST09891,6,10,23,7,Bad
ACC_CUST09892,CUST09892,8,4,7,3,Standard
ACC_CUST09893,CUST09893,2,5,12,4,Good
ACC_CUST09894,CUST09894,4,1,7,4,Good
ACC_CUST09895,CUST09895,6,5,8,3,Standard
ACC_CUST09896,CUST09896,7,8,20,7,Bad
ACC_CUST09897,CUST09897,10,10,29,4,Bad
ACC_CUST09898,CUST09898,1,6,2,0,Good
ACC_CUST09899,CUST09899,4,6,3,1,Good
ACC_CUST09900,CUST09900,5,4,16,4,Standard
ACC_CUST09901,CUST09901,1,6,4,1,Good
ACC_CUST09902,CUST09902,7,5,4,0,Good
ACC_CUST09903,CUST09903,4,3,7,0,Standard
ACC_CUST09904,CUST09904,5,7,12,2,Good
ACC_CUST09905,CUST09905,6,7,17,1,Standard
ACC_CUST09906,CUST09906,3,5,3,2,Good
ACC_CUST09907,CUST09907,3,3,13,4,Standard
ACC_CUST09908,CUST09908,6,7,34,7,Standard
ACC_CUST09909,CUST09909,7,6,7,3,Standard
ACC_CUST09910,CUST09910,8,8,17,6,Bad
ACC_CUST09912,CUST09912,3,7,5,0,Standard
ACC_CUST09913,CUST09913,5,7,13,1,Standard
ACC_CUST09914,CUST09914,3,6,8,2,Good
ACC_CUST09915,CUST09915,3,4,9,1,Standard
ACC_CUST09916,CUST09916,3,4,2,2,Good
ACC_CUST09917,CUST09917,9,5,26,7,Bad
ACC_CUST09918,CUST09918,3,3,10,6,Standard
ACC_CUST09919,CUST09919,7,6,18,6,Bad
ACC_CUST09920,CUST09920,0,6,5,1,Good
ACC_CUST09921,CUST09921,9,6,34,9,Bad
ACC_CUST09922,CUST09922,10,10,28,3,Bad
ACC_CUST09923,CUST09923,8,7,21,7,Bad
ACC_CUST09924,CUST09924,5,5,6,3,Standard
ACC_CUST09925,CUST09925,10,9,15,7,Bad
ACC_CUST09926,CUST09926,9,10,19,8,Bad
ACC_CUST09927,CUST09927,9,9,18,7,Bad
ACC_CUST09928,CUST09928,3,3,18,4,Standard
ACC_CUST09929,CUST09929,8,3,5,0,Standard
ACC_CUST09930,CUST09930,3,7,7,4,Good
ACC_CUST09931,CUST09931,1,4,11,3,Good
ACC_CUST09932,CUST09932,4,8,26,2,Standard
ACC_CUST09933,CUST09933,7,5,18,3,Standard
ACC_CUST09934,CUST09934,6,8,24,7,Bad
ACC_CUST09935,CUST09935,10,10,22,7,Bad
ACC_CUST09936,CUST09936,7,4,8,4,Standard
ACC_CUST09937,CUST09937,0,5,5,2,Good
ACC_CUST09938,CUST09938,8,10,31,5,Bad
ACC_CUST09939,CUST09939,5,3,10,4,Good
ACC_CUST09940,CUST09940,4,3,11,0,Good
ACC_CUST09942,CUST09942,0,5,8,4,Good
ACC_CUST09943,CUST09943,7,6,25,8,Bad
ACC_CUST09944,CUST09944,7,5,5,2,Good
ACC_CUST09945,CUST09945,4,3,8,1,Standard
ACC_CUST09946,CUST09946,10,7,28,5,Bad
ACC_CUST09947,CUST09947,5,4,9,0,Good
ACC_CUST09948,CUST09948,2,3,11,3,Good
ACC_CUST09949,CUST09949,10,9,29,8,Bad
ACC_CUST09951,CUST09951,5,5,6,3,Good
ACC_CUST09952,CUST09952,4,4,10,2,Good
ACC_CUST09953,CUST09953,5,4,4,3,Standard
ACC_CUST09954,CUST09954,9,6,30,5,Bad
ACC_CUST09955,CUST09955,4,6,11,1,Standard
ACC_CUST09956,CUST09956,9,6,30,9,Bad
ACC_CUST09957,CUST09957,7,3,17,4,Standard
ACC_CUST09958,CUST09958,8,5,15,2,Standard
ACC_CUST09959,CUST09959,3,5,15,3,Standard
ACC_CUST09960,CUST09960,6,7,17,5,Standard
ACC_CUST09961,CUST09961,8,5,21,6,Bad
ACC_CUST09962,CUST09962,8,3,18,0,Standard
ACC_CUST09963,CUST09963,10,6,25,7,Bad
ACC_CUST09964,CUST09964,6,4,10,0,Standard
ACC_CUST09965,CUST09965,1,7,1,4,Good
ACC_CUST09966,CUST09966,9,5,19,5,Bad
ACC_CUST09967,CUST09967,8,4,6,0,Standard
ACC_CUST09968,CUST09968,3,1,8,2,Good
ACC_CUST09969,CUST09969,10,7,19,3,Bad
ACC_CUST09970,CUST09970,4,5,18,4,Standard
ACC_CUST09971,CUST09971,2,1,7,2,Good
ACC_CUST09972,CUST09972,1,4,12,4,Good
ACC_CUST09973,CUST09973,1,5,4,1,Good
ACC_CUST09974,CUST09974,3,7,15,2,Standard
ACC_CUST09975,CUST09975,8,4,15,0,Standard
ACC_CUST09976,CUST09976,3,5,5,1,Good
ACC_CUST09977,CUST09977,8,4,15,4,Standard
ACC_CUST09978,CUST09978,4,7,7,2,Good
ACC_CUST09979,CUST09979,3,7,10,1,Good
ACC_CUST09980,CUST09980,4,6,7,2,Standard
ACC_CUST09981,CUST09981,3,5,13,1,Standard
ACC_CUST09982,CUST09982,9,9,25,3,Standard
ACC_CUST09983,CUST09983,3,5,11,4,Good
ACC_CUST09985,CUST09985,7,7,19,4,Standard
ACC_CUST09986,CUST09986,4,6,19,6,Standard
ACC_CUST09987,CUST09987,1,2,9,3,Good
ACC_CUST09988,CUST09988,3,3,10,2,Good
ACC_CUST09989,CUST09989,10,10,22,5,Bad
ACC_CUST09990,CUST09990,8,10,34,4,Bad
ACC_CUST09991,CUST09991,4,7,16,3,Standard
ACC_CUST09992,CUST09992,1,6,9,2,Good
ACC_CUST09993,CUST09993,8,5,17,5,Bad
ACC_CUST09994,CUST09994,7,6,8,3,Standard
ACC_CUST09995,CUST09995,7,6,18,1,Standard
ACC_CUST09996,CUST09996,5,3,16,1,Standard
ACC_CUST09997,CUST09997,7,5,15,2,Standard
ACC_CUST09998,CUST09998,8,5,24,2,Bad
ACC_CUST09999,CUST09999,4,3,6,2,Standard
ACC_CUST10000,CUST10000,6,7,16,3,Standard
ACC_CUST10001,CUST10001,0,7,9,3,Good
ACC_CUST10002,CUST10002,6,6,9,6,Standard
ACC_CUST10003,CUST10003,10,9,24,9,Bad
ACC_CUST10004,CUST10004,9,5,24,9,Bad
ACC_CUST10005,CUST10005,6,10,20,2,Bad
ACC_CUST10006,CUST10006,8,8,19,5,Bad
ACC_CUST10007,CUST10007,5,4,5,3,Standard
ACC_CUST10008,CUST10008,4,3,11,1,Standard
ACC_CUST10009,CUST10009,6,4,14,2,Standard
ACC_CUST10010,CUST10010,7,3,5,4,Standard
ACC_CUST10011,CUST10011,7,6,28,6,Bad
ACC_CUST10012,CUST10012,8,5,7,0,Good
ACC_CUST10013,CUST10013,7,10,30,6,Bad
ACC_CUST10014,CUST10014,1,4,3,1,Good
ACC_CUST10015,CUST10015,8,4,6,3,Standard
ACC_CUST10016,CUST10016,0,2,2,0,Good
ACC_CUST10017,CUST10017,3,3,20,3,Standard
ACC_CUST10018,CUST10018,9,10,18,6,Bad
ACC_CUST10019,CUST10019,4,4,8,0,Good
ACC_CUST10020,CUST10020,10,5,30,4,Bad
ACC_CUST10021,CUST10021,1,4,10,4,Good
ACC_CUST10022,CUST10022,7,9,27,5,Bad
ACC_CUST10023,CUST10023,10,7,22,5,Bad
ACC_CUST10024,CUST10024,8,7,18,6,Bad
ACC_CUST10025,CUST10025,0,4,3,3,Good
ACC_CUST10026,CUST10026,6,8,16,6,Bad
ACC_CUST10027,CUST10027,8,7,15,2,Standard
ACC_CUST10028,CUST10028,8,6,19,2,Standard
ACC_CUST10029,CUST10029,5,7,8,4,Good
ACC_CUST10030,CUST10030,4,10,18,7,Standard
ACC_CUST10031,CUST10031,5,4,12,1,Good
ACC_CUST10032,CUST10032,1,5,3,2,Good
ACC_CUST10033,CUST10033,3,4,5,4,Standard
ACC_CUST10034,CUST10034,3,1,9,1,Good
ACC_CUST10035,CUST10035,3,5,17,1,Standard
ACC_CUST10036,CUST10036,4,7,18,4,Standard
ACC_CUST10038,CUST10038,0,4,9,4,Good
ACC_CUST10039,CUST10039,9,9,28,2,Bad
ACC_CUST10040,CUST10040,3,4,18,5,Standard
ACC_CUST10041,CUST10041,5,6,8,3,Standard
ACC_CUST10042,CUST10042,2,6,12,2,Good
ACC_CUST10043,CUST10043,0,4,1,2,Good
ACC_CUST10044,CUST10044,5,4,5,0,Good
ACC_CUST10045,CUST10045,10,9,17,8,Bad
ACC_CUST10046,CUST10046,3,4,10,1,Standard
ACC_CUST10047,CUST10047,6,5,21,9,Bad
ACC_CUST10048,CUST10048,4,8,22,5,Standard
ACC_CUST10049,CUST10049,4,7,7,1,Standard
ACC_CUST10050,CUST10050,6,6,12,1,Standard
ACC_CUST10052,CUST10052,8,10,22,7,Bad
ACC_CUST10053,CUST10053,8,3,8,4,Standard
ACC_CUST10054,CUST10054,7,10,26,8,Bad
ACC_CUST10055,CUST10055,9,9,21,5,Bad
ACC_CUST10056,CUST10056,4,3,4,0,Good
ACC_CUST10057,CUST10057,5,4,4,3,Good
ACC_CUST10058,CUST10058,8,5,9,1,Standard
ACC_CUST10059,CUST10059,2,4,4,2,Good
ACC_CUST10060,CUST10060,4,5,2,3,Good
ACC_CUST10061,CUST10061,6,9,21,2,Bad
ACC_CUST10062,CUST10062,7,3,15,0,Standard
ACC_CUST10063,CUST10063,8,3,19,2,Standard
ACC_CUST10064,CUST10064,7,3,10,3,Standard
ACC_CUST10065,CUST10065,6,9,33,5,Bad
ACC_CUST10066,CUST10066,2,6,8,1,Good
ACC_CUST10067,CUST10067,8,5,20,7,Standard
ACC_CUST10068,CUST10068,6,6,23,5,Bad
ACC_CUST10069,CUST10069,4,1,7,3,Good
ACC_CUST10070,CUST10070,0,6,2,0,Good
ACC_CUST10071,CUST10071,6,6,11,4,Standard
ACC_CUST10072,CUST10072,3,6,7,2,Good
ACC_CUST10073,CUST10073,5,6,3,4,Good
ACC_CUST10074,CUST10074,10,8,28,3,Bad
ACC_CUST10075,CUST10075,4,4,19,2,Standard
ACC_CUST10076,CUST10076,6,6,16,4,Bad
ACC_CUST10077,CUST10077,3,5,2,2,Good
ACC_CUST10078,CUST10078,10,10,19,6,Bad
ACC_CUST10079,CUST10079,5,6,7,1,Good
ACC_CUST10080,CUST10080,4,3,15,4,Standard
ACC_CUST10081,CUST10081,8,5,19,5,Standard
ACC_CUST10082,CUST10082,2,1,11,4,Good
ACC_CUST10083,CUST10083,1,4,3,2,Good
ACC_CUST10084,CUST10084,8,6,22,7,Standard
ACC_CUST10085,CUST10085,9,9,26,7,Bad
ACC_CUST10087,CUST10087,8,3,17,0,Standard
ACC_CUST10088,CUST10088,9,6,20,2,Bad
ACC_CUST10089,CUST10089,1,2,12,3,Good
ACC_CUST10090,CUST10090,5,6,20,4,Standard
ACC_CUST10091,CUST10091,7,7,28,2,Bad
ACC_CUST10092,CUST10092,4,2,7,3,Good
ACC_CUST10093,CUST10093,0,6,11,0,Good
ACC_CUST10094,CUST10094,7,10,31,9,Bad
ACC_CUST10095,CUST10095,5,3,1,4,Good
ACC_CUST10096,CUST10096,6,10,24,2,Standard
ACC_CUST10097,CUST10097,0,1,6,3,Good
ACC_CUST10098,CUST10098,2,4,9,2,Good
ACC_CUST10099,CUST10099,6,5,11,4,Standard
ACC_CUST10100,CUST10100,8,7,20,2,Standard
ACC_CUST10101,CUST10101,5,5,12,3,Good
ACC_CUST10102,CUST10102,4,5,2,3,Good
ACC_CUST10103,CUST10103,3,3,3,4,Good
ACC_CUST10105,CUST10105,5,7,8,1,Good
ACC_CUST10106,CUST10106,6,6,17,4,Standard
ACC_CUST10107,CUST10107,0,5,1,1,Good
ACC_CUST10108,CUST10108,6,6,7,1,Standard
ACC_CUST10109,CUST10109,7,3,12,2,Standard
ACC_CUST10110,CUST10110,5,4,2,3,Good
ACC_CUST10111,CUST10111,8,7,17,7,Standard
ACC_CUST10112,CUST10112,4,3,7,1,Standard
ACC_CUST10113,CUST10113,5,5,9,3,Good
ACC_CUST10114,CUST10114,3,4,3,3,Good
ACC_CUST10115,CUST10115,0,6,6,0,Good
ACC_CUST10116,CUST10116,10,7,25,5,Bad
ACC_CUST10117,CUST10117,4,8,24,2,Standard
ACC_CUST10118,CUST10118,1,3,1,1,Good
ACC_CUST10119,CUST10119,8,9,23,5,Bad
ACC_CUST10120,CUST10120,8,8,29,7,Standard
ACC_CUST10121,CUST10121,4,4,14,2,Standard
ACC_CUST10122,CUST10122,6,5,9,2,Standard
ACC_CUST10123,CUST10123,6,10,25,4,Standard
ACC_CUST10124,CUST10124,3,5,5,2,Good
ACC_CUST10125,CUST10125,8,8,32,9,Bad
ACC_CUST10126,CUST10126,6,8,33,6,Bad
ACC_CUST10127,CUST10127,7,10,16,3,Standard
ACC_CUST10128,CUST10128,7,8,16,2,Standard
ACC_CUST10129,CUST10129,3,5,7,3,Good
ACC_CUST10130,CUST10130,6,9,28,7,Bad
ACC_CUST10131,CUST10131,10,8,20,8,Bad
ACC_CUST10132,CUST10132,8,7,8,0,Good
ACC_CUST10133,CUST10133,4,5,11,3,Standard
ACC_CUST10134,CUST10134,8,7,18,2,Standard
ACC_CUST10135,CUST10135,7,6,25,7,Bad
ACC_CUST10136,CUST10136,4,1,3,1,Good
ACC_CUST10137,CUST10137,6,6,16,3,Standard
ACC_CUST10138,CUST10138,7,5,18,4,Standard
ACC_CUST10139,CUST10139,9,9,23,7,Bad
ACC_CUST10140,CUST10140,8,9,23,6,Bad
ACC_CUST10142,CUST10142,8,8,28,6,Bad
ACC_CUST10143,CUST10143,5,6,13,0,Standard
ACC_CUST10144,CUST10144,4,5,7,0,Standard
ACC_CUST10145,CUST10145,7,5,9,0,Standard
ACC_CUST10147,CUST10147,9,10,23,4,Standard
ACC_CUST10148,CUST10148,1,7,6,2,Good
ACC_CUST10149,CUST10149,1,1,5,3,Good
ACC_CUST10150,CUST10150,4,5,17,6,Standard
ACC_CUST10151,CUST10151,3,7,9,4,Standard
ACC_CUST10152,CUST10152,3,5,6,4,Standard
ACC_CUST10154,CUST10154,10,8,22,5,Bad
ACC_CUST10155,CUST10155,2,3,8,3,Good
ACC_CUST10156,CUST10156,3,7,20,4,Standard
ACC_CUST10157,CUST10157,3,5,10,7,Standard
ACC_CUST10158,CUST10158,9,9,16,7,Bad
ACC_CUST10159,CUST10159,6,8,17,6,Bad
ACC_CUST10160,CUST10160,8,6,17,2,Standard
ACC_CUST10161,CUST10161,6,7,10,4,Standard
ACC_CUST10162,CUST10162,1,3,8,1,Good
ACC_CUST10163,CUST10163,4,1,7,1,Good
ACC_CUST10164,CUST10164,9,8,19,7,Bad
ACC_CUST10165,CUST10165,5,6,9,2,Standard
ACC_CUST10166,CUST10166,3,4,8,0,Good
ACC_CUST10167,CUST10167,0,5,1,1,Good
ACC_CUST10168,CUST10168,8,5,15,7,Standard
ACC_CUST10169,CUST10169,9,10,29,5,Bad
ACC_CUST10170,CUST10170,8,7,8,4,Standard
ACC_CUST10171,CUST10171,4,5,8,4,Good
ACC_CUST10172,CUST10172,7,6,29,7,Bad
ACC_CUST10173,CUST10173,10,6,31,4,Bad
ACC_CUST10174,CUST10174,7,7,34,2,Standard
ACC_CUST10175,CUST10175,7,6,30,6,Standard
ACC_CUST10176,CUST10176,2,3,6,0,Good
ACC_CUST10177,CUST10177,5,4,12,4,Standard
ACC_CUST10179,CUST10179,4,5,15,1,Standard
ACC_CUST10180,CUST10180,6,4,20,1,Standard
ACC_CUST10181,CUST10181,7,8,15,3,Bad
ACC_CUST10182,CUST10182,2,5,3,4,Good
ACC_CUST10183,CUST10183,9,9,28,7,Bad
ACC_CUST10184,CUST10184,9,7,19,6,Bad
ACC_CUST10185,CUST10185,0,2,1,3,Good
ACC_CUST10186,CUST10186,3,5,16,4,Standard
ACC_CUST10187,CUST10187,10,6,23,9,Bad
ACC_CUST10188,CUST10188,8,7,25,5,Bad
ACC_CUST10189,CUST10189,5,7,10,1,Good
ACC_CUST10190,CUST10190,1,7,9,0,Good
ACC_CUST10191,CUST10191,1,2,9,2,Good
ACC_CUST10192,CUST10192,2,1,5,4,Good
ACC_CUST10193,CUST10193,5,4,5,0,Good
ACC_CUST10194,CUST10194,6,4,10,2,Standard
ACC_CUST10195,CUST10195,3,3,4,2,Good
ACC_CUST10196,CUST10196,1,6,1,2,Good
ACC_CUST10197,CUST10197,10,6,22,7,Bad
ACC_CUST10198,CUST10198,8,5,33,9,Bad
ACC_CUST10199,CUST10199,0,4,3,0,Good
ACC_CUST10200,CUST10200,2,5,5,1,Good
ACC_CUST10201,CUST10201,7,6,7,2,Good
ACC_CUST10202,CUST10202,6,6,24,5,Bad
ACC_CUST10203,CUST10203,10,5,31,9,Bad
ACC_CUST10204,CUST10204,2,5,3,0,Good
ACC_CUST10205,CUST10205,7,3,12,4,Standard
ACC_CUST10206,CUST10206,9,7,32,8,Bad
ACC_CUST10207,CUST10207,7,10,34,5,Bad
ACC_CUST10208,CUST10208,4,7,22,6,Standard
ACC_CUST10209,CUST10209,2,5,5,3,Good
ACC_CUST10210,CUST10210,1,2,2,1,Good
ACC_CUST10211,CUST10211,4,4,20,2,Standard
ACC_CUST10212,CUST10212,1,3,1,4,Good
ACC_CUST10213,CUST10213,7,4,7,2,Standard
ACC_CUST10214,CUST10214,8,7,19,6,Bad
ACC_CUST10215,CUST10215,4,3,16,4,Standard
ACC_CUST10216,CUST10216,7,9,28,8,Bad
ACC_CUST10217,CUST10217,6,4,7,7,Standard
ACC_CUST10218,CUST10218,4,6,14,3,Standard
ACC_CUST10219,CUST10219,7,6,5,1,Good
ACC_CUST10220,CUST10220,6,6,19,2,Standard
ACC_CUST10221,CUST10221,4,5,7,3,Standard
ACC_CUST10222,CUST10222,6,9,21,9,Bad
ACC_CUST10223,CUST10223,8,9,31,4,Bad
ACC_CUST10224,CUST10224,4,5,20,1,Standard
ACC_CUST10225,CUST10225,7,5,26,5,Bad
ACC_CUST10226,CUST10226,5,3,23,7,Standard
ACC_CUST10227,CUST10227,4,4,7,2,Good
ACC_CUST10228,CUST10228,4,4,11,0,Standard
ACC_CUST10229,CUST10229,7,7,8,3,Standard
ACC_CUST10230,CUST10230,7,3,5,2,Standard
ACC_CUST10231,CUST10231,4,3,6,0,Standard
ACC_CUST10232,CUST10232,3,3,20,4,Standard
ACC_CUST10233,CUST10233,5,5,3,1,Good
ACC_CUST10234,CUST10234,8,8,21,9,Bad
ACC_CUST10236,CUST10236,5,3,4,3,Good
ACC_CUST10237,CUST10237,5,9,20,6,Standard
ACC_CUST10238,CUST10238,1,3,8,3,Good
ACC_CUST10239,CUST10239,5,4,14,3,Standard
ACC_CUST10240,CUST10240,4,5,7,2,Good
ACC_CUST10241,CUST10241,5,6,3,2,Good
ACC_CUST10242,CUST10242,3,5,6,0,Standard
ACC_CUST10243,CUST10243,5,3,7,4,Standard
ACC_CUST10244,CUST10244,4,6,8,0,Good
ACC_CUST10245,CUST10245,8,7,7,4,Standard
ACC_CUST10246,CUST10246,0,3,4,0,Good
ACC_CUST10247,CUST10247,5,3,12,1,Good
ACC_CUST10248,CUST10248,8,6,13,5,Standard
ACC_CUST10249,CUST10249,4,3,3,0,Good
ACC_CUST10250,CUST10250,0,4,2,1,Good
ACC_CUST10251,CUST10251,7,6,17,7,Bad
ACC_CUST10252,CUST10252,8,8,32,8,Bad
ACC_CUST10254,CUST10254,6,4,12,7,Standard
ACC_CUST10255,CUST10255,6,5,17,1,Standard
ACC_CUST10256,CUST10256,6,9,34,3,Bad
ACC_CUST10257,CUST10257,4,6,12,4,Standard
ACC_CUST10258,CUST10258,8,8,25,9,Bad
ACC_CUST10260,CUST10260,0,4,7,1,Good
ACC_CUST10261,CUST10261,7,3,14,2,Standard
ACC_CUST10262,CUST10262,7,8,24,8,Bad
ACC_CUST10263,CUST10263,4,4,2,4,Good
ACC_CUST10264,CUST10264,7,6,5,1,Standard
ACC_CUST10265,CUST10265,6,10,34,7,Standard
ACC_CUST10266,CUST10266,6,6,24,8,Bad
ACC_CUST10267,CUST10267,5,5,3,3,Good
ACC_CUST10269,CUST10269,6,6,32,6,Standard
ACC_CUST10270,CUST10270,6,8,19,6,Standard
ACC_CUST10271,CUST10271,8,6,31,6,Bad
ACC_CUST10272,CUST10272,8,4,7,4,Standard
ACC_CUST10273,CUST10273,5,4,8,3,Standard
ACC_CUST10274,CUST10274,3,6,7,2,Standard
ACC_CUST10275,CUST10275,5,3,3,1,Good
ACC_CUST10276,CUST10276,5,5,13,4,Standard
ACC_CUST10277,CUST10277,9,6,22,5,Bad
ACC_CUST10278,CUST10278,10,5,25,7,Bad
ACC_CUST10279,CUST10279,5,7,1,4,Good
ACC_CUST10280,CUST10280,5,5,10,3,Standard
ACC_CUST10281,CUST10281,7,10,22,7,Standard
ACC_CUST10282,CUST10282,5,4,8,4,Good
ACC_CUST10283,CUST10283,5,6,7,4,Good
ACC_CUST10284,CUST10284,7,5,28,6,Bad
ACC_CUST10285,CUST10285,5,5,18,4,Standard
ACC_CUST10286,CUST10286,2,4,1,3,Good
ACC_CUST10287,CUST10287,7,6,8,3,Standard
ACC_CUST10288,CUST10288,7,7,10,0,Good
ACC_CUST10289,CUST10289,6,7,24,9,Bad
ACC_CUST10290,CUST10290,1,5,3,0,Good
ACC_CUST10291,CUST10291,4,7,20,2,Standard
ACC_CUST10292,CUST10292,3,5,15,3,Standard
ACC_CUST10293,CUST10293,7,10,33,5,Standard
ACC_CUST10294,CUST10294,4,3,19,2,Standard
ACC_CUST10295,CUST10295,7,6,5,3,Good
ACC_CUST10296,CUST10296,1,1,6,3,Good
ACC_CUST10297,CUST10297,4,7,1,2,Good
ACC_CUST10298,CUST10298,8,6,15,0,Standard
ACC_CUST10299,CUST10299,2,5,7,0,Good
ACC_CUST10300,CUST10300,6,6,13,7,Standard
ACC_CUST10301,CUST10301,9,5,22,5,Bad
ACC_CUST10302,CUST10302,3,7,15,6,Standard
ACC_CUST10303,CUST10303,7,7,17,8,Bad
ACC_CUST10304,CUST10304,0,5,5,0,Good
ACC_CUST10305,CUST10305,6,7,33,5,Standard
ACC_CUST10306,CUST10306,3,6,8,3,Standard
ACC_CUST10307,CUST10307,3,3,3,0,Good
ACC_CUST10308,CUST10308,3,7,7,4,Good
ACC_CUST10309,CUST10309,5,5,9,1,Standard
ACC_CUST10311,CUST10311,3,7,20,7,Standard
ACC_CUST10313,CUST10313,3,5,5,4,Standard
ACC_CUST10314,CUST10314,1,4,9,1,Good
ACC_CUST10315,CUST10315,5,4,19,2,Standard
ACC_CUST10316,CUST10316,9,7,17,3,Standard
ACC_CUST10317,CUST10317,7,6,20,8,Bad
ACC_CUST10318,CUST10318,4,3,1,3,Good
ACC_CUST10319,CUST10319,5,4,11,1,Good
ACC_CUST10320,CUST10320,7,4,18,3,Standard
ACC_CUST10321,CUST10321,3,5,17,4,Standard
ACC_CUST10322,CUST10322,0,5,6,1,Good
ACC_CUST10323,CUST10323,8,4,11,7,Standard
ACC_CUST10324,CUST10324,0,4,6,1,Good
ACC_CUST10325,CUST10325,3,2,10,1,Good
ACC_CUST10326,CUST10326,7,8,23,6,Standard
ACC_CUST10327,CUST10327,3,5,9,0,Good
ACC_CUST10328,CUST10328,4,3,5,3,Good
ACC_CUST10329,CUST10329,2,1,6,2,Good
ACC_CUST10330,CUST10330,8,7,34,4,Bad
ACC_CUST10331,CUST10331,3,4,11,3,Good
ACC_CUST10332,CUST10332,4,4,11,4,Good
ACC_CUST10333,CUST10333,4,7,13,1,Standard
ACC_CUST10334,CUST10334,5,7,7,1,Good
ACC_CUST10335,CUST10335,8,7,16,3,Standard
ACC_CUST10336,CUST10336,3,4,12,2,Standard
ACC_CUST10337,CUST10337,7,4,5,1,Standard
ACC_CUST10339,CUST10339,3,4,12,7,Standard
ACC_CUST10340,CUST10340,10,8,22,3,Bad
ACC_CUST10341,CUST10341,4,6,14,4,Standard
ACC_CUST10342,CUST10342,1,4,5,2,Good
ACC_CUST10343,CUST10343,6,9,22,8,Bad
ACC_CUST10344,CUST10344,6,8,31,7,Bad
ACC_CUST10345,CUST10345,10,10,29,4,Standard
ACC_CUST10346,CUST10346,4,5,14,2,Standard
ACC_CUST10347,CUST10347,6,7,13,3,Standard
ACC_CUST10348,CUST10348,5,4,20,1,Standard
ACC_CUST10349,CUST10349,5,6,14,3,Standard
ACC_CUST10350,CUST10350,4,5,7,3,Standard
ACC_CUST10351,CUST10351,0,7,12,4,Good
ACC_CUST10352,CUST10352,5,2,2,0,Good
ACC_CUST10353,CUST10353,1,5,10,3,Good
ACC_CUST10354,CUST10354,10,9,23,7,Bad
ACC_CUST10355,CUST10355,4,6,7,3,Standard
ACC_CUST10356,CUST10356,8,8,26,7,Bad
ACC_CUST10357,CUST10357,3,3,20,3,Standard
ACC_CUST10358,CUST10358,8,4,5,0,Standard
ACC_CUST10359,CUST10359,9,8,28,3,Bad
ACC_CUST10360,CUST10360,8,6,11,2,Standard
ACC_CUST10361,CUST10361,6,10,15,3,Standard
ACC_CUST10362,CUST10362,8,3,32,7,Standard
ACC_CUST10363,CUST10363,6,8,30,2,Bad
ACC_CUST10364,CUST10364,5,1,12,0,Good
ACC_CUST10365,CUST10365,10,10,25,9,Bad
ACC_CUST10366,CUST10366,0,3,9,2,Good
ACC_CUST10367,CUST10367,4,7,15,0,Standard
ACC_CUST10368,CUST10368,10,10,22,9,Bad
ACC_CUST10369,CUST10369,4,3,11,1,Good
ACC_CUST10370,CUST10370,9,6,28,5,Standard
ACC_CUST10371,CUST10371,5,2,12,3,Good
ACC_CUST10372,CUST10372,8,4,11,4,Standard
ACC_CUST10373,CUST10373,10,9,34,2,Standard
ACC_CUST10374,CUST10374,3,4,8,3,Standard
ACC_CUST10375,CUST10375,1,5,10,2,Good
ACC_CUST10376,CUST10376,3,7,32,6,Standard
ACC_CUST10377,CUST10377,4,3,14,3,Standard
ACC_CUST10378,CUST10378,7,5,23,2,Bad
ACC_CUST10379,CUST10379,8,3,16,3,Standard
ACC_CUST10380,CUST10380,8,10,24,3,Bad
ACC_CUST10381,CUST10381,3,5,10,0,Good
ACC_CUST10382,CUST10382,6,5,25,3,Bad
ACC_CUST10383,CUST10383,3,5,10,7,Standard
ACC_CUST10384,CUST10384,10,10,31,6,Bad
ACC_CUST10385,CUST10385,9,7,20,3,Bad
ACC_CUST10386,CUST10386,9,6,18,5,Bad
ACC_CUST10387,CUST10387,5,6,4,0,Good
ACC_CUST10388,CUST10388,10,6,17,6,Bad
ACC_CUST10390,CUST10390,10,8,20,8,Bad
ACC_CUST10391,CUST10391,7,3,6,2,Standard
ACC_CUST10392,CUST10392,5,5,11,0,Good
ACC_CUST10393,CUST10393,4,5,20,4,Standard
ACC_CUST10394,CUST10394,10,9,30,9,Bad
ACC_CUST10395,CUST10395,4,7,8,0,Good
ACC_CUST10396,CUST10396,3,5,7,2,Standard
ACC_CUST10397,CUST10397,8,4,6,1,Standard
ACC_CUST10398,CUST10398,6,8,30,5,Bad
ACC_CUST10399,CUST10399,0,4,6,1,Good
ACC_CUST10400,CUST10400,10,5,21,7,Bad
ACC_CUST10401,CUST10401,5,3,8,3,Standard
ACC_CUST10402,CUST10402,3,6,20,1,Standard
ACC_CUST10404,CUST10404,1,2,6,3,Good
ACC_CUST10405,CUST10405,10,6,29,5,Bad
ACC_CUST10406,CUST10406,10,8,18,5,Bad
ACC_CUST10407,CUST10407,4,7,19,2,Standard
ACC_CUST10408,CUST10408,7,4,8,3,Standard
ACC_CUST10409,CUST10409,10,8,20,8,Bad
ACC_CUST10410,CUST10410,5,7,10,3,Standard
ACC_CUST10411,CUST10411,8,3,10,3,Standard
ACC_CUST10412,CUST10412,6,3,17,2,Standard
ACC_CUST10413,CUST10413,5,5,10,4,Standard
ACC_CUST10414,CUST10414,3,6,19,2,Standard
ACC_CUST10415,CUST10415,9,8,16,8,Bad
ACC_CUST10416,CUST10416,4,7,9,3,Good
ACC_CUST10417,CUST10417,8,4,11,1,Standard
ACC_CUST10418,CUST10418,5,5,14,1,Standard
ACC_CUST10419,CUST10419,9,7,29,7,Bad
ACC_CUST10420,CUST10420,3,6,17,3,Standard
ACC_CUST10421,CUST10421,6,10,29,4,Bad
ACC_CUST10422,CUST10422,1,5,4,3,Good
ACC_CUST10423,CUST10423,5,5,16,5,Standard
ACC_CUST10424,CUST10424,4,3,11,2,Good
ACC_CUST10425,CUST10425,8,9,26,2,Bad
ACC_CUST10426,CUST10426,7,3,12,1,Standard
ACC_CUST10427,CUST10427,0,4,12,3,Good
ACC_CUST10428,CUST10428,8,4,7,2,Standard
ACC_CUST10429,CUST10429,5,1,9,2,Good
ACC_CUST10430,CUST10430,6,6,28,6,Bad
ACC_CUST10431,CUST10431,3,5,12,1,Good
ACC_CUST10433,CUST10433,6,3,14,1,Standard
ACC_CUST10434,CUST10434,8,10,30,8,Bad
ACC_CUST10435,CUST10435,6,4,17,5,Standard
ACC_CUST10436,CUST10436,9,8,20,7,Standard
ACC_CUST10437,CUST10437,1,3,6,1,Good
ACC_CUST10438,CUST10438,7,3,18,4,Standard
ACC_CUST10439,CUST10439,6,5,18,7,Standard
ACC_CUST10440,CUST10440,6,7,19,6,Bad
ACC_CUST10441,CUST10441,0,5,3,1,Good
ACC_CUST10442,CUST10442,7,10,17,7,Standard
ACC_CUST10444,CUST10444,6,9,18,2,Standard
ACC_CUST10445,CUST10445,7,5,16,1,Standard
ACC_CUST10446,CUST10446,8,8,17,7,Standard
ACC_CUST10447,CUST10447,4,3,6,2,Standard
ACC_CUST10448,CUST10448,7,7,17,2,Standard
ACC_CUST10449,CUST10449,7,6,18,1,Standard
ACC_CUST10450,CUST10450,7,9,17,7,Bad
ACC_CUST10451,CUST10451,4,6,10,2,Standard
ACC_CUST10452,CUST10452,4,7,5,3,Good
ACC_CUST10453,CUST10453,6,8,29,7,Bad
ACC_CUST10454,CUST10454,4,7,12,3,Standard
ACC_CUST10455,CUST10455,8,5,16,0,Standard
ACC_CUST10456,CUST10456,9,5,20,9,Bad
ACC_CUST10457,CUST10457,7,5,18,3,Standard
ACC_CUST10458,CUST10458,9,8,18,6,Bad
ACC_CUST10459,CUST10459,4,4,5,3,Good
ACC_CUST10460,CUST10460,5,6,18,4,Standard
ACC_CUST10461,CUST10461,0,7,6,0,Good
ACC_CUST10462,CUST10462,5,6,5,6,Standard
ACC_CUST10463,CUST10463,4,5,8,2,Good
ACC_CUST10464,CUST10464,3,4,24,4,Standard
ACC_CUST10465,CUST10465,8,3,5,2,Standard
ACC_CUST10466,CUST10466,3,6,12,4,Good
ACC_CUST10467,CUST10467,6,8,22,2,Bad
ACC_CUST10468,CUST10468,10,5,22,9,Bad
ACC_CUST10469,CUST10469,9,9,17,6,Bad
ACC_CUST10470,CUST10470,6,5,8,1,Standard
ACC_CUST10471,CUST10471,3,6,11,2,Good
ACC_CUST10473,CUST10473,8,6,11,0,Standard
ACC_CUST10474,CUST10474,6,5,29,5,Bad
ACC_CUST10475,CUST10475,10,7,30,7,Bad
ACC_CUST10476,CUST10476,7,4,6,5,Standard
ACC_CUST10477,CUST10477,4,2,7,2,Good
ACC_CUST10478,CUST10478,10,5,27,7,Bad
ACC_CUST10481,CUST10481,8,7,18,7,Bad
ACC_CUST10482,CUST10482,7,8,31,9,Bad
ACC_CUST10483,CUST10483,4,5,12,0,Good
ACC_CUST10484,CUST10484,6,6,5,3,Standard
ACC_CUST10486,CUST10486,2,5,12,4,Good
ACC_CUST10487,CUST10487,5,6,14,4,Standard
ACC_CUST10488,CUST10488,3,6,15,1,Standard
ACC_CUST10489,CUST10489,3,3,12,3,Good
ACC_CUST10491,CUST10491,3,2,12,0,Good
ACC_CUST10492,CUST10492,8,6,21,6,Bad
ACC_CUST10493,CUST10493,0,2,5,0,Good
ACC_CUST10494,CUST10494,10,7,31,5,Bad
ACC_CUST10496,CUST10496,5,3,5,4,Standard
ACC_CUST10497,CUST10497,3,5,3,2,Good
ACC_CUST10498,CUST10498,3,7,20,2,Standard
ACC_CUST10500,CUST10500,5,7,14,0,Standard
ACC_CUST10501,CUST10501,2,3,4,2,Good
ACC_CUST10502,CUST10502,7,3,19,3,Standard
ACC_CUST10503,CUST10503,4,3,18,0,Standard
ACC_CUST10504,CUST10504,5,4,12,4,Standard
ACC_CUST10505,CUST10505,5,3,17,0,Standard
ACC_CUST10506,CUST10506,10,8,18,5,Bad
ACC_CUST10507,CUST10507,9,8,30,6,Bad
ACC_CUST10508,CUST10508,7,4,10,4,Standard
ACC_CUST10509,CUST10509,6,6,17,1,Standard
ACC_CUST10510,CUST10510,6,9,27,5,Standard
ACC_CUST10511,CUST10511,5,4,8,2,Good
ACC_CUST10512,CUST10512,10,9,30,3,Standard
ACC_CUST10513,CUST10513,5,6,5,1,Good
ACC_CUST10514,CUST10514,6,6,29,8,Bad
ACC_CUST10515,CUST10515,5,4,9,0,Good
ACC_CUST10516,CUST10516,3,7,18,3,Standard
ACC_CUST10517,CUST10517,7,4,10,7,Standard
ACC_CUST10518,CUST10518,5,3,7,2,Standard
ACC_CUST10519,CUST10519,3,6,12,2,Standard
ACC_CUST10520,CUST10520,2,4,5,0,Good
ACC_CUST10522,CUST10522,4,3,11,1,Good
ACC_CUST10523,CUST10523,6,4,15,2,Standard
ACC_CUST10524,CUST10524,6,6,19,2,Standard
ACC_CUST10525,CUST10525,5,7,6,3,Standard
ACC_CUST10526,CUST10526,10,5,15,9,Bad
ACC_CUST10527,CUST10527,5,5,2,4,Good
ACC_CUST10528,CUST10528,7,8,17,7,Bad
ACC_CUST10529,CUST10529,9,10,15,2,Bad
ACC_CUST10530,CUST10530,4,4,5,1,Standard
ACC_CUST10531,CUST10531,6,8,24,7,Bad
ACC_CUST10532,CUST10532,8,7,26,7,Bad
ACC_CUST10533,CUST10533,4,3,19,7,Standard
ACC_CUST10534,CUST10534,8,4,12,2,Standard
ACC_CUST10535,CUST10535,5,5,17,2,Standard
ACC_CUST10536,CUST10536,5,3,8,4,Good
ACC_CUST10537,CUST10537,8,6,25,8,Bad
ACC_CUST10538,CUST10538,8,5,17,4,Standard
ACC_CUST10539,CUST10539,3,5,8,3,Good
ACC_CUST10540,CUST10540,8,3,20,2,Standard
ACC_CUST10541,CUST10541,6,8,32,3,Standard
ACC_CUST10542,CUST10542,4,6,19,0,Standard
ACC_CUST10543,CUST10543,4,5,19,4,Standard
ACC_CUST10544,CUST10544,9,10,33,5,Bad
ACC_CUST10545,CUST10545,0,6,6,0,Good
ACC_CUST10546,CUST10546,7,8,16,6,Standard
ACC_CUST10547,CUST10547,4,5,14,2,Standard
ACC_CUST10548,CUST10548,0,1,6,3,Good
ACC_CUST10549,CUST10549,7,5,16,6,Standard
ACC_CUST10550,CUST10550,0,7,11,3,Good
ACC_CUST10551,CUST10551,7,5,21,2,Standard
ACC_CUST10552,CUST10552,5,7,12,1,Standard
ACC_CUST10553,CUST10553,2,6,5,2,Good
ACC_CUST10554,CUST10554,6,5,23,5,Bad
ACC_CUST10555,CUST10555,10,6,24,6,Bad
ACC_CUST10556,CUST10556,10,6,29,5,Bad
ACC_CUST10557,CUST10557,10,5,18,5,Bad
ACC_CUST10558,CUST10558,5,4,2,3,Good
ACC_CUST10559,CUST10559,9,9,24,4,Bad
ACC_CUST10560,CUST10560,5,3,5,4,Good
ACC_CUST10561,CUST10561,8,3,13,1,Standard
ACC_CUST10562,CUST10562,8,9,19,8,Bad
ACC_CUST10563,CUST10563,4,4,4,4,Good
ACC_CUST10564,CUST10564,5,7,15,5,Standard
ACC_CUST10565,CUST10565,6,4,11,4,Good
ACC_CUST10567,CUST10567,2,6,12,4,Good
ACC_CUST10568,CUST10568,2,4,10,3,Good
ACC_CUST10569,CUST10569,3,3,12,0,Standard
ACC_CUST10570,CUST10570,7,7,23,6,Standard
ACC_CUST10571,CUST10571,2,3,9,4,Good
ACC_CUST10572,CUST10572,5,4,12,0,Good
ACC_CUST10573,CUST10573,2,5,6,0,Good
ACC_CUST10574,CUST10574,4,3,11,3,Good
ACC_CUST10575,CUST10575,0,5,5,0,Good
ACC_CUST10576,CUST10576,8,4,6,2,Standard
ACC_CUST10577,CUST10577,10,8,33,6,Bad
ACC_CUST10578,CUST10578,4,4,8,2,Standard
ACC_CUST10579,CUST10579,3,5,23,6,Standard
ACC_CUST10580,CUST10580,5,4,19,4,Standard
ACC_CUST10581,CUST10581,3,6,20,6,Standard
ACC_CUST10582,CUST10582,10,8,21,4,Bad
ACC_CUST10583,CUST10583,7,6,33,2,Standard
ACC_CUST10584,CUST10584,1,4,11,1,Good
ACC_CUST10585,CUST10585,9,5,15,7,Bad
ACC_CUST10586,CUST10586,5,3,11,1,Good
ACC_CUST10587,CUST10587,3,6,16,5,Standard
ACC_CUST10588,CUST10588,7,4,12,4,Good
ACC_CUST10589,CUST10589,4,4,12,0,Good
ACC_CUST10590,CUST10590,9,5,15,2,Bad
ACC_CUST10591,CUST10591,5,7,4,2,Good
ACC_CUST10592,CUST10592,8,5,10,5,Standard
ACC_CUST10593,CUST10593,5,6,15,4,Standard
ACC_CUST10594,CUST10594,6,7,23,5,Bad
ACC_CUST10595,CUST10595,8,3,8,4,Standard
ACC_CUST10596,CUST10596,9,10,29,7,Bad
ACC_CUST10597,CUST10597,4,3,4,1,Good
ACC_CUST10598,CUST10598,4,7,30,6,Standard
ACC_CUST10599,CUST10599,7,9,32,5,Bad
ACC_CUST10600,CUST10600,6,5,27,7,Bad
ACC_CUST10601,CUST10601,5,4,20,2,Standard
ACC_CUST10602,CUST10602,6,9,23,5,Bad
ACC_CUST10603,CUST10603,5,3,10,0,Good
ACC_CUST10605,CUST10605,9,9,16,9,Bad
ACC_CUST10606,CUST10606,3,3,13,3,Standard
ACC_CUST10607,CUST10607,9,10,30,9,Bad
ACC_CUST10608,CUST10608,2,3,8,0,Good
ACC_CUST10609,CUST10609,8,4,17,1,Standard
ACC_CUST10610,CUST10610,2,5,8,1,Good
ACC_CUST10611,CUST10611,8,3,14,2,Standard
ACC_CUST10612,CUST10612,4,3,5,2,Good
ACC_CUST10613,CUST10613,6,10,18,7,Bad
ACC_CUST10614,CUST10614,7,5,17,4,Bad
ACC_CUST10615,CUST10615,7,6,23,7,Standard
ACC_CUST10617,CUST10617,7,4,1,4,Standard
ACC_CUST10618,CUST10618,6,7,24,2,Standard
ACC_CUST10619,CUST10619,9,10,28,5,Bad
ACC_CUST10620,CUST10620,6,5,18,3,Standard
ACC_CUST10621,CUST10621,1,6,11,4,Good
ACC_CUST10622,CUST10622,7,6,14,3,Standard
ACC_CUST10623,CUST10623,4,5,16,0,Standard
ACC_CUST10624,CUST10624,8,5,20,3,Standard
ACC_CUST10625,CUST10625,8,7,7,1,Standard
ACC_CUST10626,CUST10626,1,6,9,0,Good
ACC_CUST10627,CUST10627,6,5,32,7,Bad
ACC_CUST10628,CUST10628,6,10,17,2,Standard
ACC_CUST10629,CUST10629,3,3,9,4,Good
ACC_CUST10630,CUST10630,9,8,28,5,Bad
ACC_CUST10631,CUST10631,6,5,7,3,Standard
ACC_CUST10632,CUST10632,7,4,14,2,Standard
ACC_CUST10633,CUST10633,6,7,19,8,Bad
ACC_CUST10634,CUST10634,6,4,11,0,Standard
ACC_CUST10635,CUST10635,6,5,13,4,Standard
ACC_CUST10636,CUST10636,8,6,12,3,Standard
ACC_CUST10637,CUST10637,7,5,7,3,Standard
ACC_CUST10638,CUST10638,8,5,6,0,Standard
ACC_CUST10639,CUST10639,1,4,6,4,Good
ACC_CUST10640,CUST10640,9,8,24,7,Bad
ACC_CUST10641,CUST10641,6,7,22,9,Bad
ACC_CUST10642,CUST10642,8,7,16,5,Standard
ACC_CUST10643,CUST10643,4,3,7,1,Good
ACC_CUST10644,CUST10644,7,4,14,1,Standard
ACC_CUST10645,CUST10645,4,3,2,0,Good
ACC_CUST10647,CUST10647,0,7,1,1,Good
ACC_CUST10648,CUST10648,4,3,17,2,Standard
ACC_CUST10649,CUST10649,5,4,12,1,Good
ACC_CUST10650,CUST10650,3,5,11,3,Standard
ACC_CUST10651,CUST10651,8,7,24,8,Bad
ACC_CUST10652,CUST10652,3,5,12,0,Standard
ACC_CUST10653,CUST10653,5,5,7,4,Standard
ACC_CUST10654,CUST10654,9,7,15,7,Bad
ACC_CUST10655,CUST10655,1,3,11,0,Good
ACC_CUST10656,CUST10656,10,7,24,2,Bad
ACC_CUST10657,CUST10657,3,4,1,1,Good
ACC_CUST10658,CUST10658,3,3,7,1,Standard
ACC_CUST10659,CUST10659,8,6,19,7,Standard
ACC_CUST10660,CUST10660,5,3,17,4,Standard
ACC_CUST10661,CUST10661,5,4,19,2,Standard
ACC_CUST10662,CUST10662,10,7,33,9,Bad
ACC_CUST10663,CUST10663,6,10,24,2,Standard
ACC_CUST10664,CUST10664,8,10,20,8,Bad
ACC_CUST10665,CUST10665,9,8,21,7,Bad
ACC_CUST10666,CUST10666,5,4,17,6,Standard
ACC_CUST10667,CUST10667,8,6,24,5,Standard
ACC_CUST10668,CUST10668,8,7,10,0,Standard
ACC_CUST10669,CUST10669,7,6,4,1,Good
ACC_CUST10670,CUST10670,7,4,9,5,Standard
ACC_CUST10671,CUST10671,3,5,17,0,Standard
ACC_CUST10673,CUST10673,0,7,9,3,Good
ACC_CUST10674,CUST10674,10,5,22,5,Bad
ACC_CUST10675,CUST10675,6,4,31,7,Standard
ACC_CUST10676,CUST10676,6,4,5,1,Standard
ACC_CUST10678,CUST10678,4,5,9,1,Good
ACC_CUST10679,CUST10679,4,7,20,2,Standard
ACC_CUST10680,CUST10680,3,5,2,4,Good
ACC_CUST10681,CUST10681,8,5,16,2,Standard
ACC_CUST10682,CUST10682,8,8,23,7,Bad
ACC_CUST10683,CUST10683,5,1,11,0,Good
ACC_CUST10684,CUST10684,5,7,11,1,Good
ACC_CUST10685,CUST10685,0,4,5,0,Good
ACC_CUST10686,CUST10686,10,5,34,5,Bad
ACC_CUST10687,CUST10687,7,5,9,2,Standard
ACC_CUST10688,CUST10688,6,7,15,7,Standard
ACC_CUST10689,CUST10689,4,4,9,2,Standard
ACC_CUST10690,CUST10690,7,7,26,9,Bad
ACC_CUST10691,CUST10691,8,10,26,5,Bad
ACC_CUST10692,CUST10692,10,9,16,8,Bad
ACC_CUST10693,CUST10693,10,10,34,7,Standard
ACC_CUST10695,CUST10695,10,9,24,9,Bad
ACC_CUST10696,CUST10696,10,10,27,2,Bad
ACC_CUST10697,CUST10697,4,4,7,4,Standard
ACC_CUST10698,CUST10698,7,4,19,2,Standard
ACC_CUST10699,CUST10699,3,1,12,2,Good
ACC_CUST10700,CUST10700,0,7,5,3,Good
ACC_CUST10701,CUST10701,7,7,10,3,Standard
ACC_CUST10702,CUST10702,3,4,8,0,Good
ACC_CUST10703,CUST10703,4,3,7,1,Standard
ACC_CUST10704,CUST10704,7,3,18,0,Standard
ACC_CUST10705,CUST10705,8,3,9,2,Standard
ACC_CUST10706,CUST10706,2,4,3,2,Good
ACC_CUST10707,CUST10707,5,4,2,0,Good
ACC_CUST10708,CUST10708,4,5,9,1,Good
ACC_CUST10709,CUST10709,3,6,12,0,Good
ACC_CUST10710,CUST10710,4,3,19,2,Standard
ACC_CUST10711,CUST10711,4,5,20,4,Standard
ACC_CUST10712,CUST10712,9,6,23,2,Bad
ACC_CUST10713,CUST10713,8,3,18,2,Standard
ACC_CUST10714,CUST10714,8,3,3,4,Good
ACC_CUST10715,CUST10715,6,6,16,4,Standard
ACC_CUST10716,CUST10716,6,7,5,0,Standard
ACC_CUST10718,CUST10718,8,6,19,1,Standard
ACC_CUST10719,CUST10719,3,4,2,3,Good
ACC_CUST10720,CUST10720,6,4,9,2,Good
ACC_CUST10721,CUST10721,10,5,25,2,Standard
ACC_CUST10722,CUST10722,10,7,22,7,Bad
ACC_CUST10723,CUST10723,0,3,3,1,Good
ACC_CUST10724,CUST10724,6,9,18,5,Bad
ACC_CUST10725,CUST10725,6,10,27,9,Bad
ACC_CUST10726,CUST10726,7,7,25,2,Bad
ACC_CUST10727,CUST10727,4,7,15,0,Standard
ACC_CUST10728,CUST10728,7,7,28,6,Bad
ACC_CUST10729,CUST10729,3,7,20,4,Standard
ACC_CUST10730,CUST10730,8,7,29,6,Bad
ACC_CUST10731,CUST10731,7,6,16,6,Bad
ACC_CUST10732,CUST10732,5,4,6,3,Good
ACC_CUST10733,CUST10733,5,6,4,4,Good
ACC_CUST10734,CUST10734,2,3,9,1,Good
ACC_CUST10735,CUST10735,7,5,15,5,Standard
ACC_CUST10736,CUST10736,4,3,8,0,Good
ACC_CUST10737,CUST10737,0,3,2,4,Good
ACC_CUST10738,CUST10738,5,5,6,2,Good
ACC_CUST10739,CUST10739,4,4,12,3,Standard
ACC_CUST10740,CUST10740,4,5,12,6,Standard
ACC_CUST10741,CUST10741,3,5,8,4,Good
ACC_CUST10742,CUST10742,8,10,28,5,Bad
ACC_CUST10743,CUST10743,3,6,9,3,Good
ACC_CUST10745,CUST10745,10,8,34,7,Bad
ACC_CUST10746,CUST10746,4,5,18,4,Standard
ACC_CUST10747,CUST10747,0,7,11,3,Good
ACC_CUST10748,CUST10748,1,7,6,2,Good
ACC_CUST10749,CUST10749,8,8,30,7,Bad
ACC_CUST10750,CUST10750,4,4,19,7,Standard
ACC_CUST10751,CUST10751,6,4,18,1,Standard
ACC_CUST10753,CUST10753,8,3,7,1,Standard
ACC_CUST10754,CUST10754,0,3,1,0,Good
ACC_CUST10755,CUST10755,6,5,16,2,Standard
ACC_CUST10757,CUST10757,7,8,31,5,Bad
ACC_CUST10758,CUST10758,5,5,15,0,Standard
ACC_CUST10759,CUST10759,10,10,19,5,Bad
ACC_CUST10760,CUST10760,7,6,24,7,Bad
ACC_CUST10761,CUST10761,4,6,7,7,Standard
ACC_CUST10763,CUST10763,8,7,11,1,Standard
ACC_CUST10764,CUST10764,0,6,3,0,Good
ACC_CUST10765,CUST10765,3,4,17,6,Standard
ACC_CUST10766,CUST10766,8,4,5,4,Standard
ACC_CUST10767,CUST10767,9,8,34,6,Bad
ACC_CUST10768,CUST10768,3,6,20,1,Standard
ACC_CUST10769,CUST10769,4,3,2,3,Good
ACC_CUST10770,CUST10770,4,7,14,3,Standard
ACC_CUST10771,CUST10771,6,5,33,5,Bad
ACC_CUST10772,CUST10772,4,1,1,2,Good
ACC_CUST10773,CUST10773,10,6,33,5,Bad
ACC_CUST10775,CUST10775,8,6,9,7,Standard
ACC_CUST10776,CUST10776,4,5,10,4,Good
ACC_CUST10777,CUST10777,4,4,5,3,Standard
ACC_CUST10778,CUST10778,7,6,12,3,Good
ACC_CUST10779,CUST10779,3,6,12,3,Good
ACC_CUST10780,CUST10780,7,9,19,8,Bad
ACC_CUST10781,CUST10781,8,4,4,1,Standard
ACC_CUST10782,CUST10782,5,7,7,4,Good
ACC_CUST10783,CUST10783,4,5,13,0,Standard
ACC_CUST10784,CUST10784,6,6,7,6,Standard
ACC_CUST10785,CUST10785,4,7,5,2,Good
ACC_CUST10786,CUST10786,3,1,9,4,Good
ACC_CUST10787,CUST10787,9,8,34,4,Bad
ACC_CUST10789,CUST10789,5,6,8,4,Standard
ACC_CUST10790,CUST10790,2,5,2,2,Good
ACC_CUST10791,CUST10791,4,4,11,2,Good
ACC_CUST10793,CUST10793,1,6,5,4,Good
ACC_CUST10794,CUST10794,4,5,16,4,Standard
ACC_CUST10795,CUST10795,5,5,7,1,Standard
ACC_CUST10796,CUST10796,6,7,26,2,Standard
ACC_CUST10797,CUST10797,5,4,12,4,Standard
ACC_CUST10798,CUST10798,6,10,27,6,Bad
ACC_CUST10799,CUST10799,1,3,5,3,Good
ACC_CUST10801,CUST10801,8,5,18,2,Standard
ACC_CUST10802,CUST10802,7,7,6,3,Standard
ACC_CUST10803,CUST10803,8,7,17,1,Standard
ACC_CUST10804,CUST10804,4,5,7,3,Good
ACC_CUST10805,CUST10805,2,5,1,0,Good
ACC_CUST10806,CUST10806,7,5,9,6,Standard
ACC_CUST10808,CUST10808,6,10,25,9,Bad
ACC_CUST10809,CUST10809,1,3,4,4,Good
ACC_CUST10810,CUST10810,1,5,8,0,Good
ACC_CUST10811,CUST10811,10,6,16,5,Bad
ACC_CUST10812,CUST10812,1,3,2,3,Good
ACC_CUST10813,CUST10813,6,9,30,9,Bad
ACC_CUST10814,CUST10814,5,3,8,0,Standard
ACC_CUST10815,CUST10815,4,7,6,6,Standard
ACC_CUST10816,CUST10816,3,3,19,1,Standard
ACC_CUST10817,CUST10817,6,8,20,9,Bad
ACC_CUST10818,CUST10818,0,4,5,4,Good
ACC_CUST10820,CUST10820,10,8,23,5,Bad
ACC_CUST10821,CUST10821,3,10,15,7,Standard
ACC_CUST10823,CUST10823,1,1,3,3,Good
ACC_CUST10824,CUST10824,2,5,9,2,Good
ACC_CUST10825,CUST10825,0,6,8,4,Good
ACC_CUST10826,CUST10826,4,3,19,3,Standard
ACC_CUST10827,CUST10827,5,5,6,4,Standard
ACC_CUST10828,CUST10828,1,6,7,2,Good
ACC_CUST10829,CUST10829,6,3,5,0,Standard
ACC_CUST10830,CUST10830,8,6,26,7,Bad
ACC_CUST10831,CUST10831,10,5,33,5,Standard
ACC_CUST10832,CUST10832,6,4,12,6,Standard
ACC_CUST10833,CUST10833,4,6,6,0,Standard
ACC_CUST10834,CUST10834,2,5,6,0,Good
ACC_CUST10835,CUST10835,10,6,33,8,Bad
ACC_CUST10836,CUST10836,7,10,18,7,Bad
ACC_CUST10837,CUST10837,6,8,32,9,Bad
ACC_CUST10838,CUST10838,5,4,13,2,Standard
ACC_CUST10840,CUST10840,5,7,15,4,Standard
ACC_CUST10842,CUST10842,4,2,4,0,Good
ACC_CUST10843,CUST10843,5,7,18,0,Standard
ACC_CUST10844,CUST10844,0,5,12,1,Good
ACC_CUST10845,CUST10845,7,4,15,3,Standard
ACC_CUST10846,CUST10846,7,4,31,3,Standard
ACC_CUST10847,CUST10847,6,7,20,3,Standard
ACC_CUST10848,CUST10848,6,10,19,5,Bad
ACC_CUST10849,CUST10849,7,7,30,5,Standard
ACC_CUST10850,CUST10850,6,7,12,3,Standard
ACC_CUST10851,CUST10851,8,6,11,1,Standard
ACC_CUST10852,CUST10852,3,6,29,2,Standard
ACC_CUST10853,CUST10853,3,4,5,1,Good
ACC_CUST10854,CUST10854,7,10,20,9,Bad
ACC_CUST10855,CUST10855,5,6,14,1,Standard
ACC_CUST10856,CUST10856,5,3,8,3,Good
ACC_CUST10857,CUST10857,4,4,2,4,Good
ACC_CUST10858,CUST10858,3,6,11,1,Good
ACC_CUST10859,CUST10859,9,6,32,8,Bad
ACC_CUST10860,CUST10860,0,3,2,1,Good
ACC_CUST10861,CUST10861,8,7,16,0,Standard
ACC_CUST10862,CUST10862,7,8,26,8,Bad
ACC_CUST10863,CUST10863,4,4,9,1,Good
ACC_CUST10864,CUST10864,5,3,20,4,Standard
ACC_CUST10865,CUST10865,5,6,6,3,Good
ACC_CUST10866,CUST10866,7,5,19,8,Bad
ACC_CUST10867,CUST10867,6,6,6,4,Standard
ACC_CUST10868,CUST10868,4,4,9,3,Standard
ACC_CUST10869,CUST10869,8,5,30,4,Bad
ACC_CUST10870,CUST10870,3,3,12,2,Good
ACC_CUST10871,CUST10871,4,5,7,1,Good
ACC_CUST10873,CUST10873,8,7,24,8,Bad
ACC_CUST10874,CUST10874,5,7,9,1,Good
ACC_CUST10875,CUST10875,3,3,2,2,Good
ACC_CUST10876,CUST10876,0,6,8,0,Good
ACC_CUST10877,CUST10877,6,8,33,8,Bad
ACC_CUST10878,CUST10878,3,3,20,4,Standard
ACC_CUST10879,CUST10879,3,5,9,2,Good
ACC_CUST10880,CUST10880,3,7,7,1,Standard
ACC_CUST10881,CUST10881,7,5,2,0,Good
ACC_CUST10882,CUST10882,5,4,17,7,Standard
ACC_CUST10883,CUST10883,1,3,7,0,Good
ACC_CUST10884,CUST10884,6,6,9,6,Standard
ACC_CUST10885,CUST10885,5,3,11,3,Good
ACC_CUST10886,CUST10886,1,1,2,1,Good
ACC_CUST10887,CUST10887,6,7,17,6,Bad
ACC_CUST10888,CUST10888,3,4,12,2,Standard
ACC_CUST10889,CUST10889,8,4,11,0,Standard
ACC_CUST10890,CUST10890,0,6,10,4,Good
ACC_CUST10891,CUST10891,4,3,11,3,Standard
ACC_CUST10892,CUST10892,3,5,6,2,Standard
ACC_CUST10893,CUST10893,2,4,12,0,Good
ACC_CUST10894,CUST10894,3,3,8,1,Standard
ACC_CUST10895,CUST10895,8,3,8,7,Standard
ACC_CUST10896,CUST10896,1,6,2,4,Good
ACC_CUST10897,CUST10897,6,7,9,0,Standard
ACC_CUST10898,CUST10898,5,3,14,7,Standard
ACC_CUST10899,CUST10899,8,5,8,3,Good
ACC_CUST10900,CUST10900,9,6,28,8,Bad
ACC_CUST10901,CUST10901,7,5,13,4,Standard
ACC_CUST10902,CUST10902,4,7,2,0,Good
ACC_CUST10903,CUST10903,4,4,17,6,Standard
ACC_CUST10904,CUST10904,8,7,11,3,Standard
ACC_CUST10905,CUST10905,4,4,11,4,Standard
ACC_CUST10906,CUST10906,4,6,2,4,Good
ACC_CUST10907,CUST10907,7,7,10,1,Standard
ACC_CUST10908,CUST10908,1,4,7,0,Good
ACC_CUST10909,CUST10909,3,5,13,1,Standard
ACC_CUST10910,CUST10910,6,10,32,7,Bad
ACC_CUST10911,CUST10911,4,3,1,0,Good
ACC_CUST10912,CUST10912,1,3,5,4,Good
ACC_CUST10913,CUST10913,9,6,19,7,Bad
ACC_CUST10914,CUST10914,4,7,16,3,Standard
ACC_CUST10915,CUST10915,6,4,7,4,Standard
ACC_CUST10916,CUST10916,1,4,5,2,Good
ACC_CUST10917,CUST10917,5,4,9,3,Good
ACC_CUST10918,CUST10918,10,6,34,5,Standard
ACC_CUST10919,CUST10919,3,5,6,3,Good
ACC_CUST10920,CUST10920,10,8,21,6,Bad
ACC_CUST10921,CUST10921,8,10,17,7,Bad
ACC_CUST10922,CUST10922,9,10,33,3,Standard
ACC_CUST10923,CUST10923,7,5,10,4,Standard
ACC_CUST10924,CUST10924,4,2,6,3,Good
ACC_CUST10925,CUST10925,4,7,12,0,Good
ACC_CUST10926,CUST10926,0,4,4,3,Good
ACC_CUST10927,CUST10927,10,7,25,9,Bad
ACC_CUST10930,CUST10930,1,3,11,3,Good
ACC_CUST10931,CUST10931,6,4,19,1,Standard
ACC_CUST10932,CUST10932,3,5,15,4,Standard
ACC_CUST10933,CUST10933,4,7,6,2,Standard
ACC_CUST10934,CUST10934,4,7,8,0,Good
ACC_CUST10936,CUST10936,5,3,20,1,Standard
ACC_CUST10937,CUST10937,3,5,12,4,Good
ACC_CUST10938,CUST10938,7,8,18,7,Bad
ACC_CUST10939,CUST10939,7,7,13,1,Standard
ACC_CUST10940,CUST10940,4,7,11,2,Standard
ACC_CUST10941,CUST10941,7,7,7,0,Standard
ACC_CUST10942,CUST10942,2,3,11,1,Good
ACC_CUST10943,CUST10943,7,7,19,6,Standard
ACC_CUST10944,CUST10944,8,7,16,0,Standard
ACC_CUST10945,CUST10945,7,5,30,7,Bad
ACC_CUST10946,CUST10946,4,7,19,2,Standard
ACC_CUST10947,CUST10947,4,7,9,4,Standard
ACC_CUST10948,CUST10948,5,6,9,2,Standard
ACC_CUST10949,CUST10949,6,3,3,2,Good
ACC_CUST10950,CUST10950,4,7,3,0,Good
ACC_CUST10951,CUST10951,4,3,16,0,Standard
ACC_CUST10952,CUST10952,8,3,17,4,Standard
ACC_CUST10953,CUST10953,10,7,33,6,Bad
ACC_CUST10954,CUST10954,7,5,5,4,Standard
ACC_CUST10955,CUST10955,4,3,15,5,Standard
ACC_CUST10956,CUST10956,1,5,11,2,Good
ACC_CUST10957,CUST10957,6,5,8,3,Standard
ACC_CUST10958,CUST10958,2,7,10,4,Good
ACC_CUST10959,CUST10959,3,5,6,0,Good
ACC_CUST10960,CUST10960,5,3,10,3,Standard
ACC_CUST10961,CUST10961,3,5,13,5,Standard
ACC_CUST10962,CUST10962,4,3,14,1,Standard
ACC_CUST10965,CUST10965,3,2,7,4,Good
ACC_CUST10966,CUST10966,7,4,10,4,Standard
ACC_CUST10967,CUST10967,8,3,15,5,Standard
ACC_CUST10968,CUST10968,3,3,4,3,Good
ACC_CUST10969,CUST10969,7,6,27,9,Bad
ACC_CUST10970,CUST10970,7,6,10,0,Standard
ACC_CUST10971,CUST10971,5,5,7,0,Standard
ACC_CUST10972,CUST10972,0,3,5,4,Good
ACC_CUST10973,CUST10973,4,4,13,2,Standard
ACC_CUST10974,CUST10974,1,2,3,0,Good
ACC_CUST10975,CUST10975,6,6,15,3,Standard
ACC_CUST10976,CUST10976,6,4,17,5,Standard
ACC_CUST10977,CUST10977,2,3,4,0,Good
ACC_CUST10978,CUST10978,2,4,4,2,Good
ACC_CUST10979,CUST10979,9,9,28,2,Standard
ACC_CUST10980,CUST10980,2,4,8,1,Good
ACC_CUST10981,CUST10981,8,9,26,3,Standard
ACC_CUST10982,CUST10982,6,3,7,2,Standard
ACC_CUST10983,CUST10983,5,7,13,3,Standard
ACC_CUST10984,CUST10984,0,3,5,4,Good
ACC_CUST10985,CUST10985,8,5,15,1,Standard
ACC_CUST10986,CUST10986,4,7,14,2,Standard
ACC_CUST10987,CUST10987,8,5,12,1,Standard
ACC_CUST10988,CUST10988,8,3,1,3,Good
ACC_CUST10989,CUST10989,2,1,5,3,Good
ACC_CUST10990,CUST10990,4,1,8,2,Good
ACC_CUST10991,CUST10991,1,1,6,2,Good
ACC_CUST10992,CUST10992,5,5,2,1,Good
ACC_CUST10993,CUST10993,3,2,8,1,Good
ACC_CUST10994,CUST10994,8,7,16,3,Standard
ACC_CUST10995,CUST10995,5,7,10,4,Good
ACC_CUST10996,CUST10996,3,7,8,2,Standard
ACC_CUST10997,CUST10997,4,3,8,0,Standard
ACC_CUST10998,CUST10998,5,4,10,4,Standard
ACC_CUST10999,CUST10999,3,4,10,3,Standard
ACC_CUST11000,CUST11000,10,8,17,2,Standard
ACC_CUST11001,CUST11001,7,5,11,0,Standard
ACC_CUST11002,CUST11002,9,8,26,5,Bad
ACC_CUST11004,CUST11004,4,2,9,0,Good
ACC_CUST11005,CUST11005,6,6,27,5,Bad
ACC_CUST11006,CUST11006,8,6,15,3,Standard
ACC_CUST11007,CUST11007,7,4,12,3,Standard
ACC_CUST11008,CUST11008,3,5,1,4,Good
ACC_CUST11009,CUST11009,5,7,15,1,Standard
ACC_CUST11010,CUST11010,3,6,11,4,Standard
ACC_CUST11011,CUST11011,0,3,5,0,Good
ACC_CUST11012,CUST11012,10,9,24,7,Bad
ACC_CUST11013,CUST11013,3,4,18,2,Standard
ACC_CUST11014,CUST11014,3,7,6,0,Good
ACC_CUST11015,CUST11015,5,7,7,5,Standard
ACC_CUST11016,CUST11016,1,4,2,2,Good
ACC_CUST11017,CUST11017,4,6,4,0,Good
ACC_CUST11018,CUST11018,8,5,19,7,Bad
ACC_CUST11019,CUST11019,5,4,18,2,Standard
ACC_CUST11020,CUST11020,4,6,5,5,Standard
ACC_CUST11021,CUST11021,8,4,11,1,Good
ACC_CUST11022,CUST11022,10,5,29,6,Bad
ACC_CUST11023,CUST11023,5,5,2,3,Good
ACC_CUST11024,CUST11024,6,9,31,6,Standard
ACC_CUST11025,CUST11025,8,5,24,5,Bad
ACC_CUST11026,CUST11026,3,5,17,3,Standard
ACC_CUST11027,CUST11027,7,8,32,9,Bad
ACC_CUST11028,CUST11028,8,7,13,4,Standard
ACC_CUST11029,CUST11029,8,7,16,5,Bad
ACC_CUST11030,CUST11030,8,4,18,3,Standard
ACC_CUST11031,CUST11031,10,5,20,7,Bad
ACC_CUST11032,CUST11032,0,4,4,0,Good
ACC_CUST11033,CUST11033,7,6,17,7,Standard
ACC_CUST11034,CUST11034,0,5,4,3,Good
ACC_CUST11036,CUST11036,3,3,18,0,Standard
ACC_CUST11037,CUST11037,5,1,5,0,Good
ACC_CUST11038,CUST11038,10,6,31,2,Bad
ACC_CUST11039,CUST11039,4,4,12,4,Good
ACC_CUST11040,CUST11040,9,7,32,5,Bad
ACC_CUST11041,CUST11041,6,4,18,2,Standard
ACC_CUST11042,CUST11042,1,5,8,0,Good
ACC_CUST11043,CUST11043,8,9,22,9,Bad
ACC_CUST11044,CUST11044,8,8,27,5,Standard
ACC_CUST11045,CUST11045,6,6,12,5,Standard
ACC_CUST11046,CUST11046,1,2,6,1,Good
ACC_CUST11047,CUST11047,3,1,5,3,Good
ACC_CUST11048,CUST11048,7,3,4,3,Standard
ACC_CUST11049,CUST11049,4,4,6,3,Good
ACC_CUST11050,CUST11050,8,8,20,7,Bad
ACC_CUST11051,CUST11051,4,7,17,1,Standard
ACC_CUST11052,CUST11052,3,6,15,0,Standard
ACC_CUST11053,CUST11053,9,10,32,4,Bad
ACC_CUST11054,CUST11054,1,7,7,3,Good
ACC_CUST11055,CUST11055,4,5,5,2,Good
ACC_CUST11056,CUST11056,5,4,9,0,Good
ACC_CUST11057,CUST11057,8,4,18,1,Standard
ACC_CUST11058,CUST11058,6,10,33,7,Bad
ACC_CUST11059,CUST11059,6,5,20,1,Standard
ACC_CUST11060,CUST11060,3,3,1,2,Good
ACC_CUST11061,CUST11061,1,3,1,4,Good
ACC_CUST11063,CUST11063,3,3,9,0,Good
ACC_CUST11064,CUST11064,4,6,15,2,Standard
ACC_CUST11065,CUST11065,8,10,26,7,Standard
ACC_CUST11066,CUST11066,8,7,32,6,Bad
ACC_CUST11067,CUST11067,5,5,14,0,Standard
ACC_CUST11068,CUST11068,8,4,17,5,Standard
ACC_CUST11069,CUST11069,5,5,27,5,Standard
ACC_CUST11070,CUST11070,3,5,13,4,Standard
ACC_CUST11071,CUST11071,8,9,21,3,Bad
ACC_CUST11073,CUST11073,0,4,5,3,Good
ACC_CUST11074,CUST11074,6,5,31,6,Bad
ACC_CUST11075,CUST11075,2,5,8,4,Good
ACC_CUST11076,CUST11076,8,3,6,2,Standard
ACC_CUST11077,CUST11077,10,5,15,5,Bad
ACC_CUST11078,CUST11078,3,3,13,4,Standard
ACC_CUST11079,CUST11079,0,1,3,3,Good
ACC_CUST11080,CUST11080,5,5,4,3,Good
ACC_CUST11081,CUST11081,6,7,16,0,Standard
ACC_CUST11082,CUST11082,3,4,2,4,Good
ACC_CUST11083,CUST11083,10,10,16,6,Bad
ACC_CUST11084,CUST11084,3,4,10,3,Standard
ACC_CUST11085,CUST11085,2,5,8,3,Good
ACC_CUST11086,CUST11086,6,6,8,1,Standard
ACC_CUST11087,CUST11087,8,5,17,0,Standard
ACC_CUST11088,CUST11088,3,7,2,1,Good
ACC_CUST11089,CUST11089,5,2,8,2,Good
ACC_CUST11090,CUST11090,9,5,30,8,Bad
ACC_CUST11091,CUST11091,3,2,12,4,Good
ACC_CUST11092,CUST11092,6,4,3,4,Good
ACC_CUST11093,CUST11093,7,6,19,7,Bad
ACC_CUST11094,CUST11094,7,6,24,4,Bad
ACC_CUST11095,CUST11095,5,5,9,2,Good
ACC_CUST11096,CUST11096,4,1,5,3,Good
ACC_CUST11097,CUST11097,7,4,14,3,Standard
ACC_CUST11098,CUST11098,4,6,23,3,Standard
ACC_CUST11099,CUST11099,7,9,20,2,Bad
ACC_CUST11100,CUST11100,3,4,13,0,Standard
ACC_CUST11101,CUST11101,8,9,21,7,Bad
ACC_CUST11102,CUST11102,7,6,33,7,Bad
ACC_CUST11103,CUST11103,1,5,5,2,Good
ACC_CUST11104,CUST11104,3,3,12,3,Standard
ACC_CUST11105,CUST11105,10,7,16,6,Bad
ACC_CUST11106,CUST11106,3,5,12,4,Good
ACC_CUST11107,CUST11107,7,6,18,3,Standard
ACC_CUST11108,CUST11108,8,5,32,7,Bad
ACC_CUST11109,CUST11109,10,7,28,6,Bad
ACC_CUST11110,CUST11110,8,6,18,6,Standard
ACC_CUST11111,CUST11111,6,6,18,1,Standard
ACC_CUST11112,CUST11112,4,5,9,3,Standard
ACC_CUST11113,CUST11113,3,6,2,3,Good
ACC_CUST11114,CUST11114,6,5,15,4,Standard
ACC_CUST11115,CUST11115,2,6,9,4,Good
ACC_CUST11116,CUST11116,9,6,27,2,Bad
ACC_CUST11117,CUST11117,5,7,10,3,Standard
ACC_CUST11118,CUST11118,6,4,17,3,Standard
ACC_CUST11119,CUST11119,4,5,2,1,Good
ACC_CUST11120,CUST11120,4,5,30,2,Standard
ACC_CUST11121,CUST11121,7,7,7,2,Good
ACC_CUST11122,CUST11122,2,6,1,2,Good
ACC_CUST11123,CUST11123,3,5,8,3,Good
ACC_CUST11124,CUST11124,5,3,8,1,Standard
ACC_CUST11125,CUST11125,8,3,11,1,Good
ACC_CUST11126,CUST11126,8,8,28,8,Bad
ACC_CUST11127,CUST11127,9,10,21,7,Bad
ACC_CUST11128,CUST11128,7,4,17,3,Standard
ACC_CUST11129,CUST11129,5,3,6,1,Good
ACC_CUST11131,CUST11131,3,7,11,4,Good
ACC_CUST11132,CUST11132,9,5,20,5,Bad
ACC_CUST11133,CUST11133,5,7,10,2,Standard
ACC_CUST11134,CUST11134,2,5,9,3,Good
ACC_CUST11135,CUST11135,3,4,4,0,Good
ACC_CUST11136,CUST11136,9,7,32,8,Bad
ACC_CUST11137,CUST11137,2,6,7,4,Good
ACC_CUST11138,CUST11138,8,5,12,3,Standard
ACC_CUST11139,CUST11139,10,5,26,2,Standard
ACC_CUST11140,CUST11140,3,7,7,2,Standard
ACC_CUST11141,CUST11141,8,4,11,0,Standard
ACC_CUST11142,CUST11142,5,7,9,4,Good
ACC_CUST11143,CUST11143,7,7,8,5,Standard
ACC_CUST11144,CUST11144,5,7,10,4,Standard
ACC_CUST11145,CUST11145,3,5,18,3,Standard
ACC_CUST11146,CUST11146,5,7,5,2,Standard
ACC_CUST11147,CUST11147,3,7,1,4,Good
ACC_CUST11148,CUST11148,6,5,31,4,Bad
ACC_CUST11149,CUST11149,2,1,8,0,Good
ACC_CUST11150,CUST11150,4,5,9,0,Good
ACC_CUST11151,CUST11151,6,5,12,3,Standard
ACC_CUST11152,CUST11152,5,2,8,0,Good
ACC_CUST11153,CUST11153,6,6,9,2,Standard
ACC_CUST11154,CUST11154,2,2,1,2,Good
ACC_CUST11155,CUST11155,7,4,14,0,Standard
ACC_CUST11156,CUST11156,3,7,19,3,Standard
ACC_CUST11157,CUST11157,8,6,25,7,Bad
ACC_CUST11160,CUST11160,3,3,6,0,Good
ACC_CUST11161,CUST11161,7,8,30,7,Bad
ACC_CUST11162,CUST11162,6,5,13,4,Standard
ACC_CUST11163,CUST11163,10,10,33,9,Bad
ACC_CUST11164,CUST11164,0,4,5,1,Good
ACC_CUST11166,CUST11166,5,6,18,5,Standard
ACC_CUST11167,CUST11167,2,3,6,0,Good
ACC_CUST11168,CUST11168,10,7,23,9,Bad
ACC_CUST11169,CUST11169,4,4,10,2,Standard
ACC_CUST11170,CUST11170,5,4,12,3,Good
ACC_CUST11171,CUST11171,6,7,15,0,Standard
ACC_CUST11172,CUST11172,6,3,15,0,Standard
ACC_CUST11173,CUST11173,3,3,6,1,Good
ACC_CUST11175,CUST11175,3,6,5,0,Standard
ACC_CUST11176,CUST11176,0,4,12,1,Good
ACC_CUST11177,CUST11177,2,4,7,0,Good
ACC_CUST11178,CUST11178,9,6,31,5,Bad
ACC_CUST11179,CUST11179,0,3,3,1,Good
ACC_CUST11180,CUST11180,8,5,7,0,Good
ACC_CUST11181,CUST11181,2,4,11,4,Good
ACC_CUST11182,CUST11182,4,7,5,1,Standard
ACC_CUST11183,CUST11183,3,3,10,0,Good
ACC_CUST11184,CUST11184,8,4,19,2,Standard
ACC_CUST11185,CUST11185,7,7,24,7,Bad
ACC_CUST11186,CUST11186,7,5,11,7,Standard
ACC_CUST11188,CUST11188,5,3,19,2,Standard
ACC_CUST11189,CUST11189,9,6,18,6,Bad
ACC_CUST11190,CUST11190,8,7,12,3,Standard
ACC_CUST11191,CUST11191,8,5,16,2,Standard
ACC_CUST11192,CUST11192,8,5,19,9,Bad
ACC_CUST11193,CUST11193,7,8,21,7,Bad
ACC_CUST11194,CUST11194,0,3,10,3,Good
ACC_CUST11195,CUST11195,6,5,24,9,Bad
ACC_CUST11196,CUST11196,10,8,23,4,Bad
ACC_CUST11197,CUST11197,7,5,13,4,Standard
ACC_CUST11198,CUST11198,6,8,20,8,Bad
ACC_CUST11199,CUST11199,7,6,18,3,Standard
ACC_CUST11200,CUST11200,1,5,10,1,Good
ACC_CUST11201,CUST11201,6,10,20,6,Bad
ACC_CUST11202,CUST11202,0,3,1,0,Good
ACC_CUST11203,CUST11203,5,5,16,2,Standard
ACC_CUST11204,CUST11204,8,7,17,1,Standard
ACC_CUST11205,CUST11205,3,1,5,4,Good
ACC_CUST11206,CUST11206,5,5,10,0,Good
ACC_CUST11208,CUST11208,10,8,30,8,Bad
ACC_CUST11209,CUST11209,3,6,7,3,Good
ACC_CUST11210,CUST11210,9,10,20,2,Standard
ACC_CUST11211,CUST11211,7,9,26,8,Bad
ACC_CUST11212,CUST11212,6,3,8,0,Standard
ACC_CUST11213,CUST11213,5,5,7,4,Standard
ACC_CUST11214,CUST11214,5,7,10,4,Good
ACC_CUST11215,CUST11215,4,4,4,2,Good
ACC_CUST11216,CUST11216,2,1,6,1,Good
ACC_CUST11217,CUST11217,6,5,12,2,Standard
ACC_CUST11219,CUST11219,1,3,5,0,Good
ACC_CUST11220,CUST11220,5,3,2,0,Good
ACC_CUST11223,CUST11223,10,5,31,9,Bad
ACC_CUST11224,CUST11224,7,7,11,4,Standard
ACC_CUST11225,CUST11225,4,6,5,2,Good
ACC_CUST11226,CUST11226,3,7,14,2,Standard
ACC_CUST11227,CUST11227,6,7,16,5,Bad
ACC_CUST11228,CUST11228,6,5,11,2,Standard
ACC_CUST11229,CUST11229,4,3,17,4,Standard
ACC_CUST11230,CUST11230,0,5,4,4,Good
ACC_CUST11231,CUST11231,9,9,34,6,Bad
ACC_CUST11232,CUST11232,0,5,5,0,Good
ACC_CUST11233,CUST11233,6,9,30,8,Bad
ACC_CUST11234,CUST11234,6,10,22,5,Bad
ACC_CUST11235,CUST11235,4,3,5,2,Good
ACC_CUST11236,CUST11236,0,5,6,1,Good
ACC_CUST11237,CUST11237,2,7,1,0,Good
ACC_CUST11238,CUST11238,3,7,20,1,Standard
ACC_CUST11239,CUST11239,7,7,9,3,Standard
ACC_CUST11240,CUST11240,4,5,16,2,Standard
ACC_CUST11241,CUST11241,4,4,9,2,Standard
ACC_CUST11242,CUST11242,6,5,31,5,Bad
ACC_CUST11243,CUST11243,6,7,3,4,Good
ACC_CUST11244,CUST11244,4,4,19,4,Standard
ACC_CUST11245,CUST11245,6,8,15,9,Bad
ACC_CUST11246,CUST11246,6,7,15,6,Standard
ACC_CUST11247,CUST11247,0,3,1,2,Good
ACC_CUST11248,CUST11248,6,7,18,0,Standard
ACC_CUST11249,CUST11249,3,4,5,4,Good
ACC_CUST11250,CUST11250,6,4,6,2,Standard
ACC_CUST11251,CUST11251,6,6,9,4,Standard
ACC_CUST11252,CUST11252,6,7,28,5,Standard
ACC_CUST11253,CUST11253,5,6,6,6,Standard
ACC_CUST11254,CUST11254,5,4,7,2,Good
ACC_CUST11255,CUST11255,6,6,28,6,Bad
ACC_CUST11256,CUST11256,3,3,6,3,Standard
ACC_CUST11257,CUST11257,4,6,10,1,Standard
ACC_CUST11259,CUST11259,9,6,26,6,Bad
ACC_CUST11260,CUST11260,8,5,18,6,Bad
ACC_CUST11262,CUST11262,5,4,17,2,Standard
ACC_CUST11264,CUST11264,4,7,20,0,Standard
ACC_CUST11265,CUST11265,10,8,34,3,Standard
ACC_CUST11266,CUST11266,2,1,9,0,Good
ACC_CUST11267,CUST11267,7,5,33,2,Bad
ACC_CUST11268,CUST11268,4,5,8,0,Good
ACC_CUST11270,CUST11270,8,7,13,1,Standard
ACC_CUST11271,CUST11271,7,6,21,3,Standard
ACC_CUST11272,CUST11272,4,4,19,2,Standard
ACC_CUST11273,CUST11273,7,7,19,3,Standard
ACC_CUST11274,CUST11274,4,6,10,4,Good
ACC_CUST11275,CUST11275,8,4,17,2,Standard
ACC_CUST11276,CUST11276,6,5,19,1,Standard
ACC_CUST11277,CUST11277,6,7,11,2,Standard
ACC_CUST11278,CUST11278,2,1,12,0,Good
ACC_CUST11279,CUST11279,5,5,14,1,Standard
ACC_CUST11280,CUST11280,9,5,30,7,Bad
ACC_CUST11281,CUST11281,0,4,6,0,Good
ACC_CUST11282,CUST11282,8,6,6,4,Standard
ACC_CUST11283,CUST11283,0,3,7,1,Good
ACC_CUST11284,CUST11284,3,3,8,1,Good
ACC_CUST11285,CUST11285,8,5,18,8,Bad
ACC_CUST11286,CUST11286,5,4,10,7,Standard
ACC_CUST11287,CUST11287,7,4,8,1,Good
ACC_CUST11288,CUST11288,1,3,6,0,Good
ACC_CUST11289,CUST11289,10,7,22,4,Bad
ACC_CUST11290,CUST11290,5,5,7,2,Standard
ACC_CUST11291,CUST11291,8,5,26,2,Standard
ACC_CUST11292,CUST11292,4,3,5,2,Standard
ACC_CUST11294,CUST11294,10,5,29,5,Bad
ACC_CUST11295,CUST11295,6,5,11,1,Standard
ACC_CUST11296,CUST11296,3,5,11,3,Standard
ACC_CUST11297,CUST11297,5,4,23,2,Standard
ACC_CUST11298,CUST11298,10,10,26,8,Bad
ACC_CUST11299,CUST11299,0,7,1,3,Good
ACC_CUST11300,CUST11300,9,9,29,5,Bad
ACC_CUST11301,CUST11301,8,6,8,3,Standard
ACC_CUST11303,CUST11303,5,3,7,3,Good
ACC_CUST11304,CUST11304,1,4,4,3,Good
ACC_CUST11305,CUST11305,3,5,9,1,Standard
ACC_CUST11306,CUST11306,5,3,11,1,Good
ACC_CUST11307,CUST11307,4,5,19,2,Standard
ACC_CUST11308,CUST11308,4,6,6,3,Good
ACC_CUST11309,CUST11309,3,3,8,1,Standard
ACC_CUST11310,CUST11310,7,3,10,3,Standard
ACC_CUST11311,CUST11311,1,5,10,3,Good
ACC_CUST11312,CUST11312,7,5,24,3,Bad
ACC_CUST11313,CUST11313,3,5,7,3,Good
ACC_CUST11314,CUST11314,9,9,17,9,Bad
ACC_CUST11315,CUST11315,8,5,32,6,Standard
ACC_CUST11316,CUST11316,10,8,24,9,Bad
ACC_CUST11317,CUST11317,6,3,11,0,Standard
ACC_CUST11318,CUST11318,8,4,22,2,Standard
ACC_CUST11319,CUST11319,6,6,9,4,Standard
ACC_CUST11320,CUST11320,7,5,8,3,Standard
ACC_CUST11321,CUST11321,3,4,19,0,Standard
ACC_CUST11322,CUST11322,8,6,16,5,Bad
ACC_CUST11323,CUST11323,4,6,2,0,Good
ACC_CUST11324,CUST11324,7,6,22,6,Bad
ACC_CUST11325,CUST11325,6,7,18,4,Standard
ACC_CUST11326,CUST11326,5,5,15,5,Standard
ACC_CUST11327,CUST11327,9,10,32,7,Bad
ACC_CUST11328,CUST11328,6,5,12,3,Standard
ACC_CUST11330,CUST11330,10,5,27,6,Bad
ACC_CUST11331,CUST11331,8,10,18,7,Bad
ACC_CUST11332,CUST11332,10,5,20,6,Bad
ACC_CUST11335,CUST11335,3,4,10,1,Good
ACC_CUST11336,CUST11336,8,6,15,3,Standard
ACC_CUST11337,CUST11337,4,6,18,1,Standard
ACC_CUST11338,CUST11338,3,4,11,3,Standard
ACC_CUST11339,CUST11339,3,5,15,3,Standard
ACC_CUST11340,CUST11340,7,5,5,4,Standard
ACC_CUST11341,CUST11341,7,4,20,2,Standard
ACC_CUST11342,CUST11342,5,6,17,1,Standard
ACC_CUST11343,CUST11343,2,5,11,0,Good
ACC_CUST11344,CUST11344,7,3,9,3,Good
ACC_CUST11345,CUST11345,6,4,6,3,Standard
ACC_CUST11346,CUST11346,6,3,10,3,Standard
ACC_CUST11347,CUST11347,8,5,23,5,Bad
ACC_CUST11348,CUST11348,3,4,10,0,Standard
ACC_CUST11349,CUST11349,8,7,16,0,Standard
ACC_CUST11350,CUST11350,5,1,4,1,Good
ACC_CUST11351,CUST11351,6,3,6,4,Standard
ACC_CUST11352,CUST11352,9,10,21,3,Standard
ACC_CUST11353,CUST11353,4,1,4,3,Good
ACC_CUST11354,CUST11354,5,5,8,3,Standard
ACC_CUST11355,CUST11355,3,4,20,1,Standard
ACC_CUST11357,CUST11357,10,7,30,9,Bad
ACC_CUST11358,CUST11358,2,4,2,3,Good
ACC_CUST11359,CUST11359,4,6,4,2,Good
ACC_CUST11360,CUST11360,1,2,1,2,Good
ACC_CUST11361,CUST11361,10,8,24,6,Bad
ACC_CUST11362,CUST11362,7,7,19,8,Bad
ACC_CUST11363,CUST11363,6,7,26,5,Bad
ACC_CUST11364,CUST11364,10,10,34,6,Bad
ACC_CUST11365,CUST11365,4,7,8,2,Standard
ACC_CUST11366,CUST11366,6,7,7,7,Standard
ACC_CUST11367,CUST11367,8,4,16,3,Standard
ACC_CUST11368,CUST11368,2,3,7,1,Good
ACC_CUST11369,CUST11369,10,5,34,9,Bad
ACC_CUST11370,CUST11370,8,5,34,3,Standard
ACC_CUST11371,CUST11371,5,6,11,6,Standard
ACC_CUST11372,CUST11372,10,9,26,6,Bad
ACC_CUST11373,CUST11373,4,4,12,6,Standard
ACC_CUST11374,CUST11374,5,6,11,2,Good
ACC_CUST11375,CUST11375,4,3,10,3,Good
ACC_CUST11376,CUST11376,4,4,15,4,Standard
ACC_CUST11377,CUST11377,2,7,8,3,Good
ACC_CUST11378,CUST11378,8,5,12,0,Standard
ACC_CUST11379,CUST11379,4,6,8,2,Good
ACC_CUST11380,CUST11380,7,6,12,2,Standard
ACC_CUST11381,CUST11381,8,4,7,2,Standard
ACC_CUST11382,CUST11382,6,5,12,1,Standard
ACC_CUST11383,CUST11383,0,4,3,3,Good
ACC_CUST11384,CUST11384,3,2,8,0,Good
ACC_CUST11385,CUST11385,8,5,17,2,Standard
ACC_CUST11386,CUST11386,7,7,16,2,Standard
ACC_CUST11387,CUST11387,4,5,2,4,Good
ACC_CUST11388,CUST11388,6,9,22,5,Bad
ACC_CUST11389,CUST11389,6,6,12,0,Standard
ACC_CUST11390,CUST11390,6,3,14,3,Standard
ACC_CUST11391,CUST11391,1,6,9,3,Good
ACC_CUST11392,CUST11392,1,4,5,1,Good
ACC_CUST11394,CUST11394,5,7,5,1,Standard
ACC_CUST11395,CUST11395,2,4,12,0,Good
ACC_CUST11397,CUST11397,5,5,2,2,Good
ACC_CUST11399,CUST11399,4,5,10,0,Good
ACC_CUST11400,CUST11400,4,4,19,0,Standard
ACC_CUST11401,CUST11401,7,8,29,5,Standard
ACC_CUST11402,CUST11402,8,3,11,4,Standard
ACC_CUST11403,CUST11403,4,2,1,2,Good
ACC_CUST11404,CUST11404,3,2,10,2,Good
ACC_CUST11405,CUST11405,4,5,12,3,Standard
ACC_CUST11408,CUST11408,3,3,20,1,Standard
ACC_CUST11410,CUST11410,8,4,15,4,Standard
ACC_CUST11411,CUST11411,3,3,9,0,Good
ACC_CUST11412,CUST11412,8,6,29,6,Bad
ACC_CUST11413,CUST11413,3,6,12,4,Standard
ACC_CUST11414,CUST11414,8,4,13,1,Standard
ACC_CUST11415,CUST11415,8,4,7,1,Standard
ACC_CUST11416,CUST11416,8,5,31,5,Standard
ACC_CUST11417,CUST11417,4,3,2,1,Good
ACC_CUST11418,CUST11418,2,4,8,2,Good
ACC_CUST11419,CUST11419,4,6,18,1,Standard
ACC_CUST11420,CUST11420,1,4,1,2,Good
ACC_CUST11421,CUST11421,6,10,23,2,Standard
ACC_CUST11422,CUST11422,10,6,31,9,Bad
ACC_CUST11423,CUST11423,9,9,24,6,Bad
ACC_CUST11424,CUST11424,0,5,1,3,Good
ACC_CUST11425,CUST11425,7,5,17,8,Bad
ACC_CUST11426,CUST11426,7,8,20,8,Bad
ACC_CUST11427,CUST11427,5,7,10,4,Standard
ACC_CUST11428,CUST11428,2,3,6,0,Good
ACC_CUST11429,CUST11429,7,7,8,0,Standard
ACC_CUST11430,CUST11430,5,5,1,0,Good
ACC_CUST11431,CUST11431,7,10,24,6,Bad
ACC_CUST11432,CUST11432,8,4,12,0,Standard
ACC_CUST11433,CUST11433,4,5,11,2,Good
ACC_CUST11434,CUST11434,1,2,11,2,Good
ACC_CUST11435,CUST11435,7,8,31,8,Bad
ACC_CUST11436,CUST11436,10,9,33,6,Bad
ACC_CUST11437,CUST11437,6,6,10,1,Standard
ACC_CUST11438,CUST11438,8,10,22,8,Bad
ACC_CUST11440,CUST11440,5,7,7,2,Standard
ACC_CUST11441,CUST11441,5,3,12,2,Good
ACC_CUST11442,CUST11442,4,4,4,2,Good
ACC_CUST11444,CUST11444,3,3,9,0,Standard
ACC_CUST11445,CUST11445,5,6,18,1,Standard
ACC_CUST11447,CUST11447,7,6,7,4,Standard
ACC_CUST11448,CUST11448,4,6,11,0,Standard
ACC_CUST11449,CUST11449,10,6,23,9,Bad
ACC_CUST11451,CUST11451,8,3,10,4,Standard
ACC_CUST11452,CUST11452,3,7,18,3,Standard
ACC_CUST11453,CUST11453,10,10,28,9,Bad
ACC_CUST11454,CUST11454,4,5,9,6,Standard
ACC_CUST11455,CUST11455,8,6,5,5,Standard
ACC_CUST11456,CUST11456,7,7,23,6,Standard
ACC_CUST11457,CUST11457,3,6,1,0,Good
ACC_CUST11458,CUST11458,7,6,20,2,Standard
ACC_CUST11459,CUST11459,7,5,8,0,Good
ACC_CUST11460,CUST11460,5,7,19,2,Standard
ACC_CUST11461,CUST11461,4,5,9,1,Standard
ACC_CUST11462,CUST11462,6,7,3,1,Standard
ACC_CUST11463,CUST11463,3,5,5,3,Good
ACC_CUST11464,CUST11464,2,5,4,2,Good
ACC_CUST11465,CUST11465,5,7,5,3,Standard
ACC_CUST11466,CUST11466,4,5,5,0,Good
ACC_CUST11467,CUST11467,0,3,1,3,Good
ACC_CUST11468,CUST11468,4,4,10,1,Standard
ACC_CUST11469,CUST11469,3,4,1,2,Good
ACC_CUST11470,CUST11470,6,6,10,2,Standard
ACC_CUST11471,CUST11471,4,3,26,6,Standard
ACC_CUST11472,CUST11472,4,5,9,0,Good
ACC_CUST11473,CUST11473,3,5,20,1,Standard
ACC_CUST11474,CUST11474,3,5,19,4,Standard
ACC_CUST11475,CUST11475,4,3,15,2,Standard
ACC_CUST11476,CUST11476,5,3,6,3,Standard
ACC_CUST11477,CUST11477,3,6,10,1,Standard
ACC_CUST11478,CUST11478,7,6,8,4,Standard
ACC_CUST11479,CUST11479,4,3,7,2,Good
ACC_CUST11480,CUST11480,9,5,28,8,Bad
ACC_CUST11481,CUST11481,10,10,31,6,Bad
ACC_CUST11482,CUST11482,6,6,1,0,Standard
ACC_CUST11484,CUST11484,3,5,4,2,Good
ACC_CUST11485,CUST11485,7,8,34,5,Bad
ACC_CUST11486,CUST11486,0,5,5,4,Good
ACC_CUST11487,CUST11487,7,10,31,7,Standard
ACC_CUST11488,CUST11488,6,10,28,5,Standard
ACC_CUST11489,CUST11489,5,3,8,3,Good
ACC_CUST11490,CUST11490,3,6,18,4,Standard
ACC_CUST11491,CUST11491,8,10,15,8,Bad
ACC_CUST11492,CUST11492,7,6,8,4,Standard
ACC_CUST11493,CUST11493,7,5,30,2,Standard
ACC_CUST11494,CUST11494,0,5,9,4,Good
ACC_CUST11495,CUST11495,6,7,17,2,Bad
ACC_CUST11496,CUST11496,0,1,11,1,Good
ACC_CUST11497,CUST11497,6,9,21,7,Standard
ACC_CUST11498,CUST11498,5,3,15,0,Standard
ACC_CUST11499,CUST11499,3,7,12,0,Standard
ACC_CUST11500,CUST11500,8,4,13,2,Standard
ACC_CUST11501,CUST11501,5,4,16,2,Standard
ACC_CUST11502,CUST11502,3,6,24,6,Standard
ACC_CUST11504,CUST11504,0,4,2,0,Good
ACC_CUST11505,CUST11505,3,3,8,1,Standard
ACC_CUST11506,CUST11506,1,3,12,4,Good
ACC_CUST11507,CUST11507,10,6,34,5,Bad
ACC_CUST11508,CUST11508,4,7,12,2,Good
ACC_CUST11509,CUST11509,6,7,8,1,Standard
ACC_CUST11510,CUST11510,1,2,4,1,Good
ACC_CUST11511,CUST11511,5,4,9,2,Good
ACC_CUST11512,CUST11512,1,5,4,2,Good
ACC_CUST11513,CUST11513,3,2,10,0,Good
ACC_CUST11514,CUST11514,4,2,12,2,Good
ACC_CUST11515,CUST11515,5,5,25,5,Standard
ACC_CUST11516,CUST11516,4,6,3,4,Good
ACC_CUST11517,CUST11517,3,4,17,4,Standard
ACC_CUST11518,CUST11518,6,7,31,6,Bad
ACC_CUST11519,CUST11519,5,8,18,6,Standard
ACC_CUST11520,CUST11520,5,4,1,3,Good
ACC_CUST11521,CUST11521,7,8,15,6,Bad
ACC_CUST11522,CUST11522,9,6,22,5,Bad
ACC_CUST11523,CUST11523,6,6,19,4,Standard
ACC_CUST11524,CUST11524,7,4,21,5,Standard
ACC_CUST11525,CUST11525,4,4,10,0,Standard
ACC_CUST11526,CUST11526,3,3,16,3,Standard
ACC_CUST11527,CUST11527,5,2,4,0,Good
ACC_CUST11528,CUST11528,7,4,12,1,Standard
ACC_CUST11529,CUST11529,4,4,18,2,Standard
ACC_CUST11530,CUST11530,6,3,19,6,Standard
ACC_CUST11531,CUST11531,7,7,12,3,Good
ACC_CUST11532,CUST11532,5,5,17,3,Standard
ACC_CUST11533,CUST11533,6,7,5,4,Standard
ACC_CUST11534,CUST11534,3,3,7,4,Good
ACC_CUST11535,CUST11535,3,3,5,2,Standard
ACC_CUST11537,CUST11537,3,2,8,2,Good
ACC_CUST11538,CUST11538,3,6,4,0,Good
ACC_CUST11539,CUST11539,6,4,17,2,Standard
ACC_CUST11540,CUST11540,7,3,15,3,Standard
ACC_CUST11541,CUST11541,10,7,19,7,Bad
ACC_CUST11542,CUST11542,7,3,7,4,Standard
ACC_CUST11544,CUST11544,6,10,30,3,Standard
ACC_CUST11545,CUST11545,8,9,28,8,Bad
ACC_CUST11546,CUST11546,4,4,11,0,Good
ACC_CUST11547,CUST11547,5,6,18,4,Standard
ACC_CUST11548,CUST11548,4,6,7,3,Standard
ACC_CUST11550,CUST11550,5,1,7,1,Good
ACC_CUST11551,CUST11551,6,7,25,5,Bad
ACC_CUST11552,CUST11552,4,4,2,4,Good
ACC_CUST11553,CUST11553,1,4,4,1,Good
ACC_CUST11554,CUST11554,4,2,5,2,Good
ACC_CUST11555,CUST11555,5,7,14,4,Standard
ACC_CUST11556,CUST11556,8,6,22,7,Bad
ACC_CUST11557,CUST11557,4,5,8,4,Standard
ACC_CUST11558,CUST11558,7,7,30,5,Bad
ACC_CUST11559,CUST11559,1,4,3,3,Good
ACC_CUST11560,CUST11560,3,6,6,2,Standard
ACC_CUST11562,CUST11562,9,9,31,7,Bad
ACC_CUST11563,CUST11563,6,4,34,3,Standard
ACC_CUST11564,CUST11564,3,5,10,4,Standard
ACC_CUST11565,CUST11565,4,4,10,0,Good
ACC_CUST11566,CUST11566,6,3,33,5,Standard
ACC_CUST11567,CUST11567,3,3,12,1,Good
ACC_CUST11568,CUST11568,6,4,12,2,Standard
ACC_CUST11570,CUST11570,4,5,2,4,Good
ACC_CUST11571,CUST11571,6,3,16,6,Standard
ACC_CUST11572,CUST11572,10,9,16,5,Standard
ACC_CUST11573,CUST11573,7,6,12,1,Standard
ACC_CUST11574,CUST11574,6,6,28,5,Bad
ACC_CUST11575,CUST11575,6,6,30,5,Bad
ACC_CUST11576,CUST11576,6,7,13,2,Standard
ACC_CUST11577,CUST11577,10,10,17,8,Bad
ACC_CUST11578,CUST11578,5,10,30,7,Standard
ACC_CUST11579,CUST11579,7,5,27,8,Bad
ACC_CUST11580,CUST11580,5,5,12,0,Good
ACC_CUST11581,CUST11581,6,7,6,2,Good
ACC_CUST11582,CUST11582,6,3,9,3,Standard
ACC_CUST11583,CUST11583,2,4,12,2,Good
ACC_CUST11584,CUST11584,5,3,5,0,Good
ACC_CUST11585,CUST11585,5,4,1,4,Good
ACC_CUST11586,CUST11586,8,3,14,0,Standard
ACC_CUST11587,CUST11587,5,5,16,2,Standard
ACC_CUST11588,CUST11588,4,5,11,3,Standard
ACC_CUST11589,CUST11589,3,7,7,0,Good
ACC_CUST11591,CUST11591,2,3,9,1,Good
ACC_CUST11592,CUST11592,3,3,33,4,Standard
ACC_CUST11593,CUST11593,3,3,12,4,Standard
ACC_CUST11594,CUST11594,3,5,21,3,Standard
ACC_CUST11595,CUST11595,0,3,1,2,Good
ACC_CUST11596,CUST11596,8,3,10,4,Standard
ACC_CUST11597,CUST11597,3,3,4,2,Good
ACC_CUST11598,CUST11598,4,3,7,2,Good
ACC_CUST11599,CUST11599,8,3,13,4,Standard
ACC_CUST11600,CUST11600,8,3,1,0,Good
ACC_CUST11601,CUST11601,2,3,2,1,Good
ACC_CUST11602,CUST11602,5,3,26,6,Standard
ACC_CUST11603,CUST11603,8,7,10,3,Standard
ACC_CUST11604,CUST11604,5,10,15,3,Standard
ACC_CUST11605,CUST11605,5,6,8,2,Good
ACC_CUST11606,CUST11606,4,6,8,4,Standard
ACC_CUST11607,CUST11607,8,8,29,5,Standard
ACC_CUST11608,CUST11608,7,8,24,3,Standard
ACC_CUST11610,CUST11610,6,6,31,7,Bad
ACC_CUST11611,CUST11611,3,6,3,2,Standard
ACC_CUST11612,CUST11612,4,4,13,1,Standard
ACC_CUST11613,CUST11613,6,10,33,5,Standard
ACC_CUST11615,CUST11615,4,5,2,1,Good
ACC_CUST11616,CUST11616,10,10,25,7,Bad
ACC_CUST11617,CUST11617,4,7,10,1,Standard
ACC_CUST11618,CUST11618,8,3,11,2,Standard
ACC_CUST11619,CUST11619,7,7,30,7,Bad
ACC_CUST11620,CUST11620,6,7,15,3,Standard
ACC_CUST11621,CUST11621,4,3,20,1,Standard
ACC_CUST11622,CUST11622,2,4,4,2,Good
ACC_CUST11624,CUST11624,1,2,12,4,Good
ACC_CUST11625,CUST11625,6,6,22,2,Standard
ACC_CUST11626,CUST11626,8,7,17,0,Standard
ACC_CUST11627,CUST11627,9,8,33,7,Bad
ACC_CUST11628,CUST11628,4,3,19,3,Standard
ACC_CUST11629,CUST11629,9,7,20,9,Bad
ACC_CUST11630,CUST11630,0,7,6,3,Good
ACC_CUST11631,CUST11631,6,4,12,6,Standard
ACC_CUST11632,CUST11632,8,5,10,3,Standard
ACC_CUST11633,CUST11633,10,9,28,9,Bad
ACC_CUST11634,CUST11634,0,3,1,1,Good
ACC_CUST11635,CUST11635,1,3,9,2,Good
ACC_CUST11636,CUST11636,8,7,34,9,Bad
ACC_CUST11637,CUST11637,5,3,9,4,Good
ACC_CUST11638,CUST11638,8,10,22,6,Bad
ACC_CUST11639,CUST11639,2,1,2,0,Good
ACC_CUST11640,CUST11640,6,6,6,3,Standard
ACC_CUST11641,CUST11641,4,1,6,0,Good
ACC_CUST11642,CUST11642,6,6,32,8,Bad
ACC_CUST11643,CUST11643,5,4,17,6,Standard
ACC_CUST11644,CUST11644,5,3,4,4,Good
ACC_CUST11645,CUST11645,6,7,10,1,Standard
ACC_CUST11646,CUST11646,8,3,19,1,Standard
ACC_CUST11647,CUST11647,6,7,7,4,Standard
ACC_CUST11648,CUST11648,3,3,17,1,Standard
ACC_CUST11649,CUST11649,7,9,34,8,Bad
ACC_CUST11650,CUST11650,8,10,24,4,Bad
ACC_CUST11651,CUST11651,8,8,22,6,Bad
ACC_CUST11652,CUST11652,2,7,7,2,Good
ACC_CUST11653,CUST11653,5,5,8,0,Good
ACC_CUST11654,CUST11654,4,2,8,4,Good
ACC_CUST11655,CUST11655,3,4,11,0,Good
ACC_CUST11656,CUST11656,8,7,11,7,Standard
ACC_CUST11657,CUST11657,10,5,27,6,Bad
ACC_CUST11658,CUST11658,1,6,1,3,Good
ACC_CUST11659,CUST11659,7,3,7,5,Standard
ACC_CUST11660,CUST11660,6,7,2,0,Good
ACC_CUST11661,CUST11661,6,3,12,2,Standard
ACC_CUST11662,CUST11662,9,10,32,2,Standard
ACC_CUST11663,CUST11663,1,7,2,4,Good
ACC_CUST11664,CUST11664,3,4,5,1,Standard
ACC_CUST11665,CUST11665,6,5,29,6,Bad
ACC_CUST11666,CUST11666,5,3,12,2,Standard
ACC_CUST11667,CUST11667,7,7,15,4,Standard
ACC_CUST11668,CUST11668,4,6,4,1,Good
ACC_CUST11669,CUST11669,4,3,17,0,Standard
ACC_CUST11670,CUST11670,5,5,16,4,Standard
ACC_CUST11671,CUST11671,9,6,19,3,Bad
ACC_CUST11672,CUST11672,2,3,8,2,Good
ACC_CUST11673,CUST11673,0,3,8,1,Good
ACC_CUST11674,CUST11674,3,5,16,4,Standard
ACC_CUST11676,CUST11676,8,5,16,0,Standard
ACC_CUST11677,CUST11677,10,10,22,2,Standard
ACC_CUST11678,CUST11678,6,4,14,3,Standard
ACC_CUST11679,CUST11679,10,8,19,9,Bad
ACC_CUST11680,CUST11680,3,9,17,2,Standard
ACC_CUST11681,CUST11681,1,4,3,1,Good
ACC_CUST11682,CUST11682,7,8,29,9,Bad
ACC_CUST11683,CUST11683,8,5,6,2,Standard
ACC_CUST11684,CUST11684,3,5,11,0,Good
ACC_CUST11685,CUST11685,7,6,30,8,Bad
ACC_CUST11687,CUST11687,7,3,8,4,Standard
ACC_CUST11688,CUST11688,5,7,15,5,Standard
ACC_CUST11689,CUST11689,9,5,20,7,Standard
ACC_CUST11690,CUST11690,5,7,8,0,Good
ACC_CUST11691,CUST11691,2,3,2,3,Good
ACC_CUST11692,CUST11692,7,5,26,6,Bad
ACC_CUST11693,CUST11693,2,4,12,0,Good
ACC_CUST11695,CUST11695,9,7,21,8,Bad
ACC_CUST11696,CUST11696,10,7,24,6,Bad
ACC_CUST11697,CUST11697,1,3,11,2,Good
ACC_CUST11698,CUST11698,7,3,5,2,Standard
ACC_CUST11699,CUST11699,2,7,7,0,Good
ACC_CUST11700,CUST11700,3,4,4,4,Good
ACC_CUST11701,CUST11701,5,7,4,1,Good
ACC_CUST11702,CUST11702,3,7,1,0,Good
ACC_CUST11704,CUST11704,4,4,6,2,Standard
ACC_CUST11705,CUST11705,9,6,22,5,Standard
ACC_CUST11706,CUST11706,6,6,10,2,Standard
ACC_CUST11707,CUST11707,10,7,16,6,Bad
ACC_CUST11708,CUST11708,4,5,19,1,Standard
ACC_CUST11709,CUST11709,4,5,10,4,Good
ACC_CUST11710,CUST11710,4,7,4,1,Good
ACC_CUST11711,CUST11711,6,7,32,9,Bad
ACC_CUST11712,CUST11712,5,6,9,2,Standard
ACC_CUST11713,CUST11713,1,3,7,2,Good
ACC_CUST11714,CUST11714,3,5,11,4,Good
ACC_CUST11715,CUST11715,9,8,23,3,Standard
ACC_CUST11716,CUST11716,10,9,24,6,Bad
ACC_CUST11718,CUST11718,8,6,34,8,Bad
ACC_CUST11719,CUST11719,0,4,8,4,Good
ACC_CUST11720,CUST11720,1,3,4,1,Good
ACC_CUST11721,CUST11721,4,3,7,1,Good
ACC_CUST11722,CUST11722,5,7,18,4,Standard
ACC_CUST11723,CUST11723,2,5,1,4,Good
ACC_CUST11724,CUST11724,5,7,12,4,Standard
ACC_CUST11725,CUST11725,9,5,21,9,Bad
ACC_CUST11726,CUST11726,3,1,8,2,Good
ACC_CUST11727,CUST11727,8,7,9,3,Standard
ACC_CUST11728,CUST11728,8,9,29,3,Standard
ACC_CUST11729,CUST11729,2,5,9,2,Good
ACC_CUST11730,CUST11730,2,4,1,2,Good
ACC_CUST11731,CUST11731,4,5,20,2,Standard
ACC_CUST11732,CUST11732,7,4,17,2,Standard
ACC_CUST11733,CUST11733,6,4,14,2,Standard
ACC_CUST11734,CUST11734,4,4,19,6,Standard
ACC_CUST11735,CUST11735,4,4,14,4,Standard
ACC_CUST11736,CUST11736,6,9,24,2,Bad
ACC_CUST11737,CUST11737,5,4,5,1,Good
ACC_CUST11738,CUST11738,5,5,6,1,Good
ACC_CUST11739,CUST11739,8,5,24,9,Bad
ACC_CUST11740,CUST11740,3,7,2,1,Good
ACC_CUST11741,CUST11741,4,3,18,4,Standard
ACC_CUST11742,CUST11742,8,5,6,4,Standard
ACC_CUST11744,CUST11744,2,5,8,1,Good
ACC_CUST11745,CUST11745,8,5,29,7,Bad
ACC_CUST11746,CUST11746,7,5,19,6,Bad
ACC_CUST11747,CUST11747,6,7,34,5,Bad
ACC_CUST11748,CUST11748,1,7,5,3,Good
ACC_CUST11749,CUST11749,5,5,14,3,Standard
ACC_CUST11750,CUST11750,3,6,16,3,Standard
ACC_CUST11751,CUST11751,3,4,11,0,Standard
ACC_CUST11752,CUST11752,4,6,6,1,Standard
ACC_CUST11753,CUST11753,7,10,34,9,Bad
ACC_CUST11754,CUST11754,3,6,6,3,Good
ACC_CUST11755,CUST11755,6,9,23,7,Bad
ACC_CUST11756,CUST11756,5,3,20,0,Standard
ACC_CUST11757,CUST11757,1,5,9,1,Good
ACC_CUST11758,CUST11758,1,7,7,1,Good
ACC_CUST11759,CUST11759,4,4,7,1,Good
ACC_CUST11760,CUST11760,6,9,30,7,Standard
ACC_CUST11761,CUST11761,2,6,7,1,Good
ACC_CUST11762,CUST11762,8,5,24,6,Bad
ACC_CUST11763,CUST11763,10,7,18,3,Standard
ACC_CUST11764,CUST11764,4,4,8,4,Standard
ACC_CUST11766,CUST11766,6,7,5,3,Standard
ACC_CUST11767,CUST11767,10,6,24,9,Bad
ACC_CUST11769,CUST11769,4,7,27,3,Standard
ACC_CUST11771,CUST11771,4,7,2,4,Good
ACC_CUST11772,CUST11772,4,5,1,0,Good
ACC_CUST11773,CUST11773,6,6,13,3,Standard
ACC_CUST11774,CUST11774,8,4,1,3,Standard
ACC_CUST11776,CUST11776,0,4,9,2,Good
ACC_CUST11778,CUST11778,7,6,6,1,Standard
ACC_CUST11779,CUST11779,7,6,10,4,Standard
ACC_CUST11780,CUST11780,3,5,14,0,Standard
ACC_CUST11781,CUST11781,4,4,2,3,Good
ACC_CUST11783,CUST11783,8,6,5,4,Standard
ACC_CUST11784,CUST11784,5,4,6,0,Good
ACC_CUST11785,CUST11785,3,5,3,1,Good
ACC_CUST11786,CUST11786,1,1,1,2,Good
ACC_CUST11787,CUST11787,3,7,5,2,Good
ACC_CUST11788,CUST11788,8,3,9,4,Standard
ACC_CUST11790,CUST11790,4,3,18,1,Standard
ACC_CUST11791,CUST11791,5,7,8,0,Standard
ACC_CUST11792,CUST11792,5,5,19,3,Standard
ACC_CUST11793,CUST11793,6,3,10,0,Good
ACC_CUST11794,CUST11794,3,5,4,4,Good
ACC_CUST11795,CUST11795,6,9,23,7,Bad
ACC_CUST11796,CUST11796,2,2,1,0,Good
ACC_CUST11797,CUST11797,3,4,8,0,Standard
ACC_CUST11798,CUST11798,8,3,10,2,Standard
ACC_CUST11799,CUST11799,5,3,5,2,Standard
ACC_CUST11800,CUST11800,10,10,22,8,Bad
ACC_CUST11801,CUST11801,5,3,9,2,Good
ACC_CUST11802,CUST11802,10,5,34,8,Bad
ACC_CUST11803,CUST11803,8,4,17,4,Standard
ACC_CUST11804,CUST11804,6,6,19,8,Bad
ACC_CUST11805,CUST11805,8,7,17,3,Standard
ACC_CUST11806,CUST11806,8,9,27,6,Bad
ACC_CUST11807,CUST11807,4,3,9,5,Standard
ACC_CUST11808,CUST11808,8,5,12,0,Standard
ACC_CUST11809,CUST11809,1,4,11,0,Good
ACC_CUST11810,CUST11810,3,5,14,2,Standard
ACC_CUST11811,CUST11811,5,4,12,3,Standard
ACC_CUST11812,CUST11812,6,5,21,2,Bad
ACC_CUST11813,CUST11813,5,4,6,3,Good
ACC_CUST11815,CUST11815,5,4,6,3,Standard
ACC_CUST11816,CUST11816,4,4,16,2,Standard
ACC_CUST11817,CUST11817,7,6,30,7,Bad
ACC_CUST11818,CUST11818,5,3,4,4,Good
ACC_CUST11819,CUST11819,7,6,14,0,Standard
ACC_CUST11820,CUST11820,9,8,26,4,Bad
ACC_CUST11821,CUST11821,8,10,27,6,Bad
ACC_CUST11822,CUST11822,7,3,8,1,Standard
ACC_CUST11823,CUST11823,5,6,12,2,Standard
ACC_CUST11824,CUST11824,7,4,17,0,Standard
ACC_CUST11825,CUST11825,9,7,26,6,Bad
ACC_CUST11826,CUST11826,10,7,21,5,Bad
ACC_CUST11827,CUST11827,5,7,11,7,Standard
ACC_CUST11828,CUST11828,4,5,20,1,Standard
ACC_CUST11831,CUST11831,4,5,5,3,Standard
ACC_CUST11832,CUST11832,3,4,8,0,Good
ACC_CUST11833,CUST11833,1,7,10,3,Good
ACC_CUST11834,CUST11834,8,3,21,4,Standard
ACC_CUST11835,CUST11835,4,3,13,1,Standard
ACC_CUST11836,CUST11836,4,7,2,1,Standard
ACC_CUST11837,CUST11837,9,9,30,6,Bad
ACC_CUST11838,CUST11838,6,7,5,4,Standard
ACC_CUST11839,CUST11839,8,7,20,6,Bad
ACC_CUST11840,CUST11840,7,10,26,5,Bad
ACC_CUST11841,CUST11841,3,4,1,2,Good
ACC_CUST11842,CUST11842,3,4,10,4,Standard
ACC_CUST11843,CUST11843,6,5,14,1,Standard
ACC_CUST11844,CUST11844,7,4,18,3,Standard
ACC_CUST11845,CUST11845,8,4,19,1,Standard
ACC_CUST11846,CUST11846,0,2,11,2,Good
ACC_CUST11847,CUST11847,8,3,19,7,Standard
ACC_CUST11848,CUST11848,10,7,32,2,Bad
ACC_CUST11849,CUST11849,7,4,6,1,Standard
ACC_CUST11850,CUST11850,7,3,1,4,Good
ACC_CUST11851,CUST11851,3,7,15,4,Standard
ACC_CUST11852,CUST11852,5,4,7,6,Standard
ACC_CUST11853,CUST11853,4,7,6,3,Standard
ACC_CUST11854,CUST11854,3,6,6,4,Good
ACC_CUST11855,CUST11855,4,5,11,2,Good
ACC_CUST11856,CUST11856,5,7,8,3,Standard
ACC_CUST11858,CUST11858,3,4,1,3,Good
ACC_CUST11859,CUST11859,8,3,18,4,Standard
ACC_CUST11860,CUST11860,10,7,32,2,Standard
ACC_CUST11861,CUST11861,7,4,18,6,Standard
ACC_CUST11862,CUST11862,10,6,28,5,Bad
ACC_CUST11863,CUST11863,1,1,10,0,Good
ACC_CUST11864,CUST11864,5,7,33,3,Standard
ACC_CUST11865,CUST11865,10,7,34,7,Bad
ACC_CUST11866,CUST11866,3,5,4,1,Good
ACC_CUST11867,CUST11867,4,7,9,3,Good
ACC_CUST11868,CUST11868,0,6,6,3,Good
ACC_CUST11869,CUST11869,7,3,16,1,Standard
ACC_CUST11870,CUST11870,3,3,14,3,Standard
ACC_CUST11871,CUST11871,4,6,12,4,Good
ACC_CUST11872,CUST11872,4,7,11,7,Standard
ACC_CUST11873,CUST11873,4,4,11,1,Good
ACC_CUST11874,CUST11874,3,6,6,2,Good
ACC_CUST11875,CUST11875,7,6,16,0,Standard
ACC_CUST11876,CUST11876,0,5,4,1,Good
ACC_CUST11877,CUST11877,2,4,7,4,Good
ACC_CUST11878,CUST11878,4,6,8,1,Good
ACC_CUST11880,CUST11880,3,3,11,2,Good
ACC_CUST11881,CUST11881,6,5,18,3,Standard
ACC_CUST11883,CUST11883,3,4,13,2,Standard
ACC_CUST11884,CUST11884,5,6,4,1,Standard
ACC_CUST11885,CUST11885,3,4,10,7,Standard
ACC_CUST11886,CUST11886,8,7,32,8,Bad
ACC_CUST11887,CUST11887,7,6,5,2,Standard
ACC_CUST11888,CUST11888,3,3,29,5,Standard
ACC_CUST11889,CUST11889,6,9,22,5,Bad
ACC_CUST11890,CUST11890,1,4,1,2,Good
ACC_CUST11891,CUST11891,5,4,4,1,Good
ACC_CUST11892,CUST11892,5,6,20,4,Standard
ACC_CUST11893,CUST11893,10,10,27,6,Bad
ACC_CUST11894,CUST11894,6,4,19,0,Standard
ACC_CUST11895,CUST11895,6,4,5,1,Standard
ACC_CUST11896,CUST11896,2,7,4,4,Good
ACC_CUST11897,CUST11897,6,10,31,9,Bad
ACC_CUST11898,CUST11898,7,8,15,3,Standard
ACC_CUST11899,CUST11899,7,6,20,0,Standard
ACC_CUST11900,CUST11900,7,3,16,5,Standard
ACC_CUST11901,CUST11901,3,4,5,3,Standard
ACC_CUST11902,CUST11902,5,6,15,4,Standard
ACC_CUST11903,CUST11903,3,3,6,3,Good
ACC_CUST11904,CUST11904,8,8,31,2,Bad
ACC_CUST11905,CUST11905,10,10,16,6,Standard
ACC_CUST11906,CUST11906,9,9,17,5,Bad
ACC_CUST11907,CUST11907,8,10,20,7,Bad
ACC_CUST11908,CUST11908,0,3,6,2,Good
ACC_CUST11909,CUST11909,6,7,25,9,Bad
ACC_CUST11910,CUST11910,6,4,18,0,Standard
ACC_CUST11911,CUST11911,6,8,16,8,Bad
ACC_CUST11912,CUST11912,9,6,26,6,Bad
ACC_CUST11913,CUST11913,8,7,8,4,Standard
ACC_CUST11914,CUST11914,5,3,12,4,Standard
ACC_CUST11915,CUST11915,8,3,17,3,Standard
ACC_CUST11916,CUST11916,5,3,1,1,Good
ACC_CUST11917,CUST11917,3,1,1,2,Good
ACC_CUST11918,CUST11918,8,6,18,1,Standard
ACC_CUST11919,CUST11919,4,6,15,4,Standard
ACC_CUST11920,CUST11920,8,5,18,5,Bad
ACC_CUST11921,CUST11921,7,6,6,1,Standard
ACC_CUST11922,CUST11922,8,4,14,1,Standard
ACC_CUST11923,CUST11923,7,6,11,2,Standard
ACC_CUST11924,CUST11924,6,3,14,3,Standard
ACC_CUST11925,CUST11925,7,7,32,2,Standard
ACC_CUST11926,CUST11926,3,6,12,3,Good
ACC_CUST11927,CUST11927,3,6,9,2,Standard
ACC_CUST11928,CUST11928,3,7,6,4,Good
ACC_CUST11929,CUST11929,10,8,26,3,Standard
ACC_CUST11930,CUST11930,5,6,9,0,Standard
ACC_CUST11931,CUST11931,4,6,5,0,Good
ACC_CUST11932,CUST11932,6,5,34,6,Bad
ACC_CUST11933,CUST11933,1,5,12,2,Good
ACC_CUST11934,CUST11934,1,4,12,3,Good
ACC_CUST11935,CUST11935,4,6,18,6,Standard
ACC_CUST11936,CUST11936,3,6,32,7,Standard
ACC_CUST11937,CUST11937,7,7,6,3,Standard
ACC_CUST11939,CUST11939,6,3,8,5,Standard
ACC_CUST11940,CUST11940,10,10,33,7,Bad
ACC_CUST11941,CUST11941,3,5,10,2,Good
ACC_CUST11942,CUST11942,7,4,3,1,Good
ACC_CUST11943,CUST11943,9,10,21,8,Bad
ACC_CUST11945,CUST11945,7,3,17,5,Standard
ACC_CUST11946,CUST11946,2,3,2,3,Good
ACC_CUST11947,CUST11947,8,6,15,5,Standard
ACC_CUST11948,CUST11948,4,7,29,5,Standard
ACC_CUST11950,CUST11950,4,2,4,2,Good
ACC_CUST11951,CUST11951,4,3,9,1,Good
ACC_CUST11952,CUST11952,9,6,33,5,Bad
ACC_CUST11953,CUST11953,9,9,18,6,Standard
ACC_CUST11954,CUST11954,4,3,5,1,Standard
ACC_CUST11955,CUST11955,4,4,4,0,Good
ACC_CUST11956,CUST11956,7,5,25,7,Standard
ACC_CUST11957,CUST11957,6,6,25,6,Bad
ACC_CUST11958,CUST11958,6,7,13,4,Standard
ACC_CUST11959,CUST11959,4,7,6,2,Good
ACC_CUST11960,CUST11960,8,5,8,6,Standard
ACC_CUST11961,CUST11961,5,4,20,7,Standard
ACC_CUST11962,CUST11962,6,4,9,4,Standard
ACC_CUST11963,CUST11963,8,8,27,2,Bad
ACC_CUST11964,CUST11964,8,4,19,4,Standard
ACC_CUST11965,CUST11965,3,4,12,3,Good
ACC_CUST11966,CUST11966,3,4,10,0,Good
ACC_CUST11967,CUST11967,3,1,3,0,Good
ACC_CUST11968,CUST11968,1,3,3,0,Good
ACC_CUST11969,CUST11969,4,4,8,4,Good
ACC_CUST11971,CUST11971,5,4,5,1,Standard
ACC_CUST11972,CUST11972,7,6,5,7,Standard
ACC_CUST11973,CUST11973,8,6,22,7,Bad
ACC_CUST11974,CUST11974,9,10,15,5,Standard
ACC_CUST11975,CUST11975,6,10,22,7,Bad
ACC_CUST11976,CUST11976,10,7,34,5,Bad
ACC_CUST11977,CUST11977,4,7,3,0,Standard
ACC_CUST11978,CUST11978,9,10,27,6,Bad
ACC_CUST11979,CUST11979,2,2,3,3,Good
ACC_CUST11980,CUST11980,10,5,18,3,Standard
ACC_CUST11981,CUST11981,4,4,10,0,Standard
ACC_CUST11982,CUST11982,7,7,25,6,Standard
ACC_CUST11983,CUST11983,5,7,5,4,Good
ACC_CUST11984,CUST11984,4,4,5,0,Good
ACC_CUST11985,CUST11985,6,10,31,3,Standard
ACC_CUST11986,CUST11986,6,5,11,1,Standard
ACC_CUST11987,CUST11987,3,6,30,5,Standard
ACC_CUST11988,CUST11988,6,7,27,9,Bad
ACC_CUST11989,CUST11989,9,5,19,2,Bad
ACC_CUST11990,CUST11990,3,4,16,2,Standard
ACC_CUST11991,CUST11991,5,4,4,4,Good
ACC_CUST11992,CUST11992,0,6,11,3,Good
ACC_CUST11993,CUST11993,5,4,6,3,Good
ACC_CUST11994,CUST11994,7,9,25,8,Bad
ACC_CUST11995,CUST11995,7,7,6,2,Standard
ACC_CUST11997,CUST11997,4,4,6,0,Standard
ACC_CUST11998,CUST11998,5,1,12,0,Good
ACC_CUST11999,CUST11999,1,7,7,3,Good
ACC_CUST12000,CUST12000,1,4,1,1,Good
ACC_CUST12001,CUST12001,7,7,13,4,Standard
ACC_CUST12002,CUST12002,8,4,19,1,Standard
ACC_CUST12003,CUST12003,6,7,20,6,Bad
ACC_CUST12004,CUST12004,9,9,22,7,Standard
ACC_CUST12005,CUST12005,8,4,16,2,Standard
ACC_CUST12006,CUST12006,0,4,6,0,Good
ACC_CUST12008,CUST12008,1,3,11,4,Good
ACC_CUST12009,CUST12009,6,7,16,6,Standard
ACC_CUST12010,CUST12010,10,9,32,6,Bad
ACC_CUST12013,CUST12013,8,6,6,3,Standard
ACC_CUST12014,CUST12014,9,9,16,8,Bad
ACC_CUST12015,CUST12015,8,6,8,2,Standard
ACC_CUST12016,CUST12016,3,6,10,4,Good
ACC_CUST12017,CUST12017,8,5,17,4,Standard
ACC_CUST12018,CUST12018,4,5,6,1,Good
ACC_CUST12019,CUST12019,10,8,27,2,Standard
ACC_CUST12020,CUST12020,5,2,10,3,Good
ACC_CUST12021,CUST12021,0,6,7,1,Good
ACC_CUST12022,CUST12022,4,1,4,1,Good
ACC_CUST12023,CUST12023,6,3,13,0,Standard
ACC_CUST12024,CUST12024,3,4,13,2,Standard
ACC_CUST12025,CUST12025,6,6,10,2,Standard
ACC_CUST12027,CUST12027,4,5,20,2,Standard
ACC_CUST12028,CUST12028,9,9,28,6,Bad
ACC_CUST12029,CUST12029,3,3,12,2,Good
ACC_CUST12030,CUST12030,2,4,7,3,Good
ACC_CUST12032,CUST12032,8,5,33,6,Bad
ACC_CUST12034,CUST12034,0,4,5,2,Good
ACC_CUST12035,CUST12035,2,4,3,0,Good
ACC_CUST12036,CUST12036,1,7,12,0,Good
ACC_CUST12037,CUST12037,6,5,14,4,Standard
ACC_CUST12038,CUST12038,4,6,14,6,Standard
ACC_CUST12039,CUST12039,2,4,7,2,Good
ACC_CUST12040,CUST12040,0,1,8,4,Good
ACC_CUST12041,CUST12041,7,9,21,7,Standard
ACC_CUST12042,CUST12042,1,6,11,2,Good
ACC_CUST12045,CUST12045,6,5,11,5,Standard
ACC_CUST12046,CUST12046,3,3,11,5,Standard
ACC_CUST12047,CUST12047,4,6,4,4,Good
ACC_CUST12048,CUST12048,9,6,16,9,Bad
ACC_CUST12049,CUST12049,7,3,14,4,Standard
ACC_CUST12050,CUST12050,4,4,8,1,Good
ACC_CUST12051,CUST12051,8,5,24,5,Standard
ACC_CUST12052,CUST12052,3,5,9,0,Standard
ACC_CUST12053,CUST12053,8,4,16,3,Standard
ACC_CUST12054,CUST12054,7,5,13,1,Standard
ACC_CUST12055,CUST12055,5,3,5,0,Good
ACC_CUST12056,CUST12056,3,6,6,0,Standard
ACC_CUST12057,CUST12057,7,6,10,1,Standard
ACC_CUST12058,CUST12058,0,5,12,0,Good
ACC_CUST12059,CUST12059,0,5,2,2,Good
ACC_CUST12060,CUST12060,4,5,3,4,Good
ACC_CUST12061,CUST12061,3,7,2,2,Good
ACC_CUST12062,CUST12062,2,3,3,2,Good
ACC_CUST12063,CUST12063,5,4,15,3,Standard
ACC_CUST12064,CUST12064,10,10,30,2,Bad
ACC_CUST12065,CUST12065,8,5,8,6,Standard
ACC_CUST12066,CUST12066,10,6,34,7,Bad
ACC_CUST12067,CUST12067,4,6,32,2,Standard
ACC_CUST12068,CUST12068,0,5,10,2,Good
ACC_CUST12069,CUST12069,6,5,8,4,Standard
ACC_CUST12071,CUST12071,8,4,12,4,Standard
ACC_CUST12072,CUST12072,0,7,10,2,Good
ACC_CUST12073,CUST12073,6,10,18,9,Bad
ACC_CUST12074,CUST12074,7,5,16,8,Bad
ACC_CUST12075,CUST12075,3,7,2,1,Good
ACC_CUST12076,CUST12076,0,5,6,0,Good
ACC_CUST12077,CUST12077,5,6,12,7,Standard
ACC_CUST12078,CUST12078,3,7,17,4,Standard
ACC_CUST12079,CUST12079,8,5,6,4,Standard
ACC_CUST12080,CUST12080,7,6,6,1,Standard
ACC_CUST12081,CUST12081,3,3,27,2,Standard
ACC_CUST12082,CUST12082,0,1,7,3,Good
ACC_CUST12083,CUST12083,4,3,14,7,Standard
ACC_CUST12084,CUST12084,2,5,6,0,Good
ACC_CUST12086,CUST12086,8,7,9,2,Standard
ACC_CUST12087,CUST12087,7,9,32,8,Bad
ACC_CUST12088,CUST12088,10,6,18,8,Bad
ACC_CUST12089,CUST12089,7,6,18,6,Standard
ACC_CUST12090,CUST12090,3,5,9,2,Standard
ACC_CUST12091,CUST12091,1,2,10,4,Good
ACC_CUST12092,CUST12092,5,3,12,2,Standard
ACC_CUST12093,CUST12093,1,1,10,4,Good
ACC_CUST12094,CUST12094,0,7,5,2,Good
ACC_CUST12095,CUST12095,3,5,8,4,Good
ACC_CUST12096,CUST12096,7,7,28,7,Bad
ACC_CUST12098,CUST12098,5,3,14,2,Standard
ACC_CUST12099,CUST12099,1,5,8,1,Good
ACC_CUST12100,CUST12100,1,4,1,3,Good
ACC_CUST12101,CUST12101,6,5,29,3,Bad
ACC_CUST12102,CUST12102,8,4,6,4,Standard
ACC_CUST12103,CUST12103,10,10,16,3,Standard
ACC_CUST12104,CUST12104,8,3,16,2,Standard
ACC_CUST12105,CUST12105,5,7,31,6,Standard
ACC_CUST12106,CUST12106,8,7,22,7,Bad
ACC_CUST12107,CUST12107,3,3,7,2,Good
ACC_CUST12108,CUST12108,3,4,9,2,Standard
ACC_CUST12109,CUST12109,5,5,7,3,Standard
ACC_CUST12110,CUST12110,6,5,19,7,Bad
ACC_CUST12111,CUST12111,7,7,15,2,Standard
ACC_CUST12112,CUST12112,3,4,11,1,Good
ACC_CUST12113,CUST12113,10,10,34,7,Bad
ACC_CUST12114,CUST12114,3,1,4,0,Good
ACC_CUST12115,CUST12115,3,4,17,4,Standard
ACC_CUST12117,CUST12117,7,7,15,1,Standard
ACC_CUST12118,CUST12118,4,4,6,4,Standard
ACC_CUST12119,CUST12119,7,6,17,9,Bad
ACC_CUST12120,CUST12120,3,4,1,3,Good
ACC_CUST12121,CUST12121,1,7,1,3,Good
ACC_CUST12122,CUST12122,1,5,6,0,Good
ACC_CUST12123,CUST12123,7,6,16,2,Standard
ACC_CUST12124,CUST12124,0,1,3,2,Good
ACC_CUST12125,CUST12125,3,4,6,4,Good
ACC_CUST12126,CUST12126,5,3,6,0,Good
ACC_CUST12127,CUST12127,4,3,7,5,Standard
ACC_CUST12128,CUST12128,4,3,5,2,Standard
ACC_CUST12130,CUST12130,1,5,4,2,Good
ACC_CUST12131,CUST12131,3,7,15,2,Standard
ACC_CUST12132,CUST12132,7,10,19,2,Standard
ACC_CUST12133,CUST12133,0,1,7,0,Good
ACC_CUST12134,CUST12134,8,4,12,1,Good
ACC_CUST12135,CUST12135,7,8,28,6,Bad
ACC_CUST12136,CUST12136,3,4,14,3,Standard
ACC_CUST12137,CUST12137,7,5,8,3,Standard
ACC_CUST12138,CUST12138,5,7,14,6,Standard
ACC_CUST12139,CUST12139,3,4,12,2,Good
ACC_CUST12140,CUST12140,6,3,17,3,Standard
ACC_CUST12141,CUST12141,8,5,11,6,Standard
ACC_CUST12142,CUST12142,0,5,5,4,Good
ACC_CUST12143,CUST12143,4,3,13,4,Standard
ACC_CUST12144,CUST12144,3,6,8,3,Standard
ACC_CUST12145,CUST12145,1,7,5,0,Good
ACC_CUST12146,CUST12146,6,3,6,0,Standard
ACC_CUST12147,CUST12147,2,7,9,3,Good
ACC_CUST12148,CUST12148,5,3,20,0,Standard
ACC_CUST12149,CUST12149,10,9,24,8,Bad
ACC_CUST12150,CUST12150,5,4,2,0,Good
ACC_CUST12151,CUST12151,9,8,34,3,Standard
ACC_CUST12152,CUST12152,4,7,14,1,Standard
ACC_CUST12153,CUST12153,8,7,16,0,Standard
ACC_CUST12154,CUST12154,7,5,18,6,Standard
ACC_CUST12155,CUST12155,3,3,16,2,Standard
ACC_CUST12156,CUST12156,3,7,10,3,Good
ACC_CUST12157,CUST12157,9,10,29,5,Bad
ACC_CUST12158,CUST12158,9,6,29,6,Bad
ACC_CUST12159,CUST12159,3,6,15,3,Standard
ACC_CUST12160,CUST12160,8,4,15,4,Standard
ACC_CUST12161,CUST12161,0,5,1,4,Good
ACC_CUST12162,CUST12162,9,9,32,9,Bad
ACC_CUST12163,CUST12163,10,9,34,7,Bad
ACC_CUST12165,CUST12165,8,6,25,7,Bad
ACC_CUST12166,CUST12166,6,6,12,5,Standard
ACC_CUST12167,CUST12167,6,9,24,5,Bad
ACC_CUST12169,CUST12169,9,6,29,3,Standard
ACC_CUST12170,CUST12170,6,10,23,5,Bad
ACC_CUST12171,CUST12171,7,3,11,1,Standard
ACC_CUST12172,CUST12172,2,4,5,3,Good
ACC_CUST12173,CUST12173,5,1,8,0,Good
ACC_CUST12174,CUST12174,10,6,18,5,Bad
ACC_CUST12175,CUST12175,0,6,11,4,Good
ACC_CUST12176,CUST12176,9,10,34,9,Bad
ACC_CUST12177,CUST12177,7,9,26,7,Bad
ACC_CUST12178,CUST12178,7,5,27,3,Standard
ACC_CUST12179,CUST12179,10,8,32,8,Bad
ACC_CUST12180,CUST12180,6,7,30,2,Standard
ACC_CUST12181,CUST12181,8,6,31,6,Bad
ACC_CUST12182,CUST12182,8,6,11,4,Good
ACC_CUST12183,CUST12183,0,3,2,4,Good
ACC_CUST12184,CUST12184,6,7,7,2,Standard
ACC_CUST12185,CUST12185,2,3,8,4,Good
ACC_CUST12187,CUST12187,9,9,23,6,Bad
ACC_CUST12188,CUST12188,0,4,8,4,Good
ACC_CUST12189,CUST12189,5,7,10,3,Good
ACC_CUST12190,CUST12190,3,5,15,6,Standard
ACC_CUST12191,CUST12191,1,4,1,3,Good
ACC_CUST12192,CUST12192,4,5,11,0,Good
ACC_CUST12193,CUST12193,5,4,20,3,Standard
ACC_CUST12194,CUST12194,5,6,3,2,Good
ACC_CUST12195,CUST12195,4,6,12,0,Good
ACC_CUST12196,CUST12196,4,6,7,1,Good
ACC_CUST12197,CUST12197,2,5,1,0,Good
ACC_CUST12198,CUST12198,8,7,7,4,Standard
ACC_CUST12199,CUST12199,6,6,31,7,Bad
ACC_CUST12201,CUST12201,8,7,15,5,Standard
ACC_CUST12202,CUST12202,7,7,15,7,Bad
ACC_CUST12203,CUST12203,4,6,13,1,Standard
ACC_CUST12204,CUST12204,6,3,20,3,Standard
ACC_CUST12205,CUST12205,5,7,9,1,Standard
ACC_CUST12206,CUST12206,6,5,16,3,Standard
ACC_CUST12207,CUST12207,2,4,3,3,Good
ACC_CUST12208,CUST12208,6,7,29,6,Bad
ACC_CUST12209,CUST12209,8,6,5,5,Standard
ACC_CUST12210,CUST12210,5,8,20,6,Standard
ACC_CUST12212,CUST12212,7,7,1,0,Good
ACC_CUST12213,CUST12213,7,6,34,6,Bad
ACC_CUST12214,CUST12214,2,4,4,4,Good
ACC_CUST12215,CUST12215,1,6,11,0,Good
ACC_CUST12216,CUST12216,8,5,15,4,Standard
ACC_CUST12218,CUST12218,4,6,6,2,Good
ACC_CUST12219,CUST12219,7,10,23,6,Standard
ACC_CUST12220,CUST12220,6,7,7,1,Standard
ACC_CUST12221,CUST12221,4,4,12,0,Standard
ACC_CUST12222,CUST12222,10,7,16,9,Bad
ACC_CUST12223,CUST12223,8,7,9,0,Standard
ACC_CUST12224,CUST12224,1,2,12,3,Good
ACC_CUST12225,CUST12225,6,9,16,6,Bad
ACC_CUST12226,CUST12226,5,5,7,7,Standard
ACC_CUST12227,CUST12227,3,3,19,6,Standard
ACC_CUST12228,CUST12228,7,4,11,4,Good
ACC_CUST12229,CUST12229,8,9,16,9,Bad
ACC_CUST12230,CUST12230,3,7,6,1,Good
ACC_CUST12232,CUST12232,8,4,18,0,Standard
ACC_CUST12233,CUST12233,7,5,13,1,Standard
ACC_CUST12234,CUST12234,2,4,5,2,Good
ACC_CUST12235,CUST12235,8,6,17,7,Standard
ACC_CUST12236,CUST12236,9,6,28,3,Bad
ACC_CUST12237,CUST12237,4,3,10,3,Standard
ACC_CUST12238,CUST12238,6,7,8,1,Standard
ACC_CUST12239,CUST12239,3,6,15,4,Standard
ACC_CUST12240,CUST12240,6,4,18,1,Standard
ACC_CUST12241,CUST12241,6,5,24,4,Standard
ACC_CUST12242,CUST12242,4,4,7,3,Good
ACC_CUST12243,CUST12243,1,4,12,3,Good
ACC_CUST12244,CUST12244,4,3,12,2,Good
ACC_CUST12246,CUST12246,8,6,1,1,Standard
ACC_CUST12247,CUST12247,9,7,32,5,Bad
ACC_CUST12248,CUST12248,5,3,18,4,Standard
ACC_CUST12249,CUST12249,9,9,32,9,Bad
ACC_CUST12250,CUST12250,3,7,2,1,Good
ACC_CUST12251,CUST12251,7,7,12,2,Standard
ACC_CUST12252,CUST12252,1,6,10,4,Good
ACC_CUST12253,CUST12253,10,5,28,7,Bad
ACC_CUST12254,CUST12254,3,4,6,3,Good
ACC_CUST12255,CUST12255,8,7,10,2,Standard
ACC_CUST12256,CUST12256,5,5,18,1,Standard
ACC_CUST12258,CUST12258,5,3,17,4,Standard
ACC_CUST12259,CUST12259,7,5,34,7,Bad
ACC_CUST12260,CUST12260,5,7,16,4,Standard
ACC_CUST12261,CUST12261,6,9,26,8,Bad
ACC_CUST12262,CUST12262,2,5,11,2,Good
ACC_CUST12263,CUST12263,3,3,26,3,Standard
ACC_CUST12264,CUST12264,8,7,17,5,Bad
ACC_CUST12265,CUST12265,8,5,20,3,Standard
ACC_CUST12266,CUST12266,4,4,16,4,Standard
ACC_CUST12267,CUST12267,5,7,16,6,Standard
ACC_CUST12268,CUST12268,7,7,23,6,Bad
ACC_CUST12269,CUST12269,7,8,32,5,Bad
ACC_CUST12270,CUST12270,8,6,20,0,Standard
ACC_CUST12271,CUST12271,0,3,3,1,Good
ACC_CUST12272,CUST12272,9,7,28,5,Bad
ACC_CUST12273,CUST12273,5,1,7,0,Good
ACC_CUST12274,CUST12274,3,5,4,0,Standard
ACC_CUST12275,CUST12275,10,8,15,9,Bad
ACC_CUST12276,CUST12276,3,7,2,3,Good
ACC_CUST12277,CUST12277,3,4,12,6,Standard
ACC_CUST12278,CUST12278,6,4,13,3,Standard
ACC_CUST12279,CUST12279,5,5,3,1,Standard
ACC_CUST12280,CUST12280,10,8,34,7,Bad
ACC_CUST12281,CUST12281,7,6,23,7,Standard
ACC_CUST12282,CUST12282,7,10,19,9,Bad
ACC_CUST12283,CUST12283,5,4,1,3,Good
ACC_CUST12284,CUST12284,5,1,7,4,Good
ACC_CUST12285,CUST12285,4,7,9,4,Good
ACC_CUST12286,CUST12286,6,6,21,5,Bad
ACC_CUST12287,CUST12287,7,6,3,0,Standard
ACC_CUST12288,CUST12288,0,4,4,1,Good
ACC_CUST12289,CUST12289,7,10,21,5,Bad
ACC_CUST12290,CUST12290,4,4,12,0,Good
ACC_CUST12291,CUST12291,6,8,26,2,Bad
ACC_CUST12292,CUST12292,7,7,9,3,Standard
ACC_CUST12293,CUST12293,8,5,9,3,Standard
ACC_CUST12294,CUST12294,2,4,5,3,Good
ACC_CUST12296,CUST12296,10,7,24,6,Bad
ACC_CUST12297,CUST12297,7,5,11,3,Standard
ACC_CUST12298,CUST12298,3,4,9,3,Standard
ACC_CUST12299,CUST12299,1,2,11,0,Good
ACC_CUST12300,CUST12300,0,5,9,4,Good
ACC_CUST12301,CUST12301,4,6,6,5,Standard
ACC_CUST12302,CUST12302,6,6,10,2,Standard
ACC_CUST12303,CUST12303,8,10,30,6,Bad
ACC_CUST12304,CUST12304,0,5,11,4,Good
ACC_CUST12305,CUST12305,6,8,21,2,Bad
ACC_CUST12306,CUST12306,5,5,8,1,Good
ACC_CUST12307,CUST12307,6,7,24,8,Bad
ACC_CUST12308,CUST12308,3,4,1,3,Good
ACC_CUST12309,CUST12309,8,4,18,2,Standard
ACC_CUST12310,CUST12310,5,6,9,3,Standard
ACC_CUST12311,CUST12311,0,7,6,1,Good
ACC_CUST12312,CUST12312,4,6,5,2,Good
ACC_CUST12313,CUST12313,9,9,28,2,Bad
ACC_CUST12314,CUST12314,6,3,5,6,Standard
ACC_CUST12315,CUST12315,0,3,6,1,Good
ACC_CUST12316,CUST12316,9,5,21,9,Bad
ACC_CUST12317,CUST12317,6,4,10,1,Standard
ACC_CUST12318,CUST12318,5,3,24,7,Standard
ACC_CUST12319,CUST12319,7,4,18,6,Standard
ACC_CUST12320,CUST12320,8,3,1,1,Good
ACC_CUST12321,CUST12321,9,5,27,7,Bad
ACC_CUST12322,CUST12322,3,6,8,2,Good
ACC_CUST12323,CUST12323,4,5,4,1,Good
ACC_CUST12324,CUST12324,6,6,8,3,Standard
ACC_CUST12325,CUST12325,5,7,19,3,Standard
ACC_CUST12327,CUST12327,4,6,20,3,Standard
ACC_CUST12328,CUST12328,6,6,18,7,Bad
ACC_CUST12329,CUST12329,6,5,32,7,Bad
ACC_CUST12330,CUST12330,7,5,17,8,Bad
ACC_CUST12331,CUST12331,2,4,1,0,Good
ACC_CUST12332,CUST12332,9,7,31,6,Bad
ACC_CUST12333,CUST12333,6,10,29,7,Bad
ACC_CUST12334,CUST12334,2,5,3,1,Good
ACC_CUST12335,CUST12335,6,5,13,0,Standard
ACC_CUST12336,CUST12336,6,5,13,4,Standard
ACC_CUST12337,CUST12337,5,4,20,0,Standard
ACC_CUST12338,CUST12338,3,8,29,6,Standard
ACC_CUST12339,CUST12339,2,7,10,2,Good
ACC_CUST12340,CUST12340,6,7,18,2,Standard
ACC_CUST12341,CUST12341,3,9,20,7,Standard
ACC_CUST12342,CUST12342,4,5,11,3,Standard
ACC_CUST12343,CUST12343,5,4,1,3,Good
ACC_CUST12344,CUST12344,6,9,31,5,Bad
ACC_CUST12346,CUST12346,8,3,14,2,Standard
ACC_CUST12347,CUST12347,3,6,9,3,Standard
ACC_CUST12348,CUST12348,3,4,7,0,Standard
ACC_CUST12349,CUST12349,4,7,2,3,Good
ACC_CUST12350,CUST12350,7,7,11,0,Standard
ACC_CUST12351,CUST12351,3,6,16,3,Standard
ACC_CUST12352,CUST12352,4,5,14,4,Standard
ACC_CUST12353,CUST12353,6,3,18,4,Standard
ACC_CUST12354,CUST12354,10,6,20,2,Standard
ACC_CUST12355,CUST12355,10,8,27,7,Bad
ACC_CUST12356,CUST12356,5,6,13,0,Standard
ACC_CUST12357,CUST12357,5,5,12,2,Good
ACC_CUST12358,CUST12358,4,6,20,0,Standard
ACC_CUST12359,CUST12359,4,5,6,3,Standard
ACC_CUST12360,CUST12360,5,5,18,2,Standard
ACC_CUST12361,CUST12361,8,8,29,3,Bad
ACC_CUST12362,CUST12362,6,8,30,7,Bad
ACC_CUST12363,CUST12363,1,4,11,2,Good
ACC_CUST12364,CUST12364,7,6,8,3,Standard
ACC_CUST12365,CUST12365,5,7,15,4,Standard
ACC_CUST12366,CUST12366,6,6,20,9,Bad
ACC_CUST12367,CUST12367,3,5,11,0,Good
ACC_CUST12368,CUST12368,7,8,31,8,Bad
ACC_CUST12369,CUST12369,6,3,5,2,Standard
ACC_CUST12370,CUST12370,10,9,20,5,Bad
ACC_CUST12371,CUST12371,7,8,29,7,Bad
ACC_CUST12372,CUST12372,5,5,12,1,Good
ACC_CUST12373,CUST12373,8,6,20,4,Standard
ACC_CUST12374,CUST12374,0,2,12,1,Good
ACC_CUST12375,CUST12375,6,6,5,3,Standard
ACC_CUST12376,CUST12376,5,7,15,6,Standard
ACC_CUST12377,CUST12377,7,10,16,3,Standard
ACC_CUST12378,CUST12378,7,3,17,2,Standard
ACC_CUST12379,CUST12379,5,5,16,0,Standard
ACC_CUST12380,CUST12380,5,4,8,4,Good
ACC_CUST12381,CUST12381,8,7,11,5,Standard
ACC_CUST12382,CUST12382,4,6,19,6,Standard
ACC_CUST12383,CUST12383,1,4,4,3,Good
ACC_CUST12384,CUST12384,8,5,33,6,Bad
ACC_CUST12385,CUST12385,1,7,5,1,Good
ACC_CUST12386,CUST12386,8,6,11,5,Standard
ACC_CUST12387,CUST12387,7,6,17,1,Standard
ACC_CUST12388,CUST12388,7,5,18,7,Standard
ACC_CUST12389,CUST12389,6,4,16,1,Standard
ACC_CUST12390,CUST12390,7,10,32,6,Bad
ACC_CUST12391,CUST12391,9,10,20,5,Bad
ACC_CUST12392,CUST12392,7,5,34,5,Bad
ACC_CUST12393,CUST12393,5,7,7,0,Good
ACC_CUST12394,CUST12394,9,6,16,7,Bad
ACC_CUST12395,CUST12395,8,7,13,6,Standard
ACC_CUST12396,CUST12396,3,9,20,2,Standard
ACC_CUST12397,CUST12397,7,5,32,9,Bad
ACC_CUST12398,CUST12398,10,10,17,8,Bad
ACC_CUST12399,CUST12399,5,6,15,5,Standard
ACC_CUST12400,CUST12400,3,3,1,1,Good
ACC_CUST12401,CUST12401,7,10,26,9,Bad
ACC_CUST12402,CUST12402,4,6,17,5,Standard
ACC_CUST12403,CUST12403,6,7,14,2,Standard
ACC_CUST12404,CUST12404,6,4,6,1,Good
ACC_CUST12405,CUST12405,4,4,5,1,Good
ACC_CUST12406,CUST12406,5,5,5,2,Standard
ACC_CUST12407,CUST12407,8,5,12,2,Good
ACC_CUST12408,CUST12408,8,4,17,4,Standard
ACC_CUST12409,CUST12409,0,3,2,2,Good
ACC_CUST12410,CUST12410,5,7,7,0,Standard
ACC_CUST12411,CUST12411,4,7,10,2,Standard
ACC_CUST12412,CUST12412,1,3,5,0,Good
ACC_CUST12413,CUST12413,5,6,13,7,Standard
ACC_CUST12414,CUST12414,0,3,12,0,Good
ACC_CUST12415,CUST12415,4,7,5,2,Standard
ACC_CUST12416,CUST12416,4,6,6,5,Standard
ACC_CUST12417,CUST12417,8,6,13,3,Standard
ACC_CUST12418,CUST12418,6,7,5,1,Standard
ACC_CUST12419,CUST12419,3,4,6,1,Good
ACC_CUST12420,CUST12420,2,4,9,4,Good
ACC_CUST12421,CUST12421,3,5,5,0,Standard
ACC_CUST12422,CUST12422,2,3,11,1,Good
ACC_CUST12423,CUST12423,4,10,22,4,Standard
ACC_CUST12424,CUST12424,3,4,6,2,Good
ACC_CUST12425,CUST12425,3,7,18,2,Standard
ACC_CUST12426,CUST12426,10,8,30,8,Bad
ACC_CUST12427,CUST12427,7,10,18,7,Bad
ACC_CUST12428,CUST12428,8,10,23,7,Bad
ACC_CUST12429,CUST12429,8,5,20,9,Bad
ACC_CUST12430,CUST12430,6,7,16,5,Bad
ACC_CUST12431,CUST12431,8,6,13,2,Standard
ACC_CUST12432,CUST12432,8,10,21,9,Bad
ACC_CUST12433,CUST12433,1,5,8,0,Good
ACC_CUST12434,CUST12434,7,10,31,3,Standard
ACC_CUST12435,CUST12435,4,7,8,7,Standard
ACC_CUST12436,CUST12436,5,7,10,1,Good
ACC_CUST12437,CUST12437,8,5,25,5,Bad
ACC_CUST12438,CUST12438,4,3,6,5,Standard
ACC_CUST12440,CUST12440,5,1,4,0,Good
ACC_CUST12441,CUST12441,6,6,15,5,Bad
ACC_CUST12442,CUST12442,10,8,28,7,Bad
ACC_CUST12443,CUST12443,4,3,16,2,Standard
ACC_CUST12444,CUST12444,5,7,20,4,Standard
ACC_CUST12445,CUST12445,10,9,20,7,Standard
ACC_CUST12446,CUST12446,7,3,16,2,Standard
ACC_CUST12447,CUST12447,0,2,8,0,Good
ACC_CUST12448,CUST12448,0,3,10,4,Good
ACC_CUST12449,CUST12449,2,1,10,1,Good
ACC_CUST12450,CUST12450,3,2,2,4,Good
ACC_CUST12451,CUST12451,8,7,5,3,Standard
ACC_CUST12452,CUST12452,3,5,20,0,Standard
ACC_CUST12453,CUST12453,6,3,13,1,Standard
ACC_CUST12454,CUST12454,4,6,17,0,Standard
ACC_CUST12455,CUST12455,2,7,1,4,Good
ACC_CUST12456,CUST12456,1,4,7,1,Good
ACC_CUST12457,CUST12457,7,7,10,2,Standard
ACC_CUST12458,CUST12458,7,7,6,0,Standard
ACC_CUST12459,CUST12459,5,4,9,1,Good
ACC_CUST12460,CUST12460,3,3,17,2,Standard
ACC_CUST12461,CUST12461,4,4,3,4,Good
ACC_CUST12462,CUST12462,5,4,20,4,Standard
ACC_CUST12463,CUST12463,7,3,18,2,Standard
ACC_CUST12464,CUST12464,4,7,6,1,Standard
ACC_CUST12465,CUST12465,5,6,8,4,Good
ACC_CUST12466,CUST12466,5,4,5,3,Good
ACC_CUST12467,CUST12467,2,7,3,4,Good
ACC_CUST12468,CUST12468,9,5,33,6,Bad
ACC_CUST12469,CUST12469,7,6,22,6,Bad
ACC_CUST12470,CUST12470,9,10,24,7,Bad
ACC_CUST12471,CUST12471,4,6,14,1,Standard
ACC_CUST12472,CUST12472,7,4,14,7,Standard
ACC_CUST12473,CUST12473,7,5,18,3,Standard
ACC_CUST12474,CUST12474,3,1,5,3,Good
ACC_CUST12475,CUST12475,5,4,13,1,Standard
ACC_CUST12477,CUST12477,4,7,11,0,Good
ACC_CUST12478,CUST12478,7,7,30,5,Standard
ACC_CUST12479,CUST12479,0,5,8,4,Good
ACC_CUST12480,CUST12480,7,6,32,5,Standard
ACC_CUST12481,CUST12481,5,7,10,2,Standard
ACC_CUST12482,CUST12482,10,7,17,7,Bad
ACC_CUST12483,CUST12483,7,3,16,0,Standard
ACC_CUST12484,CUST12484,7,3,19,2,Standard
ACC_CUST12485,CUST12485,4,4,6,4,Good
ACC_CUST12486,CUST12486,7,3,15,0,Standard
ACC_CUST12487,CUST12487,6,7,11,2,Standard
ACC_CUST12488,CUST12488,2,3,7,1,Good
ACC_CUST12489,CUST12489,2,7,7,0,Good
ACC_CUST12490,CUST12490,8,5,12,4,Good
ACC_CUST12491,CUST12491,3,6,12,4,Standard
ACC_CUST12492,CUST12492,6,7,15,4,Bad
ACC_CUST12493,CUST12493,7,3,9,0,Standard
ACC_CUST12494,CUST12494,2,5,6,1,Good
ACC_CUST12495,CUST12495,4,4,3,4,Good
ACC_CUST12496,CUST12496,0,4,6,1,Good
ACC_CUST12497,CUST12497,1,1,5,4,Good
ACC_CUST12498,CUST12498,1,4,5,3,Good
ACC_CUST12499,CUST12499,10,8,29,5,Bad
ACC_CUST12500,CUST12500,4,6,7,2,Good
