Customer_ID,Age,Occupation,Annual_Income,Monthly_Inhand_Salary
CUST00001,23,Scientist,19114.12,1824.843333
CUST00002,28,Teacher,34847.84,3037.986667
CUST00003,34,Engineer,143162.64,12187.22
CUST00004,54,Entrepreneur,30689.89,2612.490833
CUST00005,21,Developer,35547.71,2853.309167
CUST00006,31,Lawyer,73928.46,5988.705
CUST00007,33,Lawyer,131313.4,11242.78333
CUST00008,30,Media_Manager,34081.38,2611.115
CUST00009,23,Doctor,114838.41,9843.8675
CUST00010,44,Journalist,31370.8,2825.233333
CUST00011,40,Teacher,33751.27,2948.605833
CUST00012,32,Engineer,88640.24,7266.686667
CUST00013,35,Entrepreneur,54392.16,4766.68
CUST00014,39,Manager,8701.545,519.12875
CUST00015,36,Entrepreneur,25546.26,2415.855
CUST00016,30,Scientist,31993.78,2942.148333
CUST00017,20,Accountant,92047.08,7591.59
CUST00018,45,Teacher,32284.62,2898.385
CUST00019,26,Musician,97791.42,8079.285
CUST00020,31,Entrepreneur,19300.34,1512.361667
CUST00021,41,Musician,19514.88,1828.24
CUST00022,41,Media_Manager,10183.015,1074.584583
CUST00023,19,Entrepreneur,106733.13,8873.4275
CUST00024,31,Lawyer,12600.445,782.0370833
CUST00025,34,Mechanic,57983.12,4720.926667
CUST00026,48,Entrepreneur,20787.69,1999.3075
CUST00027,30,Writer,34290.12,2697.51
CUST00028,32,Accountant,43070.24,3622.186667
CUST00029,40,Architect,28572.39,2210.0325
CUST00030,37,Manager,39641.54,3007.461667
CUST00031,54,Scientist,20186.02,1684.168333
CUST00032,43,Musician,18627.64,1387.303333
CUST00033,21,Engineer,12986.745,959.22875
CUST00034,43,Writer,58317.0,4664.75
CUST00035,36,Scientist,42171.98,3764.331667
CUST00036,36,Manager,71681.4,5799.45
CUST00038,19,Engineer,72559.36,6284.613333
CUST00039,36,Musician,15566.02,1423.168333
CUST00040,18,Developer,66567.32,5800.276667
CUST00041,32,Media_Manager,12909.895,853.8245833
CUST00042,33,Accountant,30788.44,2623.703333
CUST00043,42,Architect,20574.47,1740.539167
CUST00044,21,Lawyer,148699.32,12432.61
CUST00045,19,Musician,85554.03,7185.5025
CUST00047,27,Architect,14165.23,1057.435833
CUST00048,30,Teacher,87215.68,7489.973333
CUST00049,43,Lawyer,81842.28,6810.19
CUST00050,38,Doctor,95956.5,8279.375
CUST00051,25,Manager,49967.01,4091.9175
CUST00053,43,Developer,14129.76,1012.48
CUST00054,42,Developer,123732.32,10416.02667
CUST00055,36,Writer,17251.38,1654.615
CUST00056,22,Entrepreneur,36822.29,3132.524167
CUST00057,25,Doctor,80108.31,6866.6925
CUST00058,20,Scientist,69977.6,5978.466667
CUST00060,45,Journalist,41746.76,3651.896667
CUST00061,21,Media_Manager,19981.6,1459.133333
CUST00062,18,Lawyer,73737.36,5936.78
CUST00063,33,Musician,88362.46,7255.538333
CUST00064,45,Entrepreneur,118248.6,10115.05
CUST00065,26,Scientist,60162.1,5197.508333
CUST00066,17,Musician,75273.24,6552.77
CUST00067,18,Media_Manager,54820.89,4295.4075
CUST00068,42,Entrepreneur,58674.66,4824.555
CUST00069,30,Architect,30390.44,2721.536667
CUST00070,42,Doctor,45207.54,3507.295
CUST00071,18,Scientist,144546.72,11809.56
CUST00072,38,Engineer,30346.35,2651.8625
CUST00073,46,Mechanic,18681.465,1584.78875
CUST00074,41,Scientist,9841.34,690.1116667
CUST00075,35,Media_Manager,72330.98,6300.581667
CUST00077,19,Mechanic,34106.78,2767.231667
CUST00078,24,Teacher,129067.59,10795.6325
CUST00079,34,Architect,17001.34,1214.778333
CUST00080,21,Accountant,44719.17,3969.5975
CUST00081,47,Accountant,17787.34,1242.278333
CUST00082,42,Teacher,103353.06,8527.755
CUST00083,38,Journalist,31021.24,2756.103333
CUST00084,36,Journalist,134978.24,11059.18667
CUST00085,28,Writer,39800.12,3047.676667
CUST00087,21,Architect,66105.4,5653.783333
CUST00088,28,Mechanic,15398.95,1548.245833
CUST00089,18,Developer,27070.07,2518.839167
CUST00090,53,Engineer,17992.775,1769.397917
CUST00091,55,Musician,139354.48,10872.26506
CUST00092,22,Teacher,18305.25,1557.4375
CUST00093,25,Journalist,27865.26,2606.105
CUST00094,36,Architect,23404.86,1899.405
CUST00095,33,Musician,14205.09,1086.7575
CUST00096,28,Scientist,62320.56,5068.38
CUST00097,25,Manager,43758.34,3454.528333
CUST00098,20,Writer,144881.68,11877.47333
CUST00099,38,Media_Manager,108147.3,8926.275
CUST00100,27,Lawyer,17759.1,1533.925
CUST00101,37,Teacher,85328.73,6858.7275
CUST00102,26,Writer,134321.44,11064.45333
CUST00103,24,Lawyer,61008.0,5235.0
CUST00104,19,Developer,28665.76,2582.813333
CUST00105,18,Lawyer,56803.71,4620.6425
CUST00106,31,Architect,38364.82,2904.068333
CUST00107,21,Lawyer,66528.24,5733.02
CUST00108,55,Doctor,19403.405,1904.950417
CUST00109,19,Journalist,31122.79,2761.565833
CUST00110,19,Architect,15015.4,1213.283333
CUST00111,34,Engineer,19777.05,1728.0875
CUST00112,24,Musician,20188.02,1851.335
CUST00113,54,Scientist,41345.58,3260.465
CUST00114,31,Engineer,55151.04,4704.92
CUST00115,39,Manager,30536.62,2430.718333
CUST00116,29,Architect,147499.6,12353.63333
CUST00117,42,Architect,20005.22,1683.101667
CUST00118,32,Scientist,19795.52,1662.626667
CUST00119,33,Doctor,60938.13,5163.1775
CUST00120,54,Manager,80396.86,6623.738333
CUST00121,42,Writer,57610.32,4517.86
CUST00122,36,Journalist,18717.02,1294.751667
CUST00124,48,Media_Manager,94554.87,7914.5725
CUST00125,27,Musician,63536.98,5382.748333
CUST00126,39,Architect,9983.345,758.9454167
CUST00128,29,Engineer,132872.72,11203.72667
CUST00129,41,Architect,140014.36,11662.86333
CUST00130,47,Accountant,37071.2,3006.266667
CUST00131,20,Entrepreneur,41735.55,3357.9625
CUST00132,38,Architect,40391.66,3357.971667
CUST00133,18,Writer,7441.295,873.1079167
CUST00134,40,Scientist,19065.32,1497.776667
CUST00135,46,Entrepreneur,24585.55,2316.795833
CUST00136,26,Manager,15013.73,1127.144167
CUST00137,43,Journalist,126006.68,10693.55667
CUST00138,49,Developer,102885.32,8643.776667
CUST00139,38,Teacher,34212.01,2847.000833
CUST00140,26,Entrepreneur,118487.16,9810.93
CUST00141,26,Mechanic,77418.52,6450.543333
CUST00142,45,Architect,24199.24,1951.603333
CUST00143,47,Musician,28587.29,2621.274167
CUST00144,31,Manager,16578.115,1426.509583
CUST00145,20,Writer,74647.4,6327.616667
CUST00146,43,Mechanic,34766.06,3133.171667
CUST00147,22,Engineer,16852.635,1691.38625
CUST00148,20,Scientist,33502.1,2890.841667
CUST00149,27,Media_Manager,91690.53,7795.8775
CUST00150,36,Entrepreneur,30502.54,2595.878333
CUST00151,20,Media_Manager,30272.61,2258.7175
CUST00152,31,Accountant,59971.42,5190.618333
CUST00153,32,Accountant,42220.39,3490.365833
CUST00154,51,Architect,43581.13,3566.760833
CUST00155,49,Media_Manager,28681.38,2127.115
CUST00156,33,Doctor,35376.32,2717.026667
CUST00157,48,Doctor,15488.885,1273.740417
CUST00158,26,Entrepreneur,19853.35,1726.445833
CUST00159,32,Writer,115643.01,9910.9175
CUST00160,44,Journalist,7512.225,513.01875
CUST00162,33,Writer,9133.045,777.0870833
CUST00163,22,Entrepreneur,19283.47,1886.955833
CUST00164,23,Scientist,66502.76,5379.896667
CUST00165,33,Media_Manager,9444.795,850.06625
CUST00166,46,Doctor,70112.78,5989.731667
CUST00168,36,Manager,68935.26,5518.605
CUST00169,42,Doctor,31807.0,2733.583333
CUST00170,36,Musician,10025.2,1089.433333
CUST00171,39,Media_Manager,64036.88,5591.406667
CUST00172,29,Teacher,9783.245,908.2704167
CUST00173,22,Accountant,86522.72,7098.226667
CUST00174,21,Lawyer,124419.66,10221.305
CUST00175,50,Entrepreneur,15606.515,1234.542917
CUST00176,24,Developer,28230.92,2184.576667
CUST00177,28,Developer,10623.765,895.31375
CUST00178,19,Teacher,11970.955,1169.579583
CUST00179,40,Manager,112362.76,9279.563333
CUST00180,20,Manager,33335.24,3059.936667
CUST00181,32,Manager,131577.84,11205.82
CUST00182,48,Entrepreneur,32314.44,2805.87
CUST00183,20,Manager,61235.6,4870.966667
CUST00184,39,Journalist,19078.93,1304.910833
CUST00185,34,Mechanic,83703.52,6955.293333
CUST00186,45,Musician,99127.04,8217.586667
CUST00188,42,Lawyer,135895.96,11304.66333
CUST00189,21,Doctor,29608.46,2625.371667
CUST00190,29,Entrepreneur,29999.94,2767.995
CUST00192,18,Media_Manager,113781.39,9549.7825
CUST00193,30,Lawyer,15746.63,1122.219167
CUST00194,19,Lawyer,97961.96,8205.496667
CUST00195,47,Architect,31895.07,2488.9225
CUST00196,31,Architect,30922.28,2494.856667
CUST00197,37,Journalist,25530.33,2137.5275
CUST00198,51,Doctor,110786.64,9299.22
CUST00199,26,Lawyer,39696.98,3211.081667
CUST00200,34,Journalist,120366.6,9888.55
CUST00201,51,Mechanic,13074.395,1356.532917
CUST00202,30,Manager,76087.68,6155.64
CUST00203,23,Mechanic,51824.94,4417.745
CUST00204,31,Journalist,11431.775,930.6479167
CUST00205,38,Doctor,14224.655,1395.387917
CUST00206,46,Musician,142170.12,11584.51
CUST00207,45,Mechanic,19951.765,1592.647083
CUST00208,36,Teacher,94454.1,8102.175
CUST00209,28,Doctor,27063.43,2455.285833
CUST00210,44,Media_Manager,36980.1,3352.675
CUST00211,26,Teacher,96582.24,7886.52
CUST00212,39,Developer,122978.43,10514.2025
CUST00213,32,Doctor,7821.24,468.77
CUST00214,22,Manager,30972.54,2431.045
CUST00215,28,Developer,7709.625,625.46875
CUST00216,53,Journalist,34547.54,2994.961667
CUST00217,30,Musician,173196.32,14258.02667
CUST00218,19,Engineer,20354.85,1403.2375
CUST00219,40,Entrepreneur,46113.81,3953.8175
CUST00221,26,Manager,34128.92,2740.076667
CUST00222,43,Scientist,29042.45,2252.204167
CUST00223,32,Architect,26716.09,2372.340833
CUST00225,44,Media_Manager,8681.77,647.4808333
CUST00226,37,Media_Manager,10034.55,719.2125
CUST00227,40,Teacher,20540.49,1859.7075
CUST00228,51,Musician,38175.39,3287.2825
CUST00229,22,Accountant,116594.91,9836.2425
CUST00230,48,Manager,24894.05,2371.504167
CUST00231,38,Teacher,39399.9,3487.325
CUST00232,24,Musician,142113.96,11903.83
CUST00233,47,Mechanic,65299.38,5305.615
CUST00234,52,Manager,33200.52,2755.71
CUST00235,40,Architect,82289.36,6951.446667
CUST00236,39,Entrepreneur,7792.475,573.3729167
CUST00237,36,Writer,65778.22,5561.518333
CUST00238,44,Teacher,12016.0,729.3333333
CUST00239,50,Teacher,19180.87,1688.405833
CUST00240,30,Entrepreneur,60552.76,4950.063333
CUST00241,40,Mechanic,44386.47,3703.8725
CUST00242,40,Lawyer,9141.63,797.8025
CUST00243,35,Journalist,11245.11,1173.0925
CUST00244,39,Accountant,98197.74,8005.145
CUST00245,21,Journalist,30197.28,2594.44
CUST00246,18,Manager,31633.54,2930.128333
CUST00247,31,Architect,118172.64,9932.72
CUST00248,34,Lawyer,19623.18,1806.265
CUST00249,32,Mechanic,63197.26,5042.438333
CUST00250,35,Journalist,10007.815,757.9845833
CUST00251,27,Entrepreneur,121688.04,10006.67
CUST00252,21,Accountant,31069.32,2361.11
CUST00253,38,Mechanic,72241.02,5751.085
CUST00254,24,Teacher,7612.725,928.39375
CUST00255,46,Manager,16953.985,1684.832083
CUST00256,21,Scientist,125508.36,10559.03
CUST00259,48,Mechanic,16866.5,1615.541667
CUST00260,33,Accountant,18969.19,1849.765833
CUST00261,55,Engineer,36154.19,3247.849167
CUST00262,31,Entrepreneur,51113.85,4356.4875
CUST00263,17,Developer,18784.88,1371.406667
CUST00264,46,Accountant,49889.38,4359.448333
CUST00266,40,Journalist,28922.03,2548.169167
CUST00267,39,Developer,20742.46,1801.538333
CUST00268,35,Teacher,55719.18,4689.265
CUST00270,24,Engineer,33447.42,2859.285
CUST00271,26,Accountant,34841.87,3025.489167
CUST00272,35,Engineer,17655.43,1530.285833
CUST00273,30,Architect,7103.035,725.9195833
CUST00274,39,Journalist,63101.14,5246.428333
CUST00276,42,Mechanic,83845.7,6958.141667
CUST00277,36,Writer,108415.0,8848.583333
CUST00278,52,Doctor,32663.41,2879.950833
CUST00279,45,Musician,132537.24,10831.77
CUST00280,30,Journalist,17850.56,1391.546667
CUST00281,33,Teacher,15713.83,1313.485833
CUST00282,30,Accountant,62050.89,5386.9075
CUST00283,36,Doctor,18744.4,1410.033333
CUST00284,38,Media_Manager,12070.845,1088.90375
CUST00285,21,Doctor,38539.57,3438.630833
CUST00286,47,Mechanic,48411.24,4306.27
CUST00287,23,Manager,47275.96,4238.663333
CUST00288,42,Writer,30232.28,2342.356667
CUST00289,28,Architect,33314.96,2955.246667
CUST00290,44,Lawyer,7599.035,898.2529167
CUST00291,18,Writer,97640.4,8034.7
CUST00292,33,Musician,75881.16,6535.43
CUST00293,28,Mechanic,36490.98,2828.915
CUST00294,18,Developer,30743.6,2557.966667
CUST00295,21,Entrepreneur,177150.4,14710.53333
CUST00296,26,Architect,110264.0,9225.666667
CUST00298,23,Entrepreneur,151722.56,12352.54667
CUST00299,26,Manager,62316.63,4895.0525
CUST00300,43,Lawyer,19310.62,1630.218333
CUST00301,47,Entrepreneur,94511.79,7717.9825
CUST00302,49,Manager,96275.84,8101.986667
CUST00303,36,Writer,57219.92,4511.326667
CUST00304,30,Writer,80591.2,6453.933333
CUST00305,30,Mechanic,73434.92,5849.576667
CUST00306,21,Developer,53916.84,4735.07
CUST00307,34,Musician,53071.47,4656.6225
CUST00308,42,Engineer,69692.16,6034.68
CUST00309,33,Entrepreneur,15735.68,1043.306667
CUST00310,31,Engineer,20502.64,1588.553333
CUST00311,53,Manager,55662.64,4900.553333
CUST00312,20,Scientist,19758.84,1901.57
CUST00313,26,Lawyer,55000.62,4526.385
CUST00315,34,Mechanic,50811.27,4387.2725
CUST00316,27,Scientist,59448.04,4870.003333
CUST00317,47,Doctor,18549.28,1698.773333
CUST00318,49,Teacher,134810.13,10998.1775
CUST00319,27,Writer,162550.32,13731.86
CUST00320,20,Accountant,102596.64,8718.72
CUST00321,31,Manager,14884.465,1538.372083
CUST00322,39,Architect,31732.61,2899.384167
CUST00323,46,Lawyer,50847.22,4156.268333
CUST00324,33,Doctor,9349.475,772.1229167
CUST00325,43,Teacher,135115.44,11444.62
CUST00326,34,Lawyer,66169.56,5799.13
CUST00327,43,Musician,56760.51,4999.0425
CUST00328,32,Architect,108223.62,8775.635
CUST00329,31,Manager,53098.47,4197.8725
CUST00330,54,Musician,17853.5,1226.791667
CUST00331,19,Accountant,16813.54,1101.128333
CUST00332,43,Architect,68665.76,5619.146667
CUST00333,20,Developer,22500.52,1770.043333
CUST00334,42,Developer,15305.46,1230.455
CUST00336,50,Media_Manager,99089.52,8309.46
CUST00337,22,Media_Manager,9307.24,1013.603333
CUST00338,41,Architect,134316.2,11429.01667
CUST00339,39,Media_Manager,38685.98,3360.831667
CUST00340,22,Doctor,69933.98,5561.831667
CUST00341,26,Entrepreneur,21075.36,1904.28
CUST00342,40,Accountant,60843.33,4902.2775
CUST00343,35,Musician,15091.03,1480.585833
CUST00344,19,Scientist,54987.52,4762.293333
CUST00345,38,Doctor,7506.125,872.5104167
CUST00346,43,Engineer,17448.08,1315.006667
CUST00347,40,Journalist,42241.19,3231.099167
CUST00348,24,Entrepreneur,31087.66,2471.638333
CUST00349,42,Developer,132414.16,11050.51333
CUST00350,54,Lawyer,92794.04,7562.836667
CUST00351,37,Media_Manager,82998.24,7186.52
CUST00352,41,Musician,16582.83,1157.9025
CUST00353,45,Entrepreneur,31896.42,2417.035
CUST00354,21,Entrepreneur,34927.0,2920.583333
CUST00355,54,Mechanic,25020.07,1928.005833
CUST00356,30,Doctor,82778.56,7008.213333
CUST00357,36,Doctor,94052.22,7704.685
CUST00358,22,Writer,16355.71,1240.975833
CUST00359,18,Engineer,15119.56,1209.963333
CUST00361,36,Doctor,18472.71,1392.3925
CUST00362,54,Lawyer,42731.27,3300.939167
CUST00363,31,Manager,82700.32,6625.693333
CUST00364,44,Developer,11968.51,1254.375833
CUST00365,32,Mechanic,33386.25,2851.1875
CUST00367,35,Accountant,174304.04,14458.33667
CUST00368,25,Doctor,68742.75,5902.5625
CUST00369,45,Journalist,15932.725,1219.727083
CUST00370,43,Doctor,55583.67,4816.9725
CUST00371,18,Architect,72252.36,6059.03
CUST00372,32,Scientist,30399.06,2298.255
CUST00373,41,Lawyer,8365.075,896.0895833
CUST00374,19,Teacher,133410.66,11387.555
CUST00375,42,Developer,19167.04,1479.253333
CUST00376,39,Media_Manager,28169.07,2449.4225
CUST00377,45,Teacher,12613.56,919.13
CUST00378,18,Musician,29625.82,2559.818333
CUST00379,22,Architect,62223.06,5326.255
CUST00380,44,Journalist,14976.45,1495.0375
CUST00381,20,Doctor,82454.0,7024.166667
CUST00382,33,Architect,62874.96,5086.58
CUST00383,37,Musician,17164.72,1223.393333
CUST00384,31,Manager,37302.1,3320.508333
CUST00385,31,Architect,7526.205,836.18375
CUST00386,21,Scientist,19653.005,1581.750417
CUST00387,30,Scientist,174179.64,14346.97
CUST00388,19,Doctor,41543.64,3620.97
CUST00389,18,Developer,9582.775,750.5645833
CUST00390,41,Teacher,21720.955,2039.079583
CUST00391,50,Journalist,38107.36,2955.613333
CUST00393,28,Teacher,20308.26,1684.355
CUST00394,20,Lawyer,60889.08,4859.09
CUST00395,37,Media_Manager,13603.41,863.6175
CUST00396,33,Media_Manager,12943.475,1327.622917
CUST00397,31,Mechanic,44483.64,3680.97
CUST00398,32,Manager,7795.54,804.6283333
CUST00399,39,Writer,177243.92,14526.32667
CUST00400,41,Musician,35518.98,3068.915
CUST00401,43,Journalist,8875.135,989.5945833
CUST00402,36,Media_Manager,16708.07,1359.339167
CUST00403,19,Journalist,81395.44,6584.953333
CUST00404,22,Media_Manager,48780.56,3835.046667
CUST00405,28,Mechanic,141753.72,11587.81
CUST00406,43,Manager,48608.78,4300.731667
CUST00407,22,Scientist,63206.72,5309.226667
CUST00408,27,Lawyer,63635.12,5476.926667
CUST00409,30,Mechanic,126849.18,10511.765
CUST00410,45,Developer,8779.145,507.5954167
CUST00411,34,Developer,16154.8,1443.233333
CUST00412,54,Manager,11631.405,858.28375
CUST00413,31,Media_Manager,24726.48,1767.54
CUST00414,25,Doctor,44188.5,3413.375
CUST00415,26,Accountant,13065.87,1359.8225
CUST00416,17,Journalist,49447.74,4282.645
CUST00417,23,Teacher,42941.85,3311.4875
CUST00418,33,Doctor,37824.65,3208.054167
CUST00419,53,Musician,66732.58,5845.048333
CUST00421,38,Entrepreneur,115800.54,9860.045
CUST00422,22,Doctor,88133.16,7147.43
CUST00423,40,Manager,27632.92,2312.743333
CUST00424,18,Journalist,21846.06,1978.505
CUST00425,29,Media_Manager,8610.765,888.56375
CUST00426,27,Engineer,49023.22,4161.268333
CUST00427,42,Developer,104564.64,9002.72
CUST00428,27,Entrepreneur,59751.78,5044.315
CUST00429,19,Architect,20978.49,1853.2075
CUST00430,44,Doctor,118644.36,10033.03
CUST00431,19,Accountant,30029.59,2406.465833
CUST00432,20,Media_Manager,81557.0,6718.416667
CUST00433,41,Writer,63331.9,5149.658333
CUST00434,36,Doctor,24069.55,1861.287842
CUST00435,29,Manager,15762.72,1593.56
CUST00436,50,Architect,122713.6,10114.13333
CUST00437,42,Architect,41499.21,3582.2675
CUST00438,22,Musician,82840.24,6973.353333
CUST00439,24,Journalist,24195.37,1946.280833
CUST00440,20,Scientist,78139.42,6315.618333
CUST00441,17,Entrepreneur,7106.15,592.1791667
CUST00442,38,Doctor,20193.59,1400.799167
CUST00443,31,Writer,62545.59,5133.1325
CUST00444,55,Architect,32011.89,2806.6575
CUST00445,33,Journalist,42399.03,3572.2525
CUST00446,30,Mechanic,23679.61,2266.300833
CUST00447,27,Teacher,62139.51,5089.2925
CUST00448,26,Manager,62846.31,5393.1925
CUST00449,31,Media_Manager,59438.91,5086.2425
CUST00450,36,Mechanic,69870.88,6020.573333
CUST00452,32,Scientist,74450.88,6139.24
CUST00453,32,Entrepreneur,146866.76,12108.89667
CUST00454,41,Lawyer,20914.44,1800.87
CUST00455,22,Engineer,18936.55,1723.045833
CUST00456,29,Accountant,61476.93,4940.0775
CUST00457,23,Writer,16198.305,1089.85875
CUST00458,22,Mechanic,20938.03,1896.835833
CUST00459,24,Lawyer,21364.2,1728.35
CUST00460,33,Lawyer,96826.96,7933.913333
CUST00461,44,Entrepreneur,16808.35,1188.695833
CUST00462,21,Media_Manager,59930.04,5207.17
CUST00463,52,Musician,128279.16,10966.93
CUST00464,24,Lawyer,53908.41,4456.3675
CUST00465,45,Manager,16718.08,1617.173333
CUST00466,38,Manager,83355.33,7208.2775
CUST00467,43,Media_Manager,11646.19,819.5158333
CUST00468,45,Writer,69577.92,5882.16
CUST00469,36,Developer,25621.01,1837.084167
CUST00470,29,Architect,55324.29,4334.3575
CUST00471,45,Lawyer,42947.49,3470.9575
CUST00473,37,Entrepreneur,60263.43,5242.9525
CUST00474,37,Teacher,44036.97,3884.7475
CUST00475,18,Developer,12681.45,1191.7875
CUST00476,30,Entrepreneur,16568.425,1550.702083
CUST00477,29,Writer,14952.03,1445.0025
CUST00479,44,Engineer,155726.76,12817.23
CUST00480,46,Entrepreneur,36591.25,3115.270833
CUST00481,50,Media_Manager,47280.76,3713.063333
CUST00482,38,Doctor,108161.7,9151.475
CUST00483,39,Engineer,19910.51,1622.209167
CUST00484,30,Entrepreneur,41977.78,3362.148333
CUST00485,24,Mechanic,11731.585,828.6320833
CUST00486,37,Musician,88406.34,7113.195
CUST00487,29,Developer,36035.32,2910.943333
CUST00488,25,Architect,113383.14,9321.595
CUST00489,44,Writer,51552.6,4413.05
CUST00490,36,Developer,39579.6,3206.3
CUST00491,27,Writer,41342.86,3419.238333
CUST00492,44,Writer,120260.2,9904.683333
CUST00493,47,Entrepreneur,36346.13,3188.844167
CUST00494,39,Accountant,25399.68,2124.64
CUST00495,45,Scientist,51307.1,4306.591667
CUST00496,35,Accountant,18578.88,1325.113473
CUST00498,32,Journalist,12303.09,1243.2575
CUST00499,25,Developer,35118.1,3113.508333
CUST00500,40,Manager,64057.72,5082.143333
CUST00501,32,Lawyer,44390.76,3586.23
CUST00502,18,Architect,37807.28,2933.606667
CUST00503,19,Manager,59154.04,4719.503333
CUST00504,28,Musician,41155.22,3264.601667
CUST00505,26,Teacher,15610.61,1350.884167
CUST00506,47,Writer,35670.66,3080.555
CUST00507,28,Doctor,28128.16,2337.013333
CUST00508,41,Writer,48144.78,3994.065
CUST00509,43,Writer,32178.74,2470.561667
CUST00510,23,Writer,17445.15,1284.7625
CUST00511,34,Mechanic,20522.13,1462.1775
CUST00513,51,Media_Manager,20703.48,1829.29
CUST00514,28,Doctor,8022.255,762.52125
CUST00515,43,Doctor,36717.63,2872.8025
CUST00516,21,Mechanic,35469.07,2935.755833
CUST00517,41,Mechanic,19519.57,1893.630833
CUST00518,19,Architect,35926.76,2802.896667
CUST00519,22,Writer,134150.0,10886.16667
CUST00520,43,Scientist,34204.8,2725.4
CUST00521,30,Developer,56131.48,4946.623333
CUST00522,24,Musician,57439.12,4586.593333
CUST00523,35,Architect,39944.67,3318.7225
CUST00524,35,Lawyer,32485.42,2451.118333
CUST00526,33,Journalist,16808.32,1276.693333
CUST00527,30,Mechanic,72116.25,5886.6875
CUST00528,27,Accountant,35823.96,2937.33
CUST00529,49,Journalist,140390.32,11888.19333
CUST00530,27,Lawyer,25198.19,2347.849167
CUST00531,31,Accountant,166907.72,13788.97667
CUST00533,18,Entrepreneur,81935.42,6867.951667
CUST00535,43,Architect,9197.37,791.4475
CUST00536,42,Accountant,20492.45,1534.704167
CUST00537,30,Developer,27242.8,2434.233333
CUST00538,33,Musician,81411.2,6537.266667
CUST00539,26,Media_Manager,18503.85,1634.9875
CUST00540,41,Doctor,105521.58,8595.465
CUST00541,22,Scientist,17855.94,1231.995
CUST00542,39,Manager,78477.18,6412.765
CUST00543,36,Engineer,32901.79,2549.815833
CUST00544,47,Engineer,73031.58,5912.965
CUST00545,45,Media_Manager,35235.18,3188.265
CUST00546,45,Media_Manager,66881.2,5873.433333
CUST00547,41,Accountant,14535.105,1345.25875
CUST00549,35,Doctor,19787.4,1379.95
CUST00550,38,Journalist,16893.44,1567.786667
CUST00551,18,Lawyer,21791.905,1871.992083
CUST00552,18,Scientist,77854.26,6411.855
CUST00553,39,Media_Manager,99802.48,8244.873333
CUST00554,55,Engineer,108491.28,9272.94
CUST00555,38,Developer,14021.57,1145.464167
CUST00556,44,Musician,76391.48,6596.956667
CUST00557,18,Architect,13486.615,1003.884583
CUST00558,53,Developer,34800.96,2632.08
CUST00560,42,Developer,32414.26,2749.188333
CUST00561,23,Engineer,34601.35,3141.445833
CUST00562,50,Writer,99007.68,8223.64
CUST00563,45,Lawyer,60572.7,4844.725
CUST00564,40,Media_Manager,14208.865,1365.072083
CUST00565,32,Media_Manager,35836.84,2865.403333
CUST00566,18,Engineer,20083.06,1856.588333
CUST00567,34,Media_Manager,26150.38,2183.198333
CUST00568,41,Scientist,14144.48,1206.706667
CUST00569,54,Accountant,122008.59,10084.3825
CUST00570,44,Scientist,11956.285,1127.357083
CUST00571,38,Lawyer,20949.58,1963.798333
CUST00572,34,Mechanic,18096.155,1338.012917
CUST00573,23,Mechanic,37788.3,3097.025
CUST00574,33,Developer,120955.92,10021.66
CUST00575,20,Architect,27983.07,2497.9225
CUST00576,46,Entrepreneur,56987.92,4626.993333
CUST00577,24,Media_Manager,50552.34,4197.695
CUST00578,30,Manager,16838.82,1398.235
CUST00580,29,Architect,29695.58,2601.631667
CUST00581,21,Scientist,85667.7,6966.975
CUST00582,39,Musician,83386.52,7081.876667
CUST00583,36,Accountant,10299.565,712.2970833
CUST00584,24,Lawyer,73871.92,6394.993333
CUST00585,19,Teacher,29353.04,2282.086667
CUST00586,40,Journalist,43700.61,3574.7175
CUST00587,29,Engineer,16471.35,1211.6125
CUST00588,23,Media_Manager,65187.34,5161.278333
CUST00589,40,Writer,29661.64,2377.803333
CUST00590,23,Writer,101912.13,8503.6775
CUST00591,40,Architect,65454.42,5205.535
CUST00592,43,Mechanic,20397.26,1670.771667
CUST00593,18,Doctor,38760.82,3310.068333
CUST00594,38,Architect,37131.02,3307.251667
CUST00595,23,Manager,140254.28,11655.85667
CUST00596,44,Musician,21484.035,2073.33625
CUST00597,22,Teacher,17750.19,1327.1825
CUST00598,35,Media_Manager,21145.595,1604.132917
CUST00599,20,Teacher,125491.64,10517.63667
CUST00600,35,Developer,36722.84,2820.236667
CUST00601,28,Musician,15687.44,1036.286667
CUST00602,42,Lawyer,7304.925,780.74375
CUST00603,20,Journalist,18921.78,1403.815
CUST00604,33,Architect,122942.28,10205.19
CUST00605,25,Engineer,42021.7,3386.808333
CUST00607,28,Mechanic,142177.84,11947.15333
CUST00608,47,Teacher,27814.63,2061.885833
CUST00609,34,Engineer,49995.18,4382.265
CUST00610,29,Teacher,34480.2,2691.35
CUST00611,54,Doctor,130688.56,11134.71333
CUST00612,29,Developer,15656.82,1557.735
CUST00614,23,Teacher,17975.32,1444.943333
CUST00615,52,Writer,20871.42,1522.285
CUST00616,43,Writer,30257.02,2605.418333
CUST00617,25,Scientist,28406.16,2371.18
CUST00618,43,Developer,99565.36,8377.113333
CUST00620,20,Lawyer,58698.08,4917.506667
CUST00621,28,Scientist,31461.84,2903.82
CUST00622,29,Manager,71677.59,5889.1325
CUST00623,21,Architect,17856.72,1440.06
CUST00624,43,Developer,44080.04,3658.336667
CUST00625,19,Manager,77519.04,6184.92
CUST00626,28,Manager,29281.94,2588.161667
CUST00627,34,Musician,101954.94,8544.245
CUST00628,34,Manager,87932.96,7206.746667
CUST00629,47,Scientist,31557.73,2877.810833
CUST00630,50,Doctor,128390.84,10622.23667
CUST00631,19,Writer,61887.2,5000.266667
CUST00633,18,Scientist,32594.76,2959.23
CUST00634,54,Writer,61669.47,5190.1225
CUST00635,34,Teacher,34514.51,3067.209167
CUST00636,28,Scientist,85589.68,6841.473333
CUST00637,49,Writer,21053.37,1616.4475
CUST00638,32,Journalist,14542.1,1449.841667
CUST00639,41,Accountant,111896.16,9571.68
CUST00640,42,Developer,7064.385,393.69875
CUST00641,35,Entrepreneur,72588.99,6242.0825
CUST00642,25,Scientist,60585.08,4977.756667
CUST00643,28,Musician,52949.07,4465.4225
CUST00645,49,Architect,28446.58,2597.548333
CUST00646,17,Teacher,16532.33,1416.694167
CUST00647,55,Scientist,17032.785,1176.39875
CUST00648,27,Lawyer,30261.67,2571.805833
CUST00649,17,Journalist,35853.56,2852.796667
CUST00650,36,Architect,52979.4,4366.95
CUST00651,32,Accountant,58637.34,4799.445
CUST00652,30,Teacher,53106.54,4265.545
CUST00654,52,Lawyer,32029.98,2588.165
CUST00655,55,Doctor,71424.57,5743.0475
CUST00656,25,Mechanic,12985.715,1164.142917
CUST00657,54,Engineer,41821.27,3430.105833
CUST00658,28,Entrepreneur,60116.7,5091.725
CUST00659,40,Engineer,96562.8,7911.9
CUST00660,37,Engineer,18721.3,1684.108333
CUST00661,38,Writer,31633.94,2729.161667
CUST00662,20,Mechanic,173968.96,14566.41333
CUST00663,45,Entrepreneur,33928.38,2623.365
CUST00664,40,Manager,123847.04,10555.58667
CUST00665,25,Teacher,34447.49,2723.624167
CUST00666,48,Architect,83483.96,6952.996667
CUST00667,42,Architect,9754.75,526.8958333
CUST00668,28,Media_Manager,50173.54,4323.128333
CUST00669,31,Architect,15627.72,1027.31
CUST00670,38,Journalist,97575.9,7850.325
CUST00671,37,Architect,64397.88,5240.49
CUST00672,21,Teacher,23952.07,1863.005833
CUST00673,29,Doctor,105565.65,8643.1375
CUST00674,26,Journalist,145934.16,12446.18
CUST00675,25,Musician,68171.55,5489.9625
CUST00676,29,Media_Manager,9599.265,618.93875
CUST00677,41,Accountant,61796.92,5318.743333
CUST00678,43,Media_Manager,20133.61,1671.800833
CUST00679,41,Journalist,8406.375,944.53125
CUST00680,18,Journalist,71368.6,5844.383333
CUST00681,30,Manager,100914.39,8546.5325
CUST00682,27,Lawyer,99903.36,8442.28
CUST00683,40,Scientist,119827.08,9834.59
CUST00684,32,Musician,39232.16,3331.346667
CUST00685,36,Doctor,19590.31,1408.525833
CUST00686,49,Accountant,83503.12,7052.593333
CUST00687,52,Accountant,143372.68,11822.72333
CUST00688,50,Mechanic,131617.4,10742.11667
CUST00689,20,Mechanic,15054.47,1458.539167
CUST00690,50,Musician,18268.61,1317.384167
CUST00691,24,Teacher,142152.48,11894.04
CUST00692,39,Journalist,20138.945,1940.245417
CUST00693,47,Scientist,144468.72,11788.06
CUST00695,41,Mechanic,41507.12,3650.926667
CUST00696,23,Teacher,58942.6,5168.883333
CUST00697,44,Journalist,121719.0,10073.25
CUST00698,52,Journalist,33815.65,2624.970833
CUST00699,37,Lawyer,42769.78,3756.148333
CUST00700,41,Lawyer,20474.27,1797.189167
CUST00701,40,Mechanic,38894.06,3010.171667
CUST00702,28,Lawyer,72140.07,5777.6725
CUST00703,24,Entrepreneur,11866.345,984.8620833
CUST00704,34,Doctor,83359.08,7168.59
CUST00705,49,Entrepreneur,44747.54,3984.961667
CUST00706,53,Manager,102630.0,8328.5
CUST00707,29,Mechanic,52595.46,4532.955
CUST00708,34,Scientist,101462.64,8633.22
CUST00709,19,Musician,77930.28,6504.19
CUST00710,34,Media_Manager,15688.25,1447.354167
CUST00712,53,Mechanic,42048.24,3758.02
CUST00713,21,Writer,136680.12,11420.01
CUST00714,37,Teacher,9339.455,924.2879167
CUST00715,47,Journalist,108172.29,9230.3575
CUST00716,26,Manager,97003.11,8101.5925
CUST00717,35,Lawyer,18873.2,1499.766667
CUST00718,27,Musician,38491.94,3098.661667
CUST00719,26,Musician,75044.98,5967.748333
CUST00720,46,Musician,11162.02,743.1683333
CUST00721,39,Writer,19934.08,1361.173333
CUST00722,49,Accountant,65912.38,5343.698333
CUST00723,21,Media_Manager,15399.52,1438.293333
CUST00724,53,Journalist,66174.84,5263.57
CUST00725,34,Accountant,9597.79,955.8158333
CUST00726,24,Accountant,34428.21,2575.0175
CUST00727,18,Engineer,15479.34,1143.945
CUST00728,31,Lawyer,19942.04,1783.836667
CUST00729,24,Journalist,7912.495,521.3745833
CUST00730,33,Entrepreneur,22488.625,1700.052083
CUST00731,37,Engineer,75650.04,6134.17
CUST00733,42,Writer,59908.68,5185.39
CUST00734,36,Manager,22250.525,1945.210417
CUST00735,47,Scientist,86189.58,7127.465
CUST00736,48,Entrepreneur,19848.365,1905.030417
CUST00737,43,Media_Manager,99902.37,8249.1975
CUST00738,22,Musician,15081.12,1298.76
CUST00739,47,Doctor,165002.4,13725.2
CUST00740,35,Manager,30776.8,2325.733333
CUST00741,24,Writer,20513.23,1508.435833
CUST00743,54,Journalist,28087.16,2514.596667
CUST00744,28,Engineer,99990.78,8256.565
CUST00745,52,Developer,43504.07,3767.339167
CUST00746,23,Doctor,28110.86,2519.571667
CUST00747,32,Accountant,21546.93,1561.5775
CUST00748,18,Musician,17993.4,1735.45
CUST00749,19,Engineer,63856.48,5320.373333
CUST00750,30,Media_Manager,73747.58,6166.631667
CUST00751,35,Architect,19328.71,1480.725833
CUST00752,20,Musician,42435.63,3657.3025
CUST00753,35,Accountant,16564.89,1594.4075
CUST00754,19,Musician,7985.155,870.4295833
CUST00755,20,Lawyer,81903.8,6603.316667
CUST00756,49,Lawyer,92041.02,7621.085
CUST00757,37,Journalist,40514.84,3511.236667
CUST00758,55,Journalist,60841.98,5053.165
CUST00759,29,Journalist,12660.16,909.0133333
CUST00760,43,Musician,46066.06,3567.838333
CUST00761,49,Journalist,97515.78,8066.315
CUST00762,39,Accountant,69847.44,6020.62
CUST00763,22,Teacher,124033.96,10500.16333
CUST00764,42,Doctor,88778.4,7635.2
CUST00765,26,Writer,36901.31,2952.109167
CUST00766,55,Musician,30594.51,2429.5425
CUST00767,31,Doctor,79837.02,6414.085
CUST00768,22,Media_Manager,82093.52,6574.126667
CUST00769,27,Engineer,38073.6,3048.8
CUST00772,55,Media_Manager,28836.92,2578.076667
CUST00773,29,Writer,110575.72,9009.643333
CUST00774,26,Journalist,146351.36,12267.94667
CUST00775,48,Doctor,25877.95,1860.495833
CUST00776,39,Doctor,86290.14,7381.845
CUST00777,51,Writer,29044.29,2438.3575
CUST00778,20,Manager,30783.88,2722.323333
CUST00779,44,Media_Manager,18759.61,1455.300833
CUST00780,37,Manager,20651.43,1610.9525
CUST00781,36,Doctor,81497.12,6540.426667
CUST00782,43,Mechanic,35205.24,3025.77
CUST00783,26,Lawyer,121948.8,9983.4
CUST00784,46,Developer,82065.16,6771.763333
CUST00785,25,Engineer,39564.52,3501.043333
CUST00786,24,Media_Manager,86468.68,7434.723333
CUST00787,46,Journalist,124052.22,10290.685
CUST00788,45,Scientist,45421.38,3942.115
CUST00789,25,Lawyer,20821.8,2010.15
CUST00790,34,Writer,48212.8,3877.733333
CUST00791,20,Engineer,42888.45,3654.0375
CUST00792,26,Writer,59304.08,4694.006667
CUST00793,38,Musician,58865.88,4622.49
CUST00794,36,Media_Manager,16192.1,1284.341667
CUST00795,51,Journalist,84031.02,7021.585
CUST00796,26,Mechanic,46092.27,4134.0225
CUST00797,38,Teacher,69197.78,5533.481667
CUST00798,52,Writer,70741.04,5917.086667
CUST00800,50,Scientist,111395.61,9041.9675
CUST00801,45,Musician,118879.68,9641.64
CUST00802,27,Writer,29344.53,2562.3775
CUST00803,33,Musician,17770.48,1771.873333
CUST00804,40,Accountant,39460.01,3030.334167
CUST00805,44,Accountant,15989.085,1086.42375
CUST00806,37,Entrepreneur,54481.56,4453.13
CUST00807,41,Writer,42776.51,3278.709167
CUST00808,40,Entrepreneur,36716.18,2789.681667
CUST00810,38,Doctor,14293.11,1112.0925
CUST00811,26,Teacher,39005.96,3380.496667
CUST00812,38,Scientist,29143.88,2257.656667
CUST00813,34,Engineer,34266.08,3038.506667
CUST00815,25,Accountant,84880.65,7333.3875
CUST00816,41,Entrepreneur,77257.64,6237.136667
CUST00817,28,Entrepreneur,8227.855,656.6545833
CUST00818,28,Mechanic,46264.71,3857.3925
CUST00819,45,Media_Manager,28942.3,2216.858333
CUST00820,37,Accountant,20758.37,1458.864167
CUST00821,48,Lawyer,14303.125,1056.927083
CUST00822,54,Media_Manager,43307.12,3864.926667
CUST00823,25,Journalist,45002.48,3485.206667
CUST00824,36,Engineer,9158.03,863.1691667
CUST00825,19,Engineer,69941.88,5674.49
CUST00826,23,Doctor,47178.46,4126.538333
CUST00827,30,Lawyer,42772.49,3664.374167
CUST00828,40,Teacher,16716.53,1519.044167
CUST00829,21,Engineer,51333.99,3762.49524
CUST00830,38,Scientist,30450.84,2506.57
CUST00831,19,Mechanic,41812.32,3637.36
CUST00832,53,Scientist,22116.64,1803.053333
CUST00833,25,Teacher,34668.59,3143.049167
CUST00834,27,Scientist,48181.11,3888.0925
CUST00835,25,Journalist,33284.76,2775.73
CUST00836,39,Teacher,106543.35,8635.6125
CUST00837,29,Developer,116687.92,9747.993333
CUST00838,27,Engineer,17450.0,1582.166667
CUST00839,26,Media_Manager,7006.52,811.8766667
CUST00840,25,Writer,59237.96,4693.496667
CUST00841,48,Lawyer,35208.9,2739.075
CUST00842,25,Scientist,64493.46,5026.587584
CUST00843,34,Musician,17654.72,1173.226667
CUST00844,45,Scientist,127921.84,10899.15333
CUST00845,54,Writer,120789.44,10076.78667
CUST00846,55,Journalist,44034.82,3568.568333
CUST00847,36,Journalist,34425.62,2750.801667
CUST00848,30,Doctor,34336.93,2660.410833
CUST00849,45,Engineer,131890.95,10709.9125
CUST00851,43,Lawyer,149616.12,12713.01
CUST00852,31,Entrepreneur,69699.66,5538.305
CUST00855,29,Architect,88331.64,7463.97
CUST00856,35,Architect,40206.26,3552.521667
CUST00857,42,Entrepreneur,20460.96,1655.08
CUST00858,24,Entrepreneur,62835.08,5464.256667
CUST00860,39,Lawyer,16138.98,1236.915
CUST00861,39,Engineer,34861.12,2644.093333
CUST00862,35,Engineer,53872.34,4565.361667
CUST00863,30,Doctor,22530.69,1755.5575
CUST00864,48,Developer,27311.97,2348.9975
CUST00865,20,Accountant,19997.48,1562.456667
CUST00866,23,Accountant,65234.24,5433.186667
CUST00867,36,Teacher,68173.92,5948.16
CUST00868,36,Media_Manager,75672.08,6254.006667
CUST00869,30,Media_Manager,16579.3,1239.608333
CUST00870,18,Engineer,62956.56,5147.38
CUST00871,44,Mechanic,123511.28,10430.60667
CUST00872,29,Developer,16646.26,1611.188333
CUST00873,23,Developer,36496.38,2934.365
CUST00874,26,Musician,146598.88,12357.57333
CUST00875,40,Lawyer,9542.28,671.19
CUST00876,34,Journalist,29369.12,2171.426667
CUST00877,52,Musician,149168.88,12297.74
CUST00878,47,Manager,58267.5,4601.625
CUST00879,34,Scientist,118047.92,9818.326667
CUST00880,40,Musician,63353.68,5356.473333
CUST00881,43,Scientist,11364.87,1095.0725
CUST00883,24,Accountant,10277.33,1072.444167
CUST00884,38,Lawyer,31305.26,2826.771667
CUST00885,36,Lawyer,130793.12,10957.42667
CUST00886,32,Architect,20059.775,1646.647917
CUST00888,40,Architect,35873.36,2922.446667
CUST00889,55,Architect,165774.56,13560.54667
CUST00890,29,Writer,19212.79,1817.065833
CUST00891,38,Scientist,16322.12,1564.176667
CUST00892,36,Entrepreneur,62932.48,5437.373333
CUST00893,44,Engineer,72322.52,5982.876667
CUST00894,28,Mechanic,139538.32,11455.19333
CUST00895,41,Doctor,45238.04,3937.836667
CUST00896,35,Teacher,133377.21,11114.7675
CUST00897,34,Journalist,17791.55,1587.629167
CUST00898,32,Engineer,41655.16,3743.263333
CUST00899,34,Lawyer,20380.865,1660.405417
CUST00900,25,Accountant,36753.32,3164.776667
CUST00901,40,Developer,75602.28,6185.19
CUST00902,52,Lawyer,41113.35,3325.341838
CUST00903,51,Scientist,80362.35,6908.8625
CUST00904,20,Scientist,32107.52,2537.626667
CUST00905,45,Entrepreneur,68056.56,5540.38
CUST00906,30,Engineer,40580.24,3496.686667
CUST00907,44,Doctor,14080.81,1142.400833
CUST00908,27,Accountant,48428.1,4242.675
CUST00910,23,Journalist,42384.08,3296.006667
CUST00911,22,Teacher,8086.58,823.8816667
CUST00912,20,Writer,49178.48,3972.206667
CUST00913,33,Accountant,9009.775,692.8145833
CUST00914,19,Architect,89388.72,7695.06
CUST00915,26,Teacher,39471.98,3166.331667
CUST00916,22,Writer,49598.67,3860.2225
CUST00917,27,Mechanic,15322.45,1536.870833
CUST00918,19,Journalist,53367.48,4223.29
CUST00919,32,Accountant,26217.46,1930.788333
CUST00920,45,Developer,63501.72,5471.81
CUST00921,41,Entrepreneur,87481.62,7022.135
CUST00922,50,Mechanic,29097.82,2398.818333
CUST00923,23,Journalist,71809.76,6168.146667
CUST00924,20,Journalist,20066.6,1732.216667
CUST00925,43,Entrepreneur,18137.25,1729.4375
CUST00926,42,Musician,35346.69,2757.5575
CUST00927,30,Scientist,148990.16,12474.84667
CUST00928,43,Lawyer,9735.115,695.2595833
CUST00929,49,Engineer,148786.04,12492.83667
CUST00930,24,Journalist,58940.76,4806.73
CUST00931,27,Mechanic,37983.12,3398.26
CUST00932,33,Writer,8312.495,893.7079167
CUST00933,31,Journalist,120348.8,10268.06667
CUST00934,20,Media_Manager,77936.01,6734.6675
CUST00935,33,Accountant,177887.8,14828.98333
CUST00936,28,Writer,20677.0,1843.083333
CUST00937,45,Mechanic,63093.32,5212.776667
CUST00938,18,Manager,127491.48,10731.29
CUST00939,19,Engineer,35322.24,2805.52
CUST00940,19,Media_Manager,40327.22,3595.601667
CUST00941,42,Doctor,99480.44,8532.036667
CUST00942,37,Scientist,34773.31,2878.775833
CUST00943,34,Lawyer,31741.57,2858.130833
CUST00944,28,Journalist,17273.83,1281.485833
CUST00945,22,Mechanic,101723.52,8608.96
CUST00947,53,Developer,25506.53,2194.030868
CUST00948,36,Lawyer,18843.62,1603.301667
CUST00949,39,Developer,31700.08,2710.673333
CUST00950,35,Journalist,71223.92,5713.326667
CUST00951,53,Scientist,85875.8,7256.316667
CUST00952,26,Developer,25795.97,1932.664167
CUST00953,24,Mechanic,87957.02,7453.751667
CUST00954,25,Entrepreneur,33063.59,2741.299167
CUST00955,27,Media_Manager,14480.21,943.6841667
CUST00956,37,Teacher,84660.74,7046.061667
CUST00957,33,Engineer,77335.86,6164.655
CUST00958,25,Writer,23613.43,2202.785833
CUST00959,17,Lawyer,15325.73,1181.144167
CUST00960,40,Musician,68110.83,5469.9025
CUST00961,44,Entrepreneur,16053.86,1196.821667
CUST00962,50,Entrepreneur,169141.6,14373.13333
CUST00963,19,Musician,42870.21,3523.5175
CUST00964,34,Teacher,128189.37,10390.4475
CUST00965,35,Scientist,58537.38,4688.115
CUST00966,50,Doctor,24667.16,2284.596667
CUST00967,32,Lawyer,62757.12,5033.76
CUST00968,40,Mechanic,9767.32,872.9433333
CUST00969,31,Doctor,14292.96,1096.08
CUST00970,37,Developer,8571.29,514.2741667
CUST00972,18,Lawyer,53181.21,4636.7675
CUST00973,32,Journalist,89239.35,7680.6125
CUST00974,46,Mechanic,98962.77,8044.8975
CUST00976,37,Writer,10030.52,696.8766667
CUST00979,38,Doctor,34680.44,3136.036667
CUST00980,22,Doctor,23195.18,1768.931667
CUST00981,47,Teacher,68375.37,5914.9475
CUST00982,46,Journalist,115827.92,9459.326667
CUST00983,33,Scientist,12025.84,961.1533333
CUST00984,42,Architect,14439.41,956.2841667
CUST00985,34,Entrepreneur,20516.18,1766.681667
CUST00986,37,Journalist,15590.68,1298.223333
CUST00987,21,Journalist,103968.39,8612.0325
CUST00988,39,Writer,65934.22,5454.518333
CUST00989,54,Writer,76046.25,6082.1875
CUST00990,42,Writer,17602.93,1176.910833
CUST00991,23,Media_Manager,70779.18,5861.265
CUST00992,27,Writer,20373.24,1845.77
CUST00993,28,Teacher,20377.7,1659.141667
CUST00994,42,Entrepreneur,35064.5,2949.041667
CUST00996,19,Entrepreneur,73842.33,5927.5275
CUST00997,42,Lawyer,36151.31,2868.609167
CUST00998,40,Writer,20081.52,1454.46
CUST00999,34,Doctor,110721.66,9259.805
CUST01000,51,Lawyer,35724.37,3149.030833
CUST01001,31,Entrepreneur,18793.34,1612.111667
CUST01002,34,Scientist,27156.59,2160.049167
CUST01003,33,Teacher,14851.27,1462.605833
CUST01004,27,Scientist,14276.64,1397.72
CUST01005,34,Writer,56643.04,4479.253333
CUST01006,23,Mechanic,64249.44,5428.12
CUST01007,22,Musician,15680.0,1571.666667
CUST01008,32,Journalist,34153.67,2702.139167
CUST01009,32,Teacher,16599.37,1099.280833
CUST01010,36,Engineer,158757.88,13111.82333
CUST01011,44,Developer,86446.44,7309.87
CUST01012,27,Entrepreneur,76113.09,6281.7575
CUST01013,45,Teacher,9786.86,951.5716667
CUST01014,26,Media_Manager,17028.31,1663.025833
CUST01015,48,Engineer,33835.16,2807.596667
CUST01016,39,Developer,15968.14,1380.678333
CUST01017,40,Entrepreneur,74499.6,5910.3
CUST01018,46,Architect,170131.24,14153.60333
CUST01020,30,Architect,16154.25,1273.1875
CUST01021,37,Scientist,28050.2,2443.516667
CUST01022,34,Teacher,98887.41,8176.6175
CUST01023,26,Developer,8879.57,557.9641667
CUST01024,45,Engineer,51200.46,4108.705
CUST01025,45,Mechanic,85720.48,6999.373333
CUST01026,38,Writer,28315.74,2427.645
CUST01027,38,Developer,91642.4,7468.866667
CUST01028,38,Musician,7109.175,536.43125
CUST01029,45,Entrepreneur,65793.66,5616.805
CUST01030,38,Accountant,8317.345,678.1120833
CUST01031,32,Media_Manager,43655.04,3794.92
CUST01032,40,Accountant,14962.35,958.8625
CUST01033,38,Accountant,101977.44,8475.12
CUST01034,49,Lawyer,102080.46,8299.705
CUST01035,25,Lawyer,16497.78,1291.815
CUST01036,34,Musician,107275.71,9188.6425
CUST01037,55,Journalist,24018.71,1799.559167
CUST01038,55,Engineer,107458.2,8698.85
CUST01039,29,Architect,32900.5,2625.708333
CUST01040,31,Doctor,17161.57,1585.130833
CUST01041,24,Teacher,40198.96,3424.913333
CUST01042,18,Media_Manager,39242.58,3332.215
CUST01043,42,Entrepreneur,31645.66,2676.138333
CUST01044,25,Lawyer,92428.83,7799.4025
CUST01045,38,Manager,41925.32,3694.776667
CUST01046,41,Architect,132861.6,11243.8
CUST01047,42,Lawyer,107451.03,9204.2525
CUST01048,20,Architect,91717.32,7856.11
CUST01049,27,Writer,12723.325,1183.277083
CUST01050,37,Accountant,12062.27,1195.189167
CUST01051,40,Lawyer,79367.94,6535.995
CUST01052,30,Mechanic,84374.12,7204.176667
CUST01053,53,Scientist,103049.46,8408.455
CUST01054,24,Journalist,32218.68,2813.89
CUST01055,45,Architect,22032.74,2079.061667
CUST01056,50,Entrepreneur,19514.52,1874.21
CUST01057,37,Media_Manager,87070.0,7295.833333
CUST01058,22,Scientist,27347.9,2499.991667
CUST01059,41,Writer,47899.86,3852.655
CUST01060,18,Engineer,40492.58,3275.381667
CUST01061,29,Lawyer,20334.43,1541.535833
CUST01062,31,Doctor,33409.33,2529.110833
CUST01063,40,Lawyer,15551.6,1315.966667
CUST01064,22,Teacher,88220.12,7146.676667
CUST01065,50,Musician,138142.16,11719.84667
CUST01066,27,Manager,56714.52,4561.21
CUST01067,52,Entrepreneur,100058.19,8529.1825
CUST01068,23,Media_Manager,86676.39,7198.0325
CUST01069,26,Manager,26281.03,2440.085833
CUST01070,39,Teacher,14407.92,913.66
CUST01071,27,Musician,22332.29,1977.024167
CUST01072,24,Writer,15964.31,1229.359167
CUST01073,27,Scientist,43452.15,3864.0125
CUST01074,34,Engineer,42018.21,3544.5175
CUST01075,33,Manager,86763.16,7138.263333
CUST01076,26,Entrepreneur,29901.97,2462.830833
CUST01077,40,Lawyer,36963.52,2902.293333
CUST01079,27,Teacher,55916.52,4597.71
CUST01080,28,Doctor,45139.08,3535.59
CUST01081,37,Entrepreneur,9589.545,697.12875
CUST01082,19,Teacher,16644.37,1677.030833
CUST01084,49,Musician,29365.12,2524.093333
CUST01085,42,Engineer,64613.32,5232.443333
CUST01086,25,Doctor,163380.76,13446.06333
CUST01087,32,Teacher,179948.84,14836.73667
CUST01088,32,Doctor,31323.88,2438.323333
CUST01089,24,Media_Manager,7476.3,636.025
CUST01090,48,Journalist,18407.68,1685.973333
CUST01091,41,Journalist,19620.3,1866.025
CUST01092,46,Doctor,30081.37,2333.780833
CUST01093,23,Mechanic,50043.27,4132.2725
CUST01094,43,Mechanic,18957.37,1637.780833
CUST01095,46,Lawyer,132473.04,10889.42
CUST01096,19,Engineer,104708.79,8717.7325
CUST01097,34,Lawyer,33616.73,2828.394167
CUST01098,20,Mechanic,19267.17,1531.5975
CUST01099,54,Manager,123306.12,10321.51
CUST01100,29,Doctor,7981.345,412.1120833
CUST01101,36,Developer,10987.935,1103.66125
CUST01102,18,Teacher,49233.0,3957.75
CUST01103,25,Developer,57765.42,4618.785
CUST01104,36,Lawyer,147221.48,12046.45667
CUST01106,52,Mechanic,105997.47,8711.1225
CUST01108,33,Developer,91308.16,7781.013333
CUST01109,49,Writer,30020.14,2346.678333
CUST01110,26,Teacher,74268.2,6186.016667
CUST01111,43,Teacher,86092.12,6929.343333
CUST01112,43,Architect,15952.79,1255.399167
CUST01113,43,Mechanic,78999.96,6396.33
CUST01114,28,Scientist,34107.42,3000.285
CUST01115,33,Scientist,44360.46,3743.705
CUST01116,24,Scientist,25138.62,1908.885
CUST01117,38,Lawyer,38149.09,3121.090833
CUST01118,27,Mechanic,55229.64,4833.47
CUST01119,18,Manager,57786.18,4910.515
CUST01120,25,Accountant,98917.23,8513.1025
CUST01121,22,Manager,15803.96,1307.996667
CUST01122,38,Architect,13050.62,1090.551667
CUST01123,35,Writer,40602.72,3177.56
CUST01124,42,Accountant,56370.98,4973.581667
CUST01125,51,Teacher,17727.93,1349.3275
CUST01126,27,Mechanic,64720.9,5559.408333
CUST01127,20,Doctor,19549.47,1897.1225
CUST01128,43,Entrepreneur,63876.28,5325.023333
CUST01129,31,Accountant,27269.1,2437.425
CUST01130,51,Lawyer,20871.24,1818.27
CUST01131,27,Teacher,70099.04,6088.586667
CUST01132,47,Accountant,97505.64,8343.47
CUST01133,18,Manager,9734.325,876.19375
CUST01134,53,Accountant,35554.04,3096.836667
CUST01135,32,Engineer,79772.04,6885.67
CUST01136,41,Scientist,22416.225,1675.01875
CUST01137,42,Entrepreneur,63658.26,5281.855
CUST01138,43,Doctor,74820.12,6511.01
CUST01139,52,Writer,29462.18,2510.181667
CUST01140,37,Lawyer,118111.08,10072.59
CUST01141,22,Accountant,10132.985,842.4154167
CUST01142,39,Journalist,53530.53,4315.8775
CUST01143,26,Musician,8918.13,825.1775
CUST01144,55,Lawyer,129903.88,10538.32333
CUST01145,26,Entrepreneur,54275.88,4758.99
CUST01146,34,Engineer,125047.24,10682.60333
CUST01147,26,Teacher,45403.1,3536.591667
CUST01148,38,Writer,8545.26,1008.105
CUST01149,45,Lawyer,32017.75,2905.145833
CUST01150,36,Developer,110064.33,9095.0275
CUST01151,30,Manager,78290.36,6648.196667
CUST01152,24,Accountant,83330.32,7235.193333
CUST01153,24,Developer,8422.385,873.8654167
CUST01154,52,Journalist,60781.48,5312.123333
CUST01155,52,Mechanic,11855.82,943.985
CUST01156,45,Media_Manager,76208.52,6431.71
CUST01157,30,Architect,23088.35,1836.029167
CUST01158,29,Developer,60417.68,5237.806667
CUST01159,41,Musician,33978.57,2685.5475
CUST01160,23,Mechanic,116721.18,9552.765
CUST01161,36,Accountant,9546.425,739.5354167
CUST01162,50,Manager,21324.515,1532.042917
CUST01163,22,Writer,35952.45,3174.0375
CUST01164,20,Engineer,7775.33,849.9441667
CUST01165,23,Writer,16803.61,1381.300833
CUST01166,30,Manager,78390.96,6609.58
CUST01167,19,Doctor,80485.76,6463.146667
CUST01168,21,Lawyer,131235.75,11085.3125
CUST01169,37,Journalist,57827.1,5009.925
CUST01170,47,Developer,26340.1,2476.008333
CUST01171,41,Accountant,56604.96,4515.08
CUST01172,30,Architect,37442.05,3081.170833
CUST01173,29,Lawyer,177907.72,14712.64333
CUST01174,29,Mechanic,143741.2,12034.43333
CUST01175,36,Journalist,31911.34,2424.278333
CUST01176,43,Musician,78186.56,6540.546667
CUST01177,19,Manager,46640.82,3824.735
CUST01178,40,Entrepreneur,96910.48,7797.873333
CUST01179,29,Lawyer,20790.085,2015.507083
CUST01180,25,Architect,21524.21,1720.684167
CUST01181,36,Architect,88481.16,7082.43
CUST01182,37,Media_Manager,18244.44,1555.37
CUST01183,31,Writer,95999.44,7725.953333
CUST01184,36,Teacher,42052.74,3790.395
CUST01185,52,Scientist,32012.4,2380.7
CUST01186,23,Developer,102412.35,8290.3625
CUST01187,23,Mechanic,68988.68,5942.056667
CUST01188,47,Accountant,69869.92,5940.493333
CUST01189,39,Teacher,15707.85,1048.9875
CUST01190,38,Scientist,41176.49,3427.374167
CUST01191,35,Developer,8631.04,683.2533333
CUST01192,26,Doctor,18094.55,1570.879167
CUST01193,21,Doctor,55907.52,4543.96
CUST01194,42,Journalist,84114.48,6848.54
CUST01195,35,Teacher,8155.79,380.6491667
CUST01196,26,Developer,138722.36,11264.19667
CUST01198,22,Teacher,29880.29,2239.024167
CUST01199,27,Media_Manager,70218.36,5937.53
CUST01200,51,Mechanic,38694.66,3080.555
CUST01201,54,Journalist,32985.87,2928.8225
CUST01202,37,Architect,7493.335,601.4445833
CUST01203,45,Accountant,81471.96,6763.33
CUST01204,47,Engineer,84074.88,7097.24
CUST01205,33,Teacher,81427.02,6877.585
CUST01206,42,Media_Manager,34956.58,2809.048333
CUST01207,42,Musician,21039.96,1493.33
CUST01208,44,Developer,82402.34,7056.861667
CUST01209,33,Doctor,19633.99,1720.165833
CUST01210,34,Journalist,70978.44,5993.87
CUST01211,47,Lawyer,17577.76,1762.813333
CUST01212,33,Doctor,82623.0,7138.25
CUST01213,54,Accountant,41070.53,3364.544167
CUST01214,23,Teacher,72207.52,5881.293333
CUST01215,42,Mechanic,82196.31,6957.6925
CUST01216,41,Manager,14722.08,1248.84
CUST01217,54,Musician,33720.51,2678.0425
CUST01218,23,Teacher,81091.76,6424.489495
CUST01220,19,Doctor,72125.2,6094.433333
CUST01221,35,Developer,31754.27,2541.189167
CUST01222,36,Accountant,16341.075,1292.75625
CUST01223,35,Architect,32881.92,2733.16
CUST01224,23,Doctor,46850.7,3837.225
CUST01225,45,Architect,64118.72,5229.226667
CUST01226,31,Scientist,7944.18,647.015
CUST01227,47,Media_Manager,88983.52,7675.293333
CUST01228,50,Developer,19199.49,1649.9575
CUST01229,33,Accountant,64560.52,5293.043333
CUST01230,27,Entrepreneur,80892.92,6767.076667
CUST01231,41,Engineer,34019.26,2956.938333
CUST01232,19,Manager,9345.955,558.8295833
CUST01233,41,Lawyer,21302.97,1799.2475
CUST01234,32,Engineer,9211.98,769.665
CUST01235,31,Journalist,14501.97,1477.4975
CUST01236,36,Teacher,8961.865,730.8220833
CUST01237,32,Architect,11703.605,993.3004167
CUST01238,48,Accountant,151085.88,12540.49
CUST01239,40,Journalist,97059.0,8295.25
CUST01240,41,Lawyer,17122.37,1183.864167
CUST01241,24,Musician,61664.0,4930.666667
CUST01242,23,Manager,10062.445,941.5370833
CUST01243,39,Teacher,56157.03,4790.7525
CUST01244,53,Manager,71305.22,5914.101667
CUST01245,45,Developer,43742.01,3792.1675
CUST01246,37,Teacher,28840.8,2169.4
CUST01247,27,Mechanic,140919.04,12025.25333
CUST01248,53,Manager,65448.14,5226.011667
CUST01249,33,Writer,100716.36,8413.03
CUST01250,21,Teacher,16603.43,1205.619167
CUST01251,45,Scientist,20261.85,1598.4875
CUST01252,29,Entrepreneur,38577.6,3469.8
CUST01253,22,Architect,33882.6,2841.55
CUST01254,44,Mechanic,30909.93,2554.8275
CUST01256,27,Doctor,162144.64,13743.05333
CUST01257,31,Teacher,35952.25,2966.020833
CUST01258,33,Entrepreneur,21964.79,1783.399167
CUST01259,40,Scientist,44941.95,3946.1625
CUST01260,24,Lawyer,62862.69,5155.5575
CUST01261,34,Accountant,66749.64,5379.47
CUST01262,24,Lawyer,29404.31,2359.359167
CUST01263,27,Mechanic,20060.23,1873.685833
CUST01264,27,Mechanic,53894.12,4583.176667
CUST01266,36,Manager,12332.855,866.7379167
CUST01267,29,Doctor,18002.675,1430.222917
CUST01268,29,Entrepreneur,85926.78,7351.565
CUST01269,35,Musician,20051.92,1845.993333
CUST01270,51,Lawyer,148841.56,12696.46333
CUST01271,18,Manager,69374.78,5710.231667
CUST01272,53,Teacher,145917.88,12376.82333
CUST01273,52,Teacher,20145.525,1401.79375
CUST01275,49,Manager,39337.45,3032.120833
CUST01277,37,Teacher,98759.91,8524.9925
CUST01278,53,Journalist,88688.94,7287.745
CUST01279,26,Musician,81268.8,6849.4
CUST01280,35,Media_Manager,19708.86,1435.405
CUST01281,36,Musician,56175.12,4916.26
CUST01282,19,Doctor,37404.67,3344.055833
CUST01284,51,Musician,101583.48,8648.29
CUST01285,18,Accountant,19415.89,1792.990833
CUST01286,33,Musician,48121.32,4253.11
CUST01287,35,Accountant,57196.56,4838.38
CUST01288,46,Entrepreneur,62719.36,5315.613333
CUST01289,20,Writer,67242.56,5819.546667
CUST01290,25,Engineer,143252.76,12131.73
CUST01291,42,Lawyer,41896.88,3664.406667
CUST01292,19,Doctor,15833.87,1398.489167
CUST01293,25,Entrepreneur,62115.81,5064.3175
CUST01294,28,Developer,136900.4,11257.36667
CUST01295,36,Entrepreneur,16474.845,1247.90375
CUST01296,43,Architect,66516.32,5333.026667
CUST01297,50,Media_Manager,85471.89,7179.6575
CUST01298,22,Writer,8557.39,797.1158333
CUST01299,21,Entrepreneur,8294.385,946.19875
CUST01300,39,Media_Manager,17372.48,1371.706667
CUST01302,38,Developer,14896.98,1232.415
CUST01303,26,Musician,79741.88,6748.156667
CUST01304,32,Manager,16216.795,1454.399583
CUST01305,41,Scientist,17638.365,1341.86375
CUST01306,41,Musician,60071.07,5069.9225
CUST01307,27,Entrepreneur,16538.39,1359.199167
CUST01309,38,Journalist,60520.95,4783.4125
CUST01310,30,Media_Manager,59086.62,4664.885
CUST01312,39,Developer,26282.47,2125.205833
CUST01313,23,Doctor,14790.965,1369.580417
CUST01314,38,Entrepreneur,71212.16,5749.346667
CUST01315,54,Accountant,39094.34,3554.861667
CUST01316,34,Lawyer,104917.74,8526.145
CUST01317,40,Developer,57296.46,4618.705
CUST01318,21,Developer,42710.62,3766.218333
CUST01319,30,Engineer,17612.175,1143.228824
CUST01320,34,Manager,33177.95,2891.829167
CUST01321,37,Writer,73355.38,6136.948333
CUST01322,29,Architect,31936.05,2432.3375
CUST01323,22,Mechanic,14647.905,1105.65875
CUST01324,29,Musician,79548.32,6355.026667
CUST01325,22,Engineer,7415.08,815.9233333
CUST01326,25,Writer,19725.7,1835.808333
CUST01327,36,Media_Manager,82999.64,7156.636667
CUST01328,18,Teacher,9648.22,931.0183333
CUST01329,18,Manager,15728.24,1061.686667
CUST01330,37,Musician,89757.46,6373.027993
CUST01331,21,Media_Manager,88535.92,7299.993333
CUST01332,39,Mechanic,69102.09,6027.5075
CUST01333,28,Writer,28193.38,2643.448333
CUST01334,42,Entrepreneur,21637.515,1542.12625
CUST01335,28,Mechanic,28910.45,2414.204167
CUST01336,25,Mechanic,20380.51,1854.375833
CUST01337,52,Writer,43592.45,3758.704167
CUST01338,28,Scientist,60122.68,5004.223333
CUST01339,28,Lawyer,20293.24,1700.103333
CUST01340,42,Teacher,38060.68,3018.723333
CUST01341,35,Engineer,77470.14,6744.845
CUST01342,33,Scientist,39883.46,3520.621667
CUST01343,42,Architect,36690.32,2922.526667
CUST01344,29,Mechanic,27653.79,2411.4825
CUST01345,45,Doctor,17458.44,1446.87
CUST01346,44,Doctor,21450.72,1713.56
CUST01347,38,Writer,10361.92,666.4933333
CUST01348,32,Writer,14130.645,980.55375
CUST01349,26,Architect,32729.97,2908.4975
CUST01350,28,Musician,31170.53,2854.544167
CUST01351,37,Media_Manager,59759.68,5062.973333
CUST01352,20,Engineer,15838.8,1415.9
CUST01353,38,Developer,28253.72,2460.476667
CUST01354,49,Writer,122322.0,10018.5
CUST01355,43,Musician,32012.65,2721.720833
CUST01356,30,Developer,83457.76,6936.813333
CUST01357,43,Mechanic,15712.65,1195.3875
CUST01358,33,Scientist,7617.915,626.82625
CUST01359,18,Media_Manager,50739.27,4387.2725
CUST01360,44,Accountant,14161.865,1361.155417
CUST01361,53,Manager,15285.495,1523.79125
CUST01363,28,Media_Manager,20297.91,1785.4925
CUST01364,44,Architect,28840.47,2466.3725
CUST01365,52,Accountant,94216.14,7587.345
CUST01366,20,Teacher,81425.24,6579.436667
CUST01367,46,Developer,101296.71,8456.3925
CUST01368,33,Writer,33395.89,2902.990833
CUST01369,19,Entrepreneur,20785.005,1837.08375
CUST01370,32,Lawyer,7174.99,886.9158333
CUST01371,19,Journalist,22318.49,2130.874167
CUST01372,50,Accountant,110143.65,9117.6375
CUST01373,37,Architect,118062.2,10136.51667
CUST01374,44,Musician,7012.31,577.3591667
CUST01375,33,Manager,89424.9,7615.075
CUST01376,39,Entrepreneur,10341.68,761.8066667
CUST01377,34,Manager,19213.81,1812.150833
CUST01378,18,Developer,61319.37,5065.9475
CUST01379,55,Journalist,144901.76,12350.14667
CUST01380,30,Doctor,47958.76,3756.563333
CUST01381,39,Journalist,35417.25,3013.4375
CUST01382,38,Writer,109110.57,9109.5475
CUST01383,34,Media_Manager,67951.65,5961.6375
CUST01384,18,Journalist,22931.66,1863.971667
CUST01385,20,Entrepreneur,88620.14,6814.368375
CUST01386,41,Media_Manager,18205.45,1480.120833
CUST01387,30,Engineer,12025.045,1263.087083
CUST01388,26,Scientist,71461.6,5908.133333
CUST01389,50,Engineer,89666.88,7309.24
CUST01390,18,Manager,67917.44,5611.786667
CUST01392,24,Writer,83675.56,6913.963333
CUST01393,50,Media_Manager,16558.12,1217.843333
CUST01394,30,Accountant,83037.36,6663.78
CUST01395,26,Developer,9029.7,938.475
CUST01396,34,Developer,73044.56,6149.046667
CUST01397,46,Mechanic,17519.775,1362.98125
CUST01398,22,Teacher,40406.18,3191.181667
CUST01399,28,Media_Manager,95099.7,7950.975
CUST01400,35,Scientist,22410.53,2071.544167
CUST01401,29,Engineer,105860.04,8996.67
CUST01402,27,Developer,133949.36,11262.44667
CUST01403,26,Scientist,41160.86,3371.071667
CUST01404,20,Developer,27956.77,2624.730833
CUST01406,34,Musician,7499.935,524.9945833
CUST01407,18,Mechanic,145858.88,11878.90667
CUST01408,40,Lawyer,35417.27,2789.439167
CUST01409,35,Teacher,69051.14,5503.261667
CUST01410,25,Scientist,111456.21,9328.0175
CUST01411,51,Accountant,76353.4,6597.783333
CUST01412,44,Accountant,19795.89,1352.6575
CUST01413,21,Engineer,15652.99,1318.415833
CUST01414,18,Developer,13754.5,1261.208333
CUST01415,26,Developer,116809.0,9812.083333
CUST01416,29,Teacher,8949.695,576.8079167
CUST01417,41,Musician,87027.66,7494.305
CUST01418,19,Engineer,9592.415,502.3679167
CUST01419,34,Musician,62636.07,5099.6725
CUST01420,19,Mechanic,19858.97,1663.914167
CUST01421,32,Engineer,58995.8,4886.316667
CUST01422,37,Architect,65430.0,5539.5
CUST01423,41,Media_Manager,70014.48,6114.54
CUST01424,51,Mechanic,29789.87,2287.489167
CUST01425,49,Manager,16523.745,1516.97875
CUST01426,31,Media_Manager,30979.28,2367.606667
CUST01427,21,Manager,105556.38,8962.365
CUST01428,50,Developer,41983.29,3389.6075
CUST01429,36,Writer,21313.765,1590.147083
CUST01430,36,Entrepreneur,73376.94,5961.745
CUST01431,38,Developer,20226.28,1617.523333
CUST01432,22,Manager,39992.36,3127.545443
CUST01433,28,Entrepreneur,63030.88,5532.573333
CUST01434,19,Scientist,54695.22,4754.935
CUST01435,27,Engineer,41415.52,3573.293333
CUST01436,24,Writer,7304.055,425.5501786
CUST01437,31,Journalist,36779.34,2847.945
CUST01438,29,Architect,30404.4,2804.7
CUST01439,25,Journalist,60185.82,4762.485
CUST01440,31,Lawyer,90411.9,7394.325
CUST01441,28,Manager,73095.76,6077.313333
CUST01442,48,Engineer,77480.73,6325.7275
CUST01443,18,Developer,76300.92,6416.41
CUST01444,22,Musician,91570.71,7846.8925
CUST01445,30,Media_Manager,44120.8,3468.733333
CUST01446,41,Journalist,71695.68,5734.64
CUST01447,20,Accountant,18438.875,1465.572917
CUST01448,24,Architect,66681.8,5278.816667
CUST01449,31,Entrepreneur,20341.87,1505.155833
CUST01451,52,Musician,87636.03,7265.0025
CUST01453,18,Media_Manager,19170.45,1510.5375
CUST01454,20,Engineer,61600.83,5313.4025
CUST01455,29,Architect,35844.66,2743.055
CUST01456,43,Entrepreneur,16069.44,1311.12
CUST01457,28,Musician,21414.43,1963.535833
CUST01458,36,Manager,94934.94,8039.245
CUST01459,19,Entrepreneur,103755.87,8577.3225
CUST01460,25,Entrepreneur,16819.98,1680.665
CUST01461,18,Entrepreneur,57588.9,5098.075
CUST01462,23,Media_Manager,61695.68,5230.306667
CUST01463,33,Doctor,137714.36,11609.19667
CUST01464,24,Media_Manager,22251.84,1799.32
CUST01465,25,Accountant,78417.44,6772.786667
CUST01466,36,Developer,9394.66,593.8883333
CUST01467,35,Scientist,33878.15,3031.179167
CUST01468,18,Writer,57683.19,4729.9325
CUST01469,32,Scientist,9110.175,753.18125
CUST01470,38,Manager,43644.96,3551.08
CUST01471,27,Writer,73339.92,5916.66
CUST01472,21,Accountant,35260.69,2839.390833
CUST01473,42,Teacher,64666.48,5144.873333
CUST01474,43,Doctor,120450.32,9985.526667
CUST01475,42,Writer,144037.08,12222.09
CUST01476,23,Journalist,47270.22,4122.185
CUST01477,30,Entrepreneur,63761.19,5143.4325
CUST01478,31,Engineer,60348.92,5245.076667
CUST01479,31,Teacher,65714.32,5202.193333
CUST01480,54,Mechanic,133394.48,10851.20667
CUST01481,23,Doctor,128066.44,10394.20333
CUST01482,41,Scientist,60182.7,4800.225
CUST01483,38,Writer,102212.37,8470.6975
CUST01484,53,Architect,12241.57,1248.130833
CUST01485,38,Accountant,10418.045,994.1704167
CUST01486,52,Scientist,41122.69,3717.890833
CUST01488,32,Mechanic,81402.48,6802.54
CUST01489,38,Architect,79631.28,6459.94
CUST01490,33,Teacher,18827.29,1484.940833
CUST01491,42,Accountant,68266.3,5417.858333
CUST01492,19,Teacher,56343.8,4661.316667
CUST01493,21,Architect,118462.56,9702.88
CUST01494,34,Lawyer,30132.24,2782.02
CUST01495,34,Musician,60788.82,4851.735
CUST01496,28,Media_Manager,17926.7,1468.891667
CUST01497,45,Mechanic,34081.78,3076.148333
CUST01498,30,Engineer,36993.43,3348.785833
CUST01499,32,Doctor,14219.02,1126.918333
CUST01500,23,Media_Manager,18231.52,1448.293333
CUST01501,38,Scientist,119312.08,10015.67333
CUST01502,41,Lawyer,32148.76,2571.063333
CUST01503,55,Mechanic,154242.48,13024.54
CUST01504,27,Doctor,83062.28,7162.856667
CUST01505,39,Media_Manager,59477.0,5231.416667
CUST01506,28,Entrepreneur,173569.2,14672.1
CUST01507,20,Architect,140135.24,11380.93667
CUST01508,41,Entrepreneur,8856.75,989.0625
CUST01509,20,Media_Manager,51477.8,4130.816667
CUST01510,39,Lawyer,47634.45,3678.5375
CUST01511,33,Developer,14263.355,918.6129167
CUST01512,33,Media_Manager,43436.27,3487.689167
CUST01513,27,Doctor,53218.86,4715.905
CUST01514,42,Developer,16632.745,1209.062083
CUST01515,35,Teacher,21454.72,1656.893333
CUST01517,48,Entrepreneur,123299.12,10209.92667
CUST01518,34,Architect,22375.64,2039.636667
CUST01519,24,Manager,42147.89,3283.324167
CUST01520,37,Entrepreneur,54842.58,4734.215
CUST01521,26,Musician,22870.49,1685.874167
CUST01522,44,Accountant,52616.28,4279.69
CUST01523,21,Lawyer,37116.66,2955.055
CUST01524,45,Writer,140276.8,11738.73333
CUST01526,23,Entrepreneur,69024.2,5492.016667
CUST01527,24,Musician,14402.52,1347.21
CUST01528,27,Entrepreneur,19653.61,1800.800833
CUST01529,41,Journalist,39540.78,3410.065
CUST01530,31,Journalist,142737.36,11656.78
CUST01531,28,Writer,15827.06,1422.921667
CUST01532,25,Doctor,14649.275,1118.772917
CUST01533,34,Writer,19703.09,1563.924167
CUST01534,32,Doctor,17416.75,1243.395833
CUST01535,39,Media_Manager,92201.25,7590.4375
CUST01536,41,Mechanic,69707.31,5608.9425
CUST01537,43,Architect,135941.28,11058.44
CUST01538,29,Accountant,44913.34,3480.778333
CUST01539,19,Engineer,14455.15,912.5958333
CUST01540,39,Developer,64734.84,5556.57
CUST01541,47,Accountant,85953.88,7140.823333
CUST01542,50,Developer,21755.79,1731.9825
CUST01543,33,Musician,90701.28,7654.44
CUST01544,30,Journalist,15201.005,1457.750417
CUST01545,26,Journalist,132662.22,10872.185
CUST01546,21,Manager,19553.805,1465.48375
CUST01547,51,Scientist,93847.86,7599.655
CUST01548,24,Entrepreneur,96540.69,8068.0575
CUST01549,36,Journalist,19567.0,1681.583333
CUST01550,51,Writer,106876.77,9149.3975
CUST01551,42,Musician,90668.85,7149.133239
CUST01552,19,Doctor,35221.43,3156.119167
CUST01553,35,Musician,14489.925,1151.49375
CUST01554,25,Architect,93561.72,7547.81
CUST01555,23,Writer,127559.68,10605.97333
CUST01556,40,Engineer,72617.55,5996.4625
CUST01557,22,Writer,87888.72,7253.06
CUST01558,30,Architect,48053.61,3917.4675
CUST01559,18,Mechanic,17018.45,1188.204167
CUST01560,53,Media_Manager,32276.42,2958.701667
CUST01561,28,Writer,20000.41,1894.700833
CUST01562,25,Doctor,42812.02,3823.668333
CUST01563,47,Entrepreneur,17620.615,1414.384583
CUST01564,28,Media_Manager,66575.2,5631.933333
CUST01565,43,Media_Manager,45408.84,3823.07
CUST01566,38,Developer,48755.5,3801.958333
CUST01567,50,Lawyer,159560.76,13580.73
CUST01568,47,Mechanic,114201.56,9368.796667
CUST01569,33,Engineer,133057.89,10815.1575
CUST01570,23,Architect,20835.39,1707.2825
CUST01571,47,Architect,15624.68,1504.056667
CUST01572,53,Architect,32707.14,2679.595
CUST01573,21,Journalist,50352.09,4315.0075
CUST01574,38,Scientist,76223.58,6416.965
CUST01575,23,Developer,73458.16,6151.513333
CUST01576,38,Doctor,17550.11,1546.509167
CUST01577,41,Engineer,99600.92,8022.076667
CUST01578,42,Media_Manager,13019.77,863.9808333
CUST01579,41,Doctor,22694.46,1941.205
CUST01580,26,Entrepreneur,20013.55,1397.795833
CUST01581,20,Scientist,28187.35,2201.945833
CUST01582,19,Lawyer,20855.32,2015.943333
CUST01583,38,Manager,131296.92,10722.41
CUST01585,22,Journalist,29498.09,2626.174167
CUST01586,24,Engineer,36943.98,3369.665
CUST01587,34,Lawyer,15185.65,1329.470833
CUST01588,35,Manager,61461.18,4834.765
CUST01589,27,Mechanic,26396.88,2356.74
CUST01590,37,Teacher,86775.4,7116.283333
CUST01591,22,Writer,101926.95,8635.9125
CUST01592,45,Musician,96683.48,8297.956667
CUST01593,40,Journalist,83079.72,6734.31
CUST01594,24,Doctor,10357.485,1163.12375
CUST01595,30,Developer,8958.715,822.5595833
CUST01596,40,Mechanic,30493.34,2527.111667
CUST01597,49,Developer,85710.48,7438.54
CUST01598,42,Journalist,7379.345,524.9454167
CUST01599,46,Accountant,38873.01,3287.4175
CUST01600,41,Musician,10094.05,609.1708333
CUST01601,27,Doctor,15155.81,1181.984167
CUST01602,45,Entrepreneur,16410.3,1483.525
CUST01603,22,Mechanic,96148.05,7875.3375
CUST01604,17,Engineer,60078.27,4758.5225
CUST01605,29,Mechanic,33900.04,2776.003333
CUST01606,24,Accountant,22244.25,2007.6875
CUST01607,54,Engineer,15173.47,1155.455833
CUST01608,36,Musician,16364.675,1661.722917
CUST01609,34,Scientist,134737.59,9501.115433
CUST01610,54,Scientist,133931.61,11369.9675
CUST01611,19,Manager,91117.72,7494.143333
CUST01612,47,Accountant,98509.71,8197.1425
CUST01613,27,Doctor,19939.92,1719.66
CUST01614,29,Teacher,16798.15,1544.845833
CUST01615,33,Doctor,34633.28,3084.106667
CUST01616,22,Writer,12281.035,796.4195833
CUST01617,27,Lawyer,32424.34,2561.028333
CUST01618,23,Developer,38684.2,3423.683333
CUST01619,29,Writer,61880.06,5411.671667
CUST01620,17,Musician,60877.17,5218.0975
CUST01621,24,Mechanic,20060.93,1806.744167
CUST01622,37,Manager,34739.35,2909.945833
CUST01623,21,Doctor,140794.6,11465.88333
CUST01624,31,Mechanic,20825.75,1770.479167
CUST01625,24,Writer,24131.57,2144.964167
CUST01626,35,Engineer,56614.2,4638.85
CUST01627,37,Teacher,61190.52,4858.21
CUST01628,45,Doctor,30587.68,2759.973333
CUST01629,25,Journalist,14441.51,1453.459167
CUST01630,31,Accountant,95332.23,7860.3525
CUST01631,42,Teacher,63839.46,5304.955
CUST01632,31,Writer,8053.435,706.1195833
CUST01633,33,Media_Manager,99425.4,8157.45
CUST01634,45,Engineer,31230.16,2515.513333
CUST01635,44,Doctor,128331.42,10688.285
CUST01636,21,Teacher,157698.52,13280.54333
CUST01637,54,Developer,10563.445,751.2870833
CUST01639,52,Entrepreneur,43312.78,3423.398333
CUST01640,34,Journalist,19562.47,1713.205833
CUST01641,43,Media_Manager,85324.44,7286.37
CUST01642,46,Developer,133214.25,11166.1875
CUST01643,35,Mechanic,107392.74,8681.395
CUST01644,31,Writer,55197.81,4708.8175
CUST01646,21,Doctor,47873.6,3895.466667
CUST01648,55,Architect,12155.275,1224.939583
CUST01649,55,Entrepreneur,69823.72,5547.643333
CUST01650,55,Media_Manager,67850.16,5520.18
CUST01651,33,Engineer,36237.51,2902.7925
CUST01653,27,Musician,38868.12,3043.01
CUST01654,24,Media_Manager,67726.17,5840.8475
CUST01655,18,Media_Manager,69642.0,5842.5
CUST01656,28,Media_Manager,15021.48,1344.79
CUST01657,31,Engineer,17780.69,1246.724167
CUST01658,46,Lawyer,167492.8,14254.73333
CUST01659,21,Mechanic,46092.75,3683.0625
CUST01660,55,Media_Manager,176015.16,14855.93
CUST01661,44,Engineer,20591.2,1772.933333
CUST01662,29,Mechanic,68667.56,5929.296667
CUST01663,19,Media_Manager,68845.08,5570.09
CUST01664,48,Mechanic,124814.04,10164.17
CUST01665,41,Media_Manager,131908.24,11162.35333
CUST01666,32,Journalist,25701.69,2230.8075
CUST01667,28,Mechanic,14520.69,1379.0575
CUST01668,31,Journalist,14580.98,1331.081667
CUST01669,30,Architect,70939.34,5731.611667
CUST01672,19,Doctor,59681.56,5229.463333
CUST01673,35,Accountant,28163.57,2466.964167
CUST01674,35,Manager,8175.65,424.3041667
CUST01675,41,Media_Manager,39314.02,3189.168333
CUST01676,31,Media_Manager,131693.37,10696.4475
CUST01677,20,Engineer,65300.22,5444.685
CUST01678,45,Manager,17770.795,1447.899583
CUST01679,28,Developer,73623.22,5919.268333
CUST01680,35,Mechanic,33645.24,2693.77
CUST01681,40,Musician,54167.61,4806.9675
CUST01682,33,Accountant,8489.19,908.4325
CUST01683,19,Teacher,30922.5,2477.875
CUST01686,35,Mechanic,34297.9,2801.158333
CUST01688,28,Manager,62845.76,4966.146667
CUST01689,29,Mechanic,59438.88,5163.24
CUST01690,26,Musician,29441.78,2192.481667
CUST01691,46,Mechanic,35263.44,2739.62
CUST01692,49,Developer,44066.78,3424.231667
CUST01693,22,Lawyer,44164.8,3425.4
CUST01694,39,Lawyer,31227.62,2745.301667
CUST01695,50,Accountant,97688.4,7872.7
CUST01696,36,Mechanic,53265.96,4286.83
CUST01697,34,Manager,22438.27,1856.855833
CUST01698,23,Accountant,92949.78,7774.815
CUST01699,19,Entrepreneur,16684.91,1138.409167
CUST01700,32,Doctor,37648.1,3199.341667
CUST01701,44,Entrepreneur,18260.43,1413.7025
CUST01702,20,Manager,39608.9,3503.741667
CUST01703,26,Developer,56285.44,4990.453333
CUST01704,44,Engineer,41535.69,3622.3075
CUST01705,23,Journalist,81298.72,6768.893333
CUST01706,32,Scientist,90664.48,7848.373333
CUST01707,30,Manager,120671.25,9851.9375
CUST01708,29,Manager,14958.69,1352.5575
CUST01710,24,Journalist,44640.32,3792.026667
CUST01711,47,Mechanic,29085.38,2200.781667
CUST01712,38,Teacher,78385.2,6744.1
CUST01713,38,Scientist,73656.76,6168.063333
CUST01714,39,Media_Manager,20127.115,1800.259583
CUST01715,48,Writer,41235.33,3384.2775
CUST01716,27,Entrepreneur,57838.06,4617.838333
CUST01717,18,Writer,60183.14,4933.261667
CUST01718,21,Journalist,33214.4,2842.866667
CUST01719,30,Lawyer,166891.6,13668.63333
CUST01720,18,Doctor,107893.68,8911.14
CUST01721,25,Mechanic,52312.68,4250.39
CUST01722,31,Mechanic,16490.8,1574.233333
CUST01723,47,Teacher,98019.84,7886.32
CUST01724,25,Lawyer,131931.12,11045.26
CUST01725,30,Lawyer,8151.41,926.2841667
CUST01726,18,Journalist,40009.74,3552.145
CUST01727,37,Developer,15432.2,1201.016667
CUST01729,18,Doctor,107774.28,9142.19
CUST01730,35,Journalist,11586.145,1229.512083
CUST01731,25,Mechanic,37909.82,3043.151667
CUST01732,18,Media_Manager,19856.16,1537.68
CUST01733,24,Developer,33119.82,3024.985
CUST01734,33,Journalist,31400.96,2329.746667
CUST01735,25,Lawyer,24342.5,2057.541667
CUST01736,42,Journalist,70078.82,5727.901667
CUST01737,25,Accountant,62214.36,4997.53
CUST01738,35,Writer,67412.2,5911.683333
CUST01739,35,Musician,107289.36,9031.78
CUST01740,26,Accountant,14406.71,1236.559167
CUST01741,26,Lawyer,18743.075,1330.922917
CUST01742,28,Scientist,10401.21,657.7675
CUST01743,37,Journalist,90160.11,7412.3425
CUST01744,39,Engineer,84355.98,7304.665
CUST01746,41,Architect,41600.34,3507.695
CUST01747,23,Entrepreneur,14114.89,1155.240833
CUST01748,32,Scientist,74192.07,6200.6725
CUST01749,45,Engineer,85862.6,7080.216667
CUST01750,35,Musician,19213.83,1750.1525
CUST01751,28,Developer,18733.04,1456.086667
CUST01752,28,Scientist,95295.57,7943.2975
CUST01753,36,Developer,19055.25,1875.9375
CUST01754,31,Teacher,18378.81,1797.5675
CUST01755,39,Scientist,20027.03,1889.919167
CUST01756,32,Teacher,10380.655,1122.054583
CUST01757,21,Writer,50340.14,4284.011667
CUST01758,44,Lawyer,16060.675,1583.389583
CUST01759,37,Musician,106418.67,8961.2225
CUST01760,41,Journalist,17680.78,1663.398333
CUST01761,54,Architect,58885.7,4656.141667
CUST01762,23,Scientist,44178.15,3446.5125
CUST01763,35,Entrepreneur,29216.96,2411.746667
CUST01764,53,Lawyer,17931.375,1633.28125
CUST01765,36,Doctor,7681.49,855.1241667
CUST01766,28,Entrepreneur,68309.04,5930.42
CUST01768,45,Media_Manager,20645.48,1631.456667
CUST01769,33,Scientist,89162.3,7145.191667
CUST01770,43,Journalist,14293.43,1465.119167
CUST01771,44,Developer,7059.455,614.2879167
CUST01772,24,Journalist,43335.48,3670.29
CUST01773,19,Lawyer,14171.23,1066.935833
CUST01774,26,Engineer,20134.87,1501.905833
CUST01776,27,Teacher,51377.88,4406.49
CUST01777,30,Lawyer,7084.365,710.36375
CUST01778,45,Doctor,42237.36,3725.78
CUST01779,31,Journalist,147996.72,12395.06
CUST01780,38,Writer,35006.38,3103.198333
CUST01781,53,Musician,28784.53,2547.710833
CUST01782,40,Architect,85059.6,6851.3
CUST01783,33,Writer,80143.74,6438.645
CUST01784,28,Journalist,142815.12,11940.26
CUST01785,52,Journalist,49822.0,4116.833333
CUST01786,46,Doctor,35171.34,2865.945
CUST01787,31,Engineer,38698.64,3335.886667
CUST01788,32,Musician,58792.74,4876.395
CUST01789,40,Journalist,23437.79,1711.149167
CUST01790,31,Journalist,83311.6,7081.633333
CUST01791,24,Accountant,59656.96,4706.413333
CUST01792,33,Developer,135596.28,11343.69
CUST01793,34,Developer,172891.36,14156.61333
CUST01794,46,Media_Manager,16319.375,1518.947917
CUST01795,18,Engineer,58961.86,4900.488333
CUST01796,40,Accountant,21384.94,1646.078333
CUST01797,23,Journalist,30128.6,2716.716667
CUST01798,43,Architect,102626.97,8733.2475
CUST01799,26,Media_Manager,59458.29,4692.8575
CUST01800,20,Developer,13506.895,1369.574583
CUST01801,52,Journalist,22246.44,1721.87
CUST01802,44,Media_Manager,20062.49,1908.874167
CUST01803,47,Manager,140731.72,10190.24932
CUST01804,44,Architect,32632.16,2789.346667
CUST01806,26,Accountant,9045.635,948.8029167
CUST01807,26,Scientist,62848.74,4980.395
CUST01808,47,Teacher,33683.38,2652.948333
CUST01809,49,Manager,130130.8,10771.23333
CUST01810,20,Doctor,9921.775,753.8145833
CUST01811,21,Writer,9446.245,995.1870833
CUST01812,29,Engineer,19599.81,1716.3175
CUST01813,27,Accountant,17417.6,1534.466667
CUST01814,25,Mechanic,24098.63,2297.219167
CUST01815,24,Manager,27372.59,2564.049167
CUST01816,42,Accountant,17393.16,1230.43
CUST01817,35,Accountant,89722.4,7646.866667
CUST01818,49,Writer,86186.37,7438.1975
CUST01819,38,Mechanic,16421.94,1507.495
CUST01820,23,Media_Manager,102383.19,8539.9325
CUST01821,43,Engineer,36366.68,2987.556667
CUST01822,32,Developer,28452.8,2267.066667
CUST01824,37,Teacher,47291.79,3852.9825
CUST01825,35,Mechanic,15377.55,1208.4625
CUST01826,46,Teacher,57728.22,4661.685
CUST01827,45,Engineer,8053.37,656.1141667
CUST01828,39,Architect,16724.455,1408.704583
CUST01829,21,Manager,20417.43,1807.4525
CUST01830,29,Mechanic,16598.74,1381.228333
CUST01831,45,Developer,62565.6,5086.8
CUST01832,34,Doctor,87671.6,7202.966667
CUST01833,24,Mechanic,21339.42,2038.285
CUST01834,22,Lawyer,58053.27,4795.7725
CUST01835,43,Accountant,31356.66,2736.055
CUST01836,41,Manager,18157.03,1813.085833
CUST01837,38,Musician,29220.83,2624.069167
CUST01838,34,Mechanic,16173.51,1581.7925
CUST01839,52,Accountant,19740.445,1712.037083
CUST01840,45,Developer,54622.5,4371.875
CUST01841,26,Engineer,30377.05,2797.420833
CUST01842,51,Media_Manager,29060.32,2235.693333
CUST01843,34,Architect,83989.44,6807.12
CUST01844,37,Journalist,16756.18,1331.348333
CUST01845,21,Engineer,33337.84,2909.153333
CUST01846,42,Scientist,80264.88,6635.74
CUST01847,32,Writer,97338.21,8220.5175
CUST01848,33,Musician,40591.74,3156.645
CUST01849,21,Teacher,69506.16,5868.18
CUST01850,42,Media_Manager,18623.23,1765.935833
CUST01851,34,Developer,117946.44,9988.87
CUST01852,44,Developer,51548.56,4193.713333
CUST01853,36,Media_Manager,49187.07,3823.9225
CUST01854,37,Accountant,7330.945,833.9120833
CUST01855,29,Developer,58194.33,4663.5275
CUST01856,43,Teacher,96882.93,8229.5775
CUST01857,31,Architect,124683.72,10193.31
CUST01858,18,Writer,125385.88,10720.82333
CUST01859,41,Doctor,90429.99,7363.8325
CUST01860,22,Writer,16674.26,1104.521667
CUST01861,42,Doctor,178088.4,14839.7
CUST01862,20,Accountant,133068.44,11063.03667
CUST01863,20,Engineer,38847.8,3215.316667
CUST01865,35,Scientist,20302.59,1991.8825
CUST01866,29,Developer,42541.92,3445.16
CUST01867,32,Scientist,14924.12,1347.676667
CUST01868,38,Developer,36791.9,2772.991667
CUST01869,45,Writer,22517.1,1600.425
CUST01871,43,Manager,15225.99,1488.8325
CUST01872,30,Developer,79413.04,6342.753333
CUST01873,29,Musician,16361.9,1618.491667
CUST01874,41,Scientist,37840.48,3435.373333
CUST01875,53,Musician,57652.54,4968.378333
CUST01876,41,Journalist,8446.315,627.8595833
CUST01877,31,Architect,10250.2,873.1833333
CUST01878,23,Manager,155955.8,12806.31667
CUST01880,31,Doctor,15067.08,1325.59
CUST01881,21,Teacher,110110.04,9238.836667
CUST01882,37,Architect,17568.98,1718.081667
CUST01883,27,Scientist,40078.08,3385.84
CUST01884,34,Developer,37822.18,3082.848333
CUST01885,36,Architect,17604.075,1236.00625
CUST01886,43,Journalist,15985.41,1372.1175
CUST01887,51,Developer,25795.66,1924.638333
CUST01888,50,Teacher,35991.91,2920.325833
CUST01889,26,Developer,46036.35,3930.3625
CUST01890,29,Scientist,69082.12,5567.843333
CUST01891,29,Writer,35566.44,3239.87
CUST01892,35,Teacher,59961.82,4983.818333
CUST01893,32,Engineer,20316.57,1926.0475
CUST01894,34,Doctor,17680.79,1329.399167
CUST01895,25,Engineer,32382.37,2960.530833
CUST01896,19,Teacher,32186.31,2957.1925
CUST01897,32,Writer,46586.31,4041.1925
CUST01898,31,Entrepreneur,59050.48,5018.873333
CUST01899,48,Lawyer,23079.29,1755.274167
CUST01900,22,Journalist,22119.355,1925.279583
CUST01901,25,Architect,44248.14,3654.345
CUST01902,38,Entrepreneur,7468.77,681.3975
CUST01903,29,Musician,24208.83,1773.4025
CUST01904,24,Scientist,41504.48,3405.706667
CUST01905,32,Writer,42326.99,3577.249167
CUST01906,18,Lawyer,19092.79,1781.065833
CUST01907,35,Scientist,37570.83,3081.9025
CUST01908,33,Manager,76443.15,6244.2625
CUST01909,21,Lawyer,19296.415,1845.034583
CUST01910,43,Teacher,13613.385,1078.44875
CUST01911,31,Accountant,38103.74,3175.311667
CUST01912,42,Musician,67426.82,5810.901667
CUST01913,31,Lawyer,20501.67,1771.4725
CUST01914,35,Journalist,60830.92,5044.243333
CUST01915,23,Entrepreneur,17188.14,1178.345
CUST01916,43,Teacher,21759.54,1693.295
CUST01918,30,Developer,20415.52,1728.293333
CUST01919,21,Architect,18707.73,1751.9775
CUST01920,35,Journalist,20915.43,1533.9525
CUST01921,19,Mechanic,16397.44,1113.453333
CUST01922,45,Doctor,138154.96,11388.91333
CUST01923,29,Mechanic,119568.15,9880.0125
CUST01924,42,Journalist,63539.56,4996.963333
CUST01925,33,Engineer,19455.49,1428.290833
CUST01926,30,Accountant,62546.8,4951.233333
CUST01927,20,Architect,67825.23,5819.1025
CUST01928,38,Scientist,60082.77,5125.8975
CUST01929,21,Engineer,56122.68,4751.89
CUST01930,23,Teacher,15331.52,1033.626667
CUST01931,39,Mechanic,33749.25,2640.4375
CUST01932,24,Manager,50528.61,4073.7175
CUST01933,28,Media_Manager,29758.46,2687.871667
CUST01934,29,Entrepreneur,25355.14,1878.928333
CUST01935,45,Musician,29944.64,2787.386667
CUST01936,29,Manager,17187.27,1589.2725
CUST01938,34,Lawyer,56038.28,4860.856667
CUST01939,28,Developer,16861.34,1453.111667
CUST01940,18,Mechanic,15094.925,1342.910417
CUST01941,33,Lawyer,35166.35,3139.529167
CUST01942,50,Mechanic,86742.32,7030.526667
CUST01943,19,Lawyer,71608.12,6029.343333
CUST01944,28,Manager,20685.51,1779.7925
CUST01945,35,Manager,21734.19,1572.1825
CUST01946,51,Teacher,22489.25,1643.104167
CUST01947,42,Manager,16524.395,1645.032917
CUST01948,26,Scientist,124885.11,10127.0925
CUST01949,41,Architect,33209.27,2954.439167
CUST01950,32,Engineer,16572.96,1317.08
CUST01951,25,Journalist,20833.19,1664.099167
CUST01952,40,Entrepreneur,19436.28,1640.69
CUST01953,29,Engineer,20456.35,1542.695833
CUST01954,36,Musician,28485.95,2639.829167
CUST01955,24,Writer,40105.03,3515.085833
CUST01956,40,Scientist,30988.54,2827.378333
CUST01957,32,Engineer,73475.02,6225.918333
CUST01958,53,Entrepreneur,17321.505,1361.45875
CUST01959,49,Developer,27525.02,2239.751667
CUST01960,46,Journalist,122050.38,10173.865
CUST01961,27,Musician,32763.68,2616.306667
CUST01962,34,Mechanic,179987.28,14816.94
CUST01963,36,Manager,34989.38,3211.781667
CUST01964,29,Scientist,35235.45,3048.2875
CUST01965,33,Scientist,72414.06,6234.505
CUST01966,37,Scientist,63259.8,5538.65
CUST01967,30,Entrepreneur,89064.52,7256.043333
CUST01968,25,Media_Manager,31137.12,2405.76
CUST01969,43,Lawyer,33714.38,2918.531667
CUST01970,20,Teacher,17497.83,1409.1525
CUST01973,33,Engineer,10333.895,657.1579167
CUST01974,27,Doctor,19903.785,1670.64875
CUST01975,33,Architect,19171.68,1413.64
CUST01976,25,Developer,18863.28,1515.94
CUST01979,41,Doctor,69895.76,5954.646667
CUST01980,51,Musician,33254.2,3062.183333
CUST01981,45,Developer,15635.86,1341.988333
CUST01982,39,Teacher,52742.91,4441.2425
CUST01983,37,Writer,140948.32,11794.69333
CUST01984,43,Architect,14311.105,1277.592083
CUST01985,29,Scientist,177546.36,14813.53
CUST01986,50,Developer,20995.615,1909.634583
CUST01987,25,Musician,15985.56,1083.13
CUST01988,44,Doctor,94159.71,8028.6425
CUST01989,44,Engineer,59426.85,5049.2375
CUST01990,34,Writer,48662.02,4301.168333
CUST01992,32,Journalist,15447.63,1005.3025
CUST01993,42,Doctor,70334.76,5602.23
CUST01994,40,Accountant,51884.96,4490.746667
CUST01995,21,Engineer,50774.91,4431.2425
CUST01996,45,Scientist,142665.96,12065.83
CUST01997,36,Musician,68332.18,5513.348333
CUST01998,41,Mechanic,38919.9,3215.325
CUST01999,35,Engineer,17164.73,1545.394167
CUST02000,48,Architect,39715.98,3089.665
CUST02001,33,Mechanic,162550.04,13331.83667
CUST02002,24,Teacher,105645.6,9090.8
CUST02003,39,Mechanic,40908.16,3273.013333
CUST02004,30,Architect,14012.055,1464.67125
CUST02005,54,Writer,87903.62,7269.301667
CUST02006,31,Manager,139608.72,11378.06
CUST02007,41,Journalist,126382.92,10386.91
CUST02008,37,Media_Manager,28949.6,2554.466667
CUST02010,28,Lawyer,92300.01,7437.6675
CUST02011,32,Journalist,14066.87,1272.239167
CUST02012,41,Doctor,30416.28,2346.69
CUST02013,31,Manager,62380.11,5117.3425
CUST02014,51,Accountant,19271.95,1536.995833
CUST02015,49,Lawyer,15055.0,988.5833333
CUST02016,41,Writer,30963.76,2748.313333
CUST02017,32,Doctor,18070.01,1469.834167
CUST02018,31,Manager,59241.38,4818.781667
CUST02019,41,Developer,65588.1,5310.675
CUST02020,24,Doctor,69941.9,5766.491667
CUST02021,33,Architect,17914.24,1744.853333
CUST02022,48,Lawyer,39580.3,3203.358333
CUST02023,50,Engineer,172413.64,14258.80333
CUST02024,47,Writer,100233.4,8499.783333
CUST02025,52,Developer,35444.72,3216.726667
CUST02026,34,Scientist,76338.68,6608.556667
CUST02027,42,Mechanic,129680.28,10643.69
CUST02028,29,Accountant,45250.17,3751.8475
CUST02029,21,Journalist,14795.73,1011.9775
CUST02030,38,Lawyer,77190.52,6470.543333
CUST02031,29,Media_Manager,64030.6,5510.883333
CUST02032,18,Media_Manager,9816.78,890.065
CUST02033,31,Mechanic,15628.95,1490.4125
CUST02034,40,Doctor,8578.295,634.8579167
CUST02035,41,Developer,147210.68,12329.55667
CUST02036,52,Scientist,31223.33,2484.944167
CUST02037,29,Lawyer,30567.46,2323.288333
CUST02038,34,Lawyer,45705.78,3866.815
CUST02039,33,Engineer,169293.52,14365.79333
CUST02040,49,Writer,31002.86,2848.571667
CUST02041,41,Media_Manager,9275.95,553.9958333
CUST02042,30,Musician,66999.96,5862.33
CUST02043,42,Engineer,88685.32,7417.443333
CUST02044,44,Teacher,49316.19,3848.6825
CUST02045,44,Architect,8532.975,900.08125
CUST02046,26,Entrepreneur,9582.025,1022.502083
CUST02047,21,Mechanic,10568.51,1176.709167
CUST02048,24,Writer,78024.96,6746.08
CUST02049,33,Musician,32227.12,2631.593333
CUST02050,49,Lawyer,15988.665,1154.38875
CUST02051,22,Mechanic,83334.5,6918.541667
CUST02052,27,Teacher,17469.68,1417.806667
CUST02053,19,Doctor,56023.84,4943.653333
CUST02054,54,Media_Manager,19206.195,1438.51625
CUST02055,36,Scientist,24376.2,2278.35
CUST02056,49,Manager,29416.29,2151.3575
CUST02057,21,Architect,130353.39,10949.7825
CUST02058,33,Doctor,35372.4,2671.7
CUST02059,30,Writer,14360.97,1262.7475
CUST02060,51,Teacher,28112.52,2270.71
CUST02061,54,Architect,29020.21,2277.350833
CUST02062,54,Mechanic,16168.52,1513.376667
CUST02063,43,Entrepreneur,82859.08,7200.923333
CUST02064,22,Scientist,44986.07,3957.839167
CUST02065,22,Doctor,32160.08,2480.006667
CUST02066,41,Lawyer,28570.38,2308.865
CUST02067,49,Scientist,86957.85,7266.4875
CUST02068,34,Lawyer,76170.12,6459.51
CUST02069,32,Manager,123028.6,10017.38333
CUST02070,35,Doctor,16735.02,1176.585
CUST02071,30,Manager,109122.21,8895.5175
CUST02072,32,Doctor,78738.68,6583.556667
CUST02073,35,Architect,27752.64,2105.72
CUST02075,31,Doctor,9277.245,896.10375
CUST02076,31,Writer,27676.16,2449.346667
CUST02077,45,Scientist,14900.75,1291.729167
CUST02078,20,Teacher,28077.18,2328.765
CUST02079,35,Developer,104988.04,8711.003333
CUST02080,43,Doctor,63756.33,5093.0275
CUST02081,38,Entrepreneur,9415.2,541.6
CUST02083,39,Architect,19041.48,1883.79
CUST02084,23,Writer,19234.69,1492.890833
CUST02085,40,Doctor,85272.06,7276.005
CUST02087,49,Entrepreneur,97637.4,8159.45
CUST02088,33,Media_Manager,9769.965,1053.16375
CUST02089,40,Teacher,46003.29,3859.6075
CUST02090,45,Scientist,72904.16,6341.346667
CUST02091,19,Journalist,22171.89,1777.6575
CUST02092,25,Manager,121237.53,9995.1275
CUST02093,40,Musician,136386.2,11512.51667
CUST02094,32,Architect,19801.67,1852.139167
CUST02095,55,Entrepreneur,103620.54,8336.045
CUST02096,45,Mechanic,10105.995,552.16625
CUST02097,41,Teacher,17455.005,1651.58375
CUST02098,36,Entrepreneur,34884.34,2633.028333
CUST02099,35,Manager,8304.89,811.0741667
CUST02100,44,Developer,102628.28,8252.356667
CUST02101,44,Journalist,36823.24,2977.603333
CUST02102,20,Musician,10356.98,722.0816667
CUST02103,44,Writer,107626.59,9095.8825
CUST02104,36,Doctor,68096.88,5757.74
CUST02105,21,Engineer,18521.71,1741.475833
CUST02106,39,Manager,10640.355,1115.69625
CUST02107,49,Teacher,160454.04,13627.17
CUST02108,45,Developer,27288.85,2524.070833
CUST02109,47,Journalist,35730.44,2934.536667
CUST02110,18,Teacher,9045.11,981.7591667
CUST02111,53,Scientist,101910.75,8600.5625
CUST02112,29,Scientist,145931.88,12017.99
CUST02113,42,Entrepreneur,19853.95,1944.495833
CUST02114,32,Mechanic,43978.14,3663.845
CUST02115,55,Journalist,95774.36,8263.196667
CUST02116,29,Scientist,46722.72,3781.56
CUST02117,38,Developer,38331.37,2996.280833
CUST02118,24,Architect,9730.25,975.8541667
CUST02119,20,Manager,42240.87,3296.0725
CUST02120,39,Accountant,19660.58,1419.381667
CUST02121,55,Engineer,27175.69,2236.640833
CUST02122,46,Media_Manager,106695.48,8812.29
CUST02123,49,Mechanic,75520.47,6410.3725
CUST02124,52,Mechanic,57367.1,5030.591667
CUST02125,48,Media_Manager,95421.0,7823.75
CUST02126,41,Musician,28408.97,2073.414167
CUST02127,34,Accountant,60738.48,5336.54
CUST02128,29,Lawyer,41587.37,3704.614167
CUST02129,55,Writer,178793.92,14642.49333
CUST02130,42,Lawyer,17004.68,1572.056667
CUST02131,22,Manager,31856.05,2573.670833
CUST02132,45,Mechanic,8068.86,774.405
CUST02133,20,Mechanic,35249.28,2667.44
CUST02134,34,Mechanic,24095.19,1990.9325
CUST02135,21,Mechanic,53579.55,4639.9625
CUST02136,42,Mechanic,15647.0,1044.916667
CUST02137,32,Media_Manager,122847.88,10266.32333
CUST02138,32,Lawyer,15513.3,1545.775
CUST02139,22,Doctor,19632.01,1853.000833
CUST02141,50,Journalist,111674.25,9212.1875
CUST02142,45,Scientist,106871.4,9127.95
CUST02143,50,Entrepreneur,15749.97,1474.4975
CUST02144,33,Scientist,99668.76,8510.73
CUST02145,38,Journalist,20992.38,1621.365
CUST02146,48,Media_Manager,60725.28,4920.44
CUST02147,48,Lawyer,31802.4,2808.2
CUST02148,44,Musician,37464.04,3002.003333
CUST02149,18,Engineer,25631.48,2058.956667
CUST02150,52,Developer,43594.55,3778.879167
CUST02151,26,Mechanic,131282.91,10873.2425
CUST02152,21,Engineer,18736.83,1682.4025
CUST02153,34,Developer,61654.32,5176.86
CUST02154,53,Teacher,17572.15,1575.345833
CUST02155,51,Media_Manager,14179.49,1276.624167
CUST02156,39,Doctor,26411.81,1989.984167
CUST02157,28,Media_Manager,45412.95,3520.4125
CUST02158,44,Architect,37681.01,3164.084167
CUST02159,28,Doctor,10024.25,859.3541667
CUST02160,23,Mechanic,23001.71,1901.809167
CUST02161,22,Doctor,71903.26,5739.938333
CUST02162,35,Engineer,65644.4,5275.366667
CUST02163,31,Architect,9265.495,749.1245833
CUST02164,50,Entrepreneur,42112.56,3511.38
CUST02165,36,Doctor,14619.875,1058.322917
CUST02168,26,Writer,104722.71,8974.8925
CUST02169,26,Mechanic,45404.4,3821.7
CUST02170,37,Entrepreneur,49570.5,4335.875
CUST02171,41,Musician,14096.44,1069.703333
CUST02172,23,Mechanic,38060.7,3197.725
CUST02173,47,Developer,179825.36,14866.44667
CUST02174,55,Scientist,68588.28,5913.69
CUST02175,18,Musician,8814.92,1011.576667
CUST02176,36,Mechanic,89780.85,7647.7375
CUST02177,34,Musician,30472.5,2270.375
CUST02178,25,Lawyer,32772.29,2485.024167
CUST02179,34,Accountant,28415.93,2241.994167
CUST02180,27,Lawyer,23454.09,2211.5075
CUST02181,18,Architect,31916.17,2919.680833
CUST02182,23,Teacher,58704.26,4940.021667
CUST02183,39,Writer,18122.37,1794.1975
CUST02184,41,Manager,22089.68,1766.806667
CUST02185,34,Writer,36063.45,2844.2875
CUST02187,24,Engineer,169106.96,13943.24667
CUST02188,27,Engineer,114261.68,9320.806667
CUST02189,42,Lawyer,75050.37,6205.1975
CUST02190,42,Architect,19570.56,1373.88
CUST02191,34,Manager,28238.45,2167.204167
CUST02192,30,Engineer,83576.26,6912.688333
CUST02193,52,Lawyer,107797.8,9109.15
CUST02194,30,Mechanic,16014.16,1402.513333
CUST02195,35,Scientist,18214.24,1594.853333
CUST02196,25,Engineer,33278.28,2622.19
CUST02197,21,Architect,28230.08,2501.506667
CUST02198,22,Manager,43311.84,3879.32
CUST02199,53,Engineer,16862.715,1603.22625
CUST02200,30,Scientist,7087.24,361.6033333
CUST02201,20,Musician,7455.07,357.2558333
CUST02202,42,Accountant,20774.34,1702.195
CUST02203,40,Lawyer,128588.56,10707.71333
CUST02204,44,Developer,144456.16,12222.01333
CUST02205,33,Developer,19506.73,1491.560833
CUST02207,40,Lawyer,7901.055,797.42125
CUST02208,38,Teacher,14930.95,969.2458333
CUST02209,43,Musician,59501.97,5059.4975
CUST02210,31,Lawyer,22853.37,1708.4475
CUST02211,37,Lawyer,12714.98,979.5816667
CUST02212,38,Entrepreneur,15512.055,1431.67125
CUST02213,28,Developer,23459.45,2121.954167
CUST02214,26,Media_Manager,83722.16,7270.846667
CUST02215,46,Architect,42057.16,3348.763333
CUST02216,43,Developer,17315.32,1519.943333
CUST02217,37,Engineer,16833.355,1395.779583
CUST02219,53,Engineer,114588.4,9338.033333
CUST02220,22,Developer,16472.87,1554.739167
CUST02221,20,Manager,18314.57,1421.214167
CUST02223,28,Teacher,36794.54,3165.211667
CUST02224,54,Doctor,68042.58,5728.215
CUST02225,39,Musician,82668.24,6873.02
CUST02226,29,Teacher,127052.04,10367.67
CUST02227,25,Journalist,34742.74,2881.228333
CUST02228,34,Musician,35971.51,2973.625833
CUST02229,36,Doctor,162053.08,13470.42333
CUST02230,38,Engineer,33022.7,3020.891667
CUST02231,23,Manager,25622.61,2251.2175
CUST02232,18,Architect,13032.705,1032.05875
CUST02233,37,Lawyer,67644.92,5465.076667
CUST02234,23,Scientist,16106.15,1444.179167
CUST02235,37,Media_Manager,20496.79,1635.065833
CUST02236,36,Entrepreneur,19753.22,1520.101667
CUST02237,21,Developer,23520.69,1746.0575
CUST02238,42,Architect,16896.19,1451.015833
CUST02239,31,Accountant,44689.77,3741.1475
CUST02240,38,Media_Manager,17682.035,1343.502917
CUST02241,19,Musician,114432.03,9272.0025
CUST02242,25,Architect,19657.56,1349.13
CUST02243,44,Writer,31748.41,2425.548121
CUST02244,51,Developer,19997.78,1409.481667
CUST02245,26,Musician,36783.38,3151.281667
CUST02246,20,Journalist,32102.6,2958.216667
CUST02247,36,Lawyer,19667.89,1495.990833
CUST02248,21,Entrepreneur,31156.18,2468.348333
CUST02249,49,Lawyer,19867.475,1396.622917
CUST02250,48,Lawyer,28225.49,2356.124167
CUST02251,28,Mechanic,28575.4,2603.283333
CUST02252,43,Media_Manager,12993.97,1223.830833
CUST02253,51,Journalist,14274.54,992.545
CUST02254,22,Developer,167545.24,13785.10333
CUST02255,34,Lawyer,14192.12,1401.676667
CUST02256,43,Writer,101191.17,8411.5975
CUST02257,20,Engineer,132180.24,11119.02
CUST02258,41,Journalist,72145.32,5822.11
CUST02259,25,Media_Manager,11189.065,1159.422083
CUST02260,33,Musician,20274.94,1629.578333
CUST02261,32,Developer,115484.2,9403.683333
CUST02262,21,Writer,9388.27,978.3558333
CUST02263,41,Media_Manager,49732.41,4274.3675
CUST02264,29,Mechanic,75488.16,6504.68
CUST02265,52,Musician,23211.26,2136.271667
CUST02267,23,Lawyer,66978.24,5473.52
CUST02268,22,Mechanic,134393.73,10944.4775
CUST02269,40,Doctor,32152.32,2475.36
CUST02270,44,Journalist,17064.095,1541.007917
CUST02271,45,Scientist,33381.68,2482.806667
CUST02272,41,Media_Manager,12705.77,1159.814167
CUST02274,37,Mechanic,18718.52,1784.876667
CUST02275,39,Teacher,44512.24,3701.353333
CUST02276,33,Teacher,56663.16,4637.93
CUST02277,40,Media_Manager,143961.52,12276.79333
CUST02278,35,Entrepreneur,33045.79,2611.815833
CUST02279,40,Entrepreneur,76374.93,6272.5775
CUST02280,34,Entrepreneur,119433.42,10099.785
CUST02281,31,Writer,12989.77,822.4808333
CUST02282,31,Doctor,17282.31,1653.1925
CUST02283,43,Teacher,80415.12,6472.26
CUST02284,18,Entrepreneur,134734.16,11184.84667
CUST02285,42,Architect,138188.84,11668.73667
CUST02286,45,Accountant,12434.24,855.1866667
CUST02287,38,Lawyer,37756.85,2865.404167
CUST02288,24,Architect,29020.78,2423.398333
CUST02289,36,Doctor,19944.35,1819.029167
CUST02290,31,Media_Manager,32411.63,2752.969167
CUST02291,38,Entrepreneur,97826.07,8406.1725
CUST02292,51,Journalist,30760.15,2639.345833
CUST02293,42,Engineer,7866.91,814.5758333
CUST02295,25,Teacher,16256.3,1116.691667
CUST02297,39,Accountant,86408.13,7257.6775
CUST02298,43,Doctor,84379.82,6945.651667
CUST02299,46,Doctor,126091.71,10406.6425
CUST02300,52,Media_Manager,118446.69,9708.5575
CUST02301,42,Lawyer,65804.68,5639.723333
CUST02302,42,Teacher,8719.0,653.5833333
CUST02303,24,Doctor,20937.38,1650.781667
CUST02304,48,Lawyer,37813.97,3233.164167
CUST02305,38,Journalist,47888.94,4197.745
CUST02306,32,Musician,15361.995,1414.16625
CUST02307,19,Doctor,172792.68,14189.39
CUST02308,37,Manager,73028.88,5955.74
CUST02309,54,Teacher,114929.01,9469.4175
CUST02310,33,Engineer,28501.86,2395.155
CUST02311,54,Manager,18167.415,1503.95125
CUST02312,25,Musician,90487.96,7330.663333
CUST02313,29,Accountant,130597.17,10775.0975
CUST02316,20,Developer,88295.34,7224.945
CUST02317,55,Teacher,28517.53,2139.460833
CUST02318,24,Musician,17234.695,1347.224583
CUST02319,29,Accountant,62848.88,4546.214822
CUST02320,36,Mechanic,15270.77,1219.564167
CUST02321,19,Accountant,53587.86,4197.655
CUST02322,41,Architect,9920.795,743.7329167
CUST02323,17,Writer,8780.975,435.7479167
CUST02324,44,Doctor,15148.98,1280.415
CUST02325,22,Mechanic,80442.28,6995.523333
CUST02326,38,Mechanic,15106.33,1540.860833
CUST02327,24,Journalist,30555.87,2776.3225
CUST02328,17,Musician,49880.52,4239.71
CUST02329,25,Musician,25610.67,2190.2225
CUST02330,47,Accountant,16609.095,1488.09125
CUST02331,26,Musician,30619.71,2263.6425
CUST02332,26,Scientist,74837.12,6261.426667
CUST02334,53,Mechanic,22933.45,1873.120833
CUST02335,52,Journalist,40019.0,3401.916667
CUST02336,29,Scientist,28634.88,2442.24
CUST02337,25,Developer,57055.95,4817.6625
CUST02339,31,Mechanic,110525.97,9471.4975
CUST02340,36,Lawyer,72849.56,6118.796667
CUST02341,27,Accountant,45783.32,3643.276667
CUST02342,26,Musician,33520.04,2607.336667
CUST02343,28,Manager,79950.34,6393.528333
CUST02344,27,Teacher,14155.74,1134.645
CUST02345,30,Media_Manager,69502.12,5735.843333
CUST02346,31,Musician,99912.57,8615.0475
CUST02347,28,Accountant,31316.47,2510.705833
CUST02348,32,Engineer,57852.3,4571.025
CUST02349,25,Scientist,9988.76,999.3966667
CUST02350,43,Scientist,109864.47,9093.3725
CUST02351,24,Doctor,33818.2,2879.183333
CUST02352,38,Engineer,19151.85,1746.9875
CUST02355,21,Lawyer,126115.56,10304.63
CUST02356,39,Engineer,18610.89,1674.9075
CUST02357,31,Teacher,18495.14,1839.261667
CUST02358,48,Developer,66120.99,5665.0825
CUST02359,36,Accountant,31909.18,2555.098333
CUST02360,23,Manager,91836.48,7716.04
CUST02361,37,Media_Manager,31153.48,2543.123333
CUST02362,21,Architect,72576.04,5934.003333
CUST02363,36,Writer,27476.99,2301.749167
CUST02364,39,Developer,76395.28,6074.273333
CUST02365,20,Entrepreneur,9584.875,643.7395833
CUST02366,18,Accountant,53251.36,4636.613333
CUST02367,49,Mechanic,32260.97,2416.414167
CUST02368,30,Engineer,58337.79,4697.4825
CUST02369,30,Engineer,80932.92,6759.41
CUST02370,26,Architect,121466.8,10148.23333
CUST02371,35,Accountant,61351.77,4997.6475
CUST02372,21,Developer,32667.1,2593.258333
CUST02373,22,Scientist,104994.57,8635.5475
CUST02374,42,Writer,20498.12,1559.176667
CUST02375,18,Manager,33832.58,2809.381667
CUST02376,27,Doctor,13913.795,1156.482917
CUST02377,42,Teacher,40225.32,3609.11
CUST02378,32,Lawyer,66614.64,5704.22
CUST02379,39,Manager,15916.47,1317.3725
CUST02380,34,Journalist,40372.5,3466.375
CUST02381,32,Accountant,43600.04,3880.336667
CUST02382,54,Lawyer,31438.12,2416.843333
CUST02383,21,Doctor,175718.04,14628.17
CUST02384,19,Mechanic,56183.79,4597.9825
CUST02385,20,Manager,29908.4,2536.366667
CUST02386,30,Developer,11203.125,918.59375
CUST02387,19,Journalist,73713.48,6269.79
CUST02388,46,Lawyer,21672.79,1788.065833
CUST02389,24,Writer,20488.9,1653.408333
CUST02390,29,Journalist,69654.0,5513.5
CUST02391,44,Scientist,20468.75,1459.729167
CUST02392,31,Doctor,85740.33,6871.0275
CUST02393,20,Scientist,24238.03,2138.835833
CUST02394,48,Doctor,111940.64,9348.386667
CUST02395,36,Developer,69840.02,5874.001667
CUST02396,27,Journalist,32012.57,2623.714167
CUST02397,43,Writer,64090.04,5237.836667
CUST02398,36,Writer,7233.01,666.7508333
CUST02399,44,Mechanic,73083.44,6264.286667
CUST02400,44,Scientist,91869.45,7426.7875
CUST02401,22,Manager,38443.42,2918.618333
CUST02402,18,Lawyer,30355.35,2307.6125
CUST02403,52,Developer,17839.11,1580.5925
CUST02404,24,Accountant,136747.8,11484.65
CUST02405,39,Journalist,57107.52,4980.96
CUST02406,30,Mechanic,7457.695,503.4745833
CUST02407,34,Entrepreneur,12127.235,894.6029167
CUST02409,45,Entrepreneur,109945.32,9122.11
CUST02411,44,Musician,76054.58,6198.881667
CUST02412,26,Writer,46010.31,3692.1925
CUST02413,29,Entrepreneur,63788.88,5045.74
CUST02414,21,Musician,15307.26,1097.605
CUST02415,34,Media_Manager,98646.36,8170.53
CUST02416,42,Developer,14378.24,1311.186667
CUST02417,29,Teacher,22050.56,1811.546667
CUST02418,32,Scientist,36926.92,3081.243333
CUST02419,38,Lawyer,15266.8,1000.233333
CUST02420,48,Musician,27268.7,2355.391667
CUST02421,20,Accountant,34642.94,3180.911667
CUST02422,21,Scientist,32493.04,2503.753333
CUST02423,47,Mechanic,104255.67,8571.9725
CUST02424,33,Media_Manager,161674.84,13667.90333
CUST02425,24,Media_Manager,48331.59,4141.6325
CUST02426,18,Doctor,81744.76,6948.063333
CUST02427,42,Mechanic,134439.4,11030.28333
CUST02428,40,Developer,122618.16,10062.18
CUST02429,18,Teacher,30519.74,2830.311667
CUST02430,18,Scientist,39891.42,3246.285
CUST02431,45,Journalist,78569.9,6667.491667
CUST02432,55,Mechanic,106251.21,8805.2675
CUST02433,44,Writer,63354.36,5421.53
CUST02434,45,Manager,23973.16,2036.763333
CUST02435,37,Teacher,10150.185,968.84875
CUST02436,52,Teacher,74213.52,6072.087064
CUST02437,31,Mechanic,22320.13,2151.010833
CUST02438,34,Teacher,17646.25,1230.520833
CUST02439,33,Doctor,16210.85,1486.904167
CUST02440,36,Accountant,31892.18,2932.681667
CUST02441,18,Teacher,18507.0,1561.25
CUST02442,31,Architect,29020.27,2456.355833
CUST02443,22,Entrepreneur,91459.48,7591.623333
CUST02444,36,Accountant,43108.4,3362.366667
CUST02445,36,Media_Manager,16769.58,1335.465
CUST02446,21,Developer,38477.4,3374.45
CUST02447,19,Manager,99194.19,8530.1825
CUST02448,28,Developer,12410.005,1097.167083
CUST02449,46,Architect,170759.4,13947.95
CUST02450,18,Engineer,94913.16,8128.43
CUST02451,40,Lawyer,59977.98,5171.165
CUST02452,25,Mechanic,19966.51,1768.875833
CUST02453,52,Engineer,75893.07,6328.4225
CUST02454,37,Developer,69312.12,5956.01
CUST02455,44,Entrepreneur,31564.72,2629.393333
CUST02456,20,Entrepreneur,52410.92,4479.576667
CUST02457,28,Developer,16054.15,1196.845833
CUST02458,24,Developer,20616.95,1476.079167
CUST02459,26,Architect,103351.8,8465.65
CUST02460,40,Engineer,41073.26,3687.771667
CUST02461,32,Doctor,22751.59,1759.965833
CUST02462,26,Manager,62325.9,5289.825
CUST02463,30,Architect,37550.74,2930.228333
CUST02464,39,Engineer,60031.96,5148.663333
CUST02465,30,Developer,135883.0,11330.58333
CUST02466,43,Teacher,67812.74,5821.061667
CUST02467,54,Manager,105667.62,8668.635
CUST02468,26,Media_Manager,81462.18,7048.515
CUST02469,49,Mechanic,19271.825,1905.985417
CUST02470,39,Journalist,31357.42,2909.118333
CUST02471,32,Scientist,94991.82,8144.985
CUST02473,49,Scientist,15305.23,1105.435833
CUST02474,23,Architect,15987.51,1155.2925
CUST02475,31,Architect,17653.7,1418.141667
CUST02476,49,Doctor,38217.6,3204.8
CUST02477,21,Teacher,15088.35,1231.3625
CUST02478,18,Media_Manager,19784.23,1866.685833
CUST02479,26,Doctor,14560.52,1290.376667
CUST02480,40,Musician,72508.86,5920.405
CUST02481,30,Mechanic,15264.39,1383.0325
CUST02482,55,Musician,30678.73,2615.560833
CUST02483,24,Mechanic,41751.65,3442.304167
CUST02484,41,Developer,130125.04,10871.75333
CUST02485,49,Accountant,86638.52,7333.876667
CUST02487,38,Writer,14688.4,1056.033333
CUST02488,45,Entrepreneur,109945.32,9287.11
CUST02489,21,Entrepreneur,44962.88,3521.906667
CUST02490,45,Lawyer,90371.01,7611.9175
CUST02491,25,Scientist,8928.69,601.0575
CUST02492,39,Developer,23200.82,1877.401667
CUST02493,22,Media_Manager,69865.22,5775.101667
CUST02494,27,Teacher,14388.77,1060.064167
CUST02495,55,Mechanic,103187.22,8420.935
CUST02497,23,Developer,8805.955,525.8295833
CUST02498,28,Architect,83003.64,6708.97
CUST02499,37,Media_Manager,128674.44,10551.87
CUST02500,42,Journalist,9846.55,698.5458333
CUST02501,38,Architect,49454.13,4328.1775
CUST02502,28,Teacher,18019.14,1742.595
CUST02503,20,Teacher,73409.8,6202.483333
CUST02504,28,Mechanic,65397.5,5287.791667
CUST02505,52,Entrepreneur,39131.02,3001.918333
CUST02506,34,Teacher,100191.36,8058.28
CUST02507,30,Scientist,19431.83,1797.319167
CUST02508,23,Architect,58144.56,4791.38
CUST02509,24,Mechanic,30466.74,2378.895
CUST02510,50,Developer,111059.94,9154.995
CUST02511,37,Writer,100284.24,8288.02
CUST02512,30,Lawyer,74902.8,6272.9
CUST02513,45,Accountant,107360.1,9145.675
CUST02514,27,Architect,42796.52,3461.376667
CUST02515,43,Musician,35196.36,2926.03
CUST02516,42,Writer,28843.09,2394.590833
CUST02517,45,Mechanic,31931.73,2652.9775
CUST02518,27,Doctor,52475.7,4172.975
CUST02519,30,Entrepreneur,67854.3,5573.525
CUST02520,20,Scientist,18927.65,1779.304167
CUST02521,25,Journalist,14982.1,1407.508333
CUST02522,26,Mechanic,9127.26,991.605
CUST02523,44,Writer,16989.6,1165.8
CUST02524,20,Mechanic,90827.68,7847.973333
CUST02525,37,Accountant,26196.39,2139.0325
CUST02526,32,Mechanic,120314.0,10039.16667
CUST02528,43,Lawyer,23211.7,1898.308333
CUST02529,34,Scientist,60552.24,4794.02
CUST02530,31,Accountant,81166.86,6735.905
CUST02531,21,Entrepreneur,86971.56,7053.63
CUST02532,20,Engineer,38963.38,3018.948333
CUST02533,45,Accountant,18849.1,1772.758333
CUST02534,49,Lawyer,73119.46,6239.288333
CUST02535,55,Accountant,32946.22,2865.518333
CUST02536,34,Architect,23814.73,2104.560833
CUST02537,45,Media_Manager,10613.34,1066.445
CUST02538,22,Journalist,19386.02,1858.501667
CUST02539,41,Media_Manager,28832.98,2628.748333
CUST02540,26,Musician,10240.42,937.3683333
CUST02541,38,Developer,110924.58,9113.715
CUST02542,21,Media_Manager,97414.8,8134.9
CUST02543,44,Writer,18110.7,1733.225
CUST02544,42,Media_Manager,150467.64,12642.97
CUST02545,25,Manager,52770.12,4633.51
CUST02546,34,Media_Manager,60493.08,4976.09
CUST02547,26,Entrepreneur,41012.42,3341.701667
CUST02548,51,Entrepreneur,147517.36,12513.11333
CUST02549,33,Musician,100241.67,8121.4725
CUST02550,21,Entrepreneur,88463.25,7609.9375
CUST02551,18,Engineer,22324.105,1723.342083
CUST02552,55,Scientist,77469.6,6577.8
CUST02554,41,Scientist,8833.225,956.1020833
CUST02555,41,Journalist,35733.69,2953.8075
CUST02556,43,Accountant,15117.51,1216.7925
CUST02557,26,Mechanic,40624.94,3665.411667
CUST02558,20,Journalist,81793.56,6769.13
CUST02559,38,Scientist,80265.2,6596.766667
CUST02560,41,Architect,38712.58,3466.048333
CUST02561,26,Writer,15895.235,1268.602917
CUST02562,39,Developer,32540.8,2816.733333
CUST02563,53,Scientist,121107.9,9980.325
CUST02564,21,Entrepreneur,23029.61,2034.134167
CUST02565,34,Doctor,62925.64,5109.803333
CUST02566,29,Manager,20194.19,1774.849167
CUST02567,29,Writer,27403.02,2054.585
CUST02569,34,Doctor,65538.64,5633.553333
CUST02570,32,Entrepreneur,19457.51,1850.459167
CUST02571,22,Developer,121644.6,10407.05
CUST02572,20,Teacher,39024.34,3166.028333
CUST02573,17,Mechanic,24931.39,2098.615833
CUST02574,17,Engineer,35247.02,2877.251667
CUST02575,31,Architect,7703.635,651.9695833
CUST02576,39,Media_Manager,58228.38,4848.365
CUST02578,33,Architect,22252.63,1826.385833
CUST02579,29,Mechanic,11831.605,1083.967083
CUST02580,30,Doctor,15293.55,1251.4625
CUST02581,26,Doctor,47726.04,4007.17
CUST02582,30,Musician,51938.04,4473.17
CUST02583,32,Writer,141000.84,11973.07
CUST02584,24,Manager,19731.2,1509.266667
CUST02585,36,Entrepreneur,41772.18,3365.015
CUST02586,42,Engineer,17158.43,1507.869167
CUST02587,50,Scientist,35516.68,2729.723333
CUST02588,42,Media_Manager,73910.61,5995.2175
CUST02589,35,Doctor,38186.84,3428.236667
CUST02590,34,Accountant,24192.59,2282.049167
CUST02591,24,Scientist,38387.94,3079.995
CUST02592,20,Accountant,31469.96,2622.496667
CUST02593,42,Developer,17775.71,1543.309167
CUST02594,39,Manager,65599.92,5680.66
CUST02595,35,Mechanic,8949.35,545.7791667
CUST02596,36,Teacher,7079.32,668.9433333
CUST02597,45,Lawyer,26733.39,2071.7825
CUST02598,39,Scientist,18270.68,1348.556667
CUST02599,23,Accountant,68454.96,5820.58
CUST02600,32,Developer,115123.16,9541.596667
CUST02601,37,Developer,19920.93,1470.0775
CUST02602,28,Writer,66422.98,5386.248333
CUST02603,22,Entrepreneur,16568.58,1601.715
CUST02604,29,Journalist,8439.33,554.2775
CUST02605,44,Architect,10244.8,1131.733333
CUST02606,30,Scientist,9623.005,960.9170833
CUST02607,24,Lawyer,167489.4,13407.16748
CUST02608,38,Accountant,21490.82,1812.901667
CUST02609,28,Accountant,34392.44,2703.036667
CUST02610,35,Entrepreneur,31985.64,2537.47
CUST02611,41,Scientist,26526.93,2199.5775
CUST02612,33,Mechanic,70360.58,6051.381667
CUST02613,19,Developer,36349.28,2885.106667
CUST02614,22,Developer,17701.62,1345.135
CUST02615,39,Lawyer,19008.32,1825.026667
CUST02616,19,Manager,8649.85,817.8208333
CUST02617,31,Media_Manager,23401.58,2120.131667
CUST02618,24,Entrepreneur,158623.16,13180.59667
CUST02619,23,Scientist,88726.46,7104.871667
CUST02620,25,Architect,12593.445,763.45375
CUST02621,22,Architect,72757.26,5816.105
CUST02622,38,Teacher,91111.98,7535.665
CUST02623,44,Doctor,73439.26,6144.938333
CUST02624,38,Doctor,62983.02,5525.585
CUST02625,34,Architect,13840.485,1052.37375
CUST02626,35,Media_Manager,17693.62,1598.468333
CUST02627,42,Architect,101029.59,8224.1325
CUST02628,20,Media_Manager,61279.77,4932.6475
CUST02629,39,Architect,38365.21,3258.100833
CUST02630,54,Architect,131113.28,11015.10667
CUST02631,23,Architect,99663.0,8551.25
CUST02632,26,Accountant,38897.52,3402.46
CUST02633,50,Entrepreneur,29964.04,2223.739889
CUST02635,28,Lawyer,17570.58,1194.215
CUST02636,25,Mechanic,102023.4,8535.95
CUST02637,52,Manager,93424.8,7549.4
CUST02638,41,Mechanic,75723.81,6141.3175
CUST02639,37,Media_Manager,15659.24,1549.936667
CUST02640,35,Journalist,9290.25,478.1875
CUST02641,31,Writer,17416.5,1560.375
CUST02642,21,Writer,21156.88,1643.073333
CUST02643,24,Mechanic,15881.58,1169.465
CUST02644,30,Scientist,7199.325,408.94375
CUST02645,20,Accountant,80436.12,6643.01
CUST02646,45,Engineer,24282.15,1875.5125
CUST02647,36,Engineer,46352.82,4000.735
CUST02648,45,Entrepreneur,20393.22,1803.435
CUST02649,40,Scientist,14826.93,988.5775
CUST02650,25,Teacher,97566.81,8327.5675
CUST02651,37,Entrepreneur,61449.66,5333.805
CUST02653,34,Writer,56047.34,4422.611667
CUST02655,38,Engineer,23289.74,2012.811667
CUST02656,32,Lawyer,26265.81,2464.8175
CUST02657,26,Teacher,94287.36,7823.28
CUST02658,27,Developer,14860.49,1406.374167
CUST02659,41,Mechanic,81465.64,6699.803333
CUST02660,28,Developer,9550.435,719.8695833
CUST02661,40,Journalist,9917.285,894.4404167
CUST02662,31,Teacher,8819.74,866.9783333
CUST02663,18,Musician,16518.68,1559.556667
CUST02664,27,Writer,32117.87,2720.489167
CUST02665,23,Manager,32720.38,2977.698333
CUST02667,50,Mechanic,97010.16,8178.18
CUST02668,19,Manager,19569.27,1736.7725
CUST02669,18,Engineer,17686.19,1424.849167
CUST02670,21,Accountant,7177.535,412.1279167
CUST02671,42,Engineer,83245.14,7037.095
CUST02672,30,Musician,44056.29,3946.3575
CUST02673,22,Mechanic,20929.34,1838.111667
CUST02674,44,Teacher,19379.71,1796.975833
CUST02675,28,Engineer,101586.12,8278.51
CUST02676,38,Writer,17129.91,1335.4925
CUST02677,26,Writer,85303.08,6847.59
CUST02678,25,Writer,66553.95,5581.1625
CUST02679,29,Teacher,32795.94,2929.995
CUST02680,20,Doctor,60610.14,5322.845
CUST02681,48,Doctor,10973.515,907.4595833
CUST02682,34,Journalist,66361.76,5781.146667
CUST02683,33,Accountant,14525.53,1133.460833
CUST02684,36,Teacher,25567.26,1970.605
CUST02685,29,Manager,162713.28,13672.44
CUST02686,26,Manager,28749.39,2181.7825
CUST02687,55,Mechanic,34676.38,2772.698333
CUST02688,41,Doctor,30243.64,2743.303333
CUST02689,47,Journalist,41832.64,3713.053333
CUST02690,40,Journalist,20946.12,1955.51
CUST02691,29,Manager,9485.61,1039.4675
CUST02692,38,Mechanic,48518.88,4213.24
CUST02693,37,Teacher,17116.05,1386.3375
CUST02694,21,Manager,99384.72,8236.06
CUST02695,21,Engineer,59431.26,5130.605
CUST02696,34,Lawyer,19424.31,1689.6925
CUST02697,21,Mechanic,51506.55,4051.2125
CUST02698,25,Media_Manager,15658.16,1098.846667
CUST02699,39,Manager,170391.52,14096.29333
CUST02700,31,Accountant,34188.81,2719.0675
CUST02701,31,Writer,33494.36,2677.196667
CUST02703,27,Engineer,15755.455,1605.954583
CUST02704,35,Architect,26670.7,1996.558333
CUST02705,30,Engineer,51093.9,4347.825
CUST02707,37,Media_Manager,91686.69,7842.5575
CUST02708,50,Doctor,21196.23,1983.3525
CUST02709,40,Scientist,18344.75,1818.729167
CUST02710,54,Manager,84094.1,6874.841667
CUST02711,46,Manager,147334.32,12223.86
CUST02712,21,Engineer,56850.32,4753.526667
CUST02713,53,Engineer,116941.71,9614.1425
CUST02714,17,Mechanic,41644.48,3464.373333
CUST02715,19,Accountant,60801.28,4858.773333
CUST02716,22,Architect,30758.43,2822.2025
CUST02718,26,Entrepreneur,29648.86,2516.738333
CUST02719,46,Engineer,31254.23,2665.519167
CUST02720,23,Mechanic,18417.19,1754.765833
CUST02721,45,Writer,35032.66,2853.388333
CUST02722,24,Doctor,32835.4,2690.283333
CUST02724,49,Entrepreneur,133868.52,11000.71
CUST02725,30,Manager,28706.94,2473.245
CUST02726,46,Developer,35372.36,2865.696667
CUST02727,37,Media_Manager,37263.45,3156.2875
CUST02728,30,Entrepreneur,32426.78,2999.231667
CUST02729,30,Journalist,33439.39,2893.615833
CUST02730,29,Writer,54231.16,4727.263333
CUST02731,24,Doctor,42122.28,3211.19
CUST02732,46,Writer,28022.9,2098.241667
CUST02733,39,Musician,44812.78,3770.398333
CUST02734,41,Writer,18329.93,1312.494167
CUST02735,25,Entrepreneur,12427.74,767.645
CUST02736,39,Doctor,60575.7,4794.975
CUST02737,43,Teacher,62359.82,5120.651667
CUST02738,37,Journalist,9987.295,578.2745833
CUST02739,19,Mechanic,33146.84,2704.236667
CUST02740,46,Writer,98803.47,8099.6225
CUST02741,30,Engineer,35059.2,2653.6
CUST02742,36,Accountant,14392.84,1027.403333
CUST02743,54,Accountant,12924.77,810.0641667
CUST02744,28,Mechanic,33036.44,2881.036667
CUST02745,32,Doctor,102279.18,8791.265
CUST02746,43,Engineer,37227.24,3006.27
CUST02748,40,Journalist,70847.52,5637.96
CUST02749,48,Engineer,18894.02,1524.501667
CUST02750,45,Media_Manager,134563.36,11153.61333
CUST02751,36,Doctor,7453.305,828.10875
CUST02752,36,Media_Manager,42247.17,3501.5975
CUST02753,21,Engineer,103515.51,8334.2925
CUST02754,41,Lawyer,51340.92,4269.41
CUST02755,52,Teacher,17707.46,1440.621667
CUST02756,45,Journalist,22006.43,1655.869167
CUST02757,30,Scientist,74023.53,6335.6275
CUST02758,26,Scientist,9846.615,826.55125
CUST02759,49,Architect,31080.36,2394.03
CUST02760,36,Teacher,19078.52,1697.876667
CUST02761,40,Teacher,83789.22,7051.435
CUST02762,24,Architect,108702.09,8900.5075
CUST02763,43,Manager,7201.505,488.1254167
CUST02764,44,Journalist,135445.2,11415.1
CUST02765,24,Accountant,39139.35,3414.6125
CUST02766,28,Musician,68552.32,5618.693333
CUST02767,37,Writer,112080.48,9211.04
CUST02768,35,Doctor,14526.58,1318.548333
CUST02769,28,Musician,36780.03,3169.0025
CUST02770,47,Manager,97174.44,8015.87
CUST02771,19,Developer,62877.88,5485.823333
CUST02772,17,Teacher,39039.8,3397.316667
CUST02773,47,Teacher,11617.39,850.1158333
CUST02774,44,Lawyer,43734.68,3650.556667
CUST02775,25,Scientist,20235.8,1699.316667
CUST02776,46,Media_Manager,43543.72,3476.643333
CUST02777,23,Writer,53370.42,4618.535
CUST02778,42,Developer,77613.39,6182.7825
CUST02779,21,Media_Manager,108680.19,9282.6825
CUST02780,39,Musician,34114.43,2858.869167
CUST02781,40,Teacher,15723.705,1191.30875
CUST02782,37,Manager,97420.86,7838.405
CUST02783,37,Media_Manager,67097.28,5370.44
CUST02784,18,Architect,38029.86,3032.155
CUST02785,36,Manager,18508.07,1678.339167
CUST02786,23,Writer,77832.74,6234.061667
CUST02787,49,Entrepreneur,44955.64,3878.303333
CUST02788,29,Developer,31632.32,2421.026667
CUST02789,19,Musician,140719.08,11580.59
CUST02790,45,Entrepreneur,32146.13,2698.844167
CUST02791,20,Accountant,118875.69,9939.3075
CUST02793,33,Manager,35134.51,2824.875833
CUST02794,42,Developer,12868.625,829.3854167
CUST02795,49,Developer,26025.94,2221.828333
CUST02796,20,Scientist,74449.44,6251.12
CUST02797,25,Writer,71531.2,6170.933333
CUST02798,17,Manager,15471.01,1467.250833
CUST02799,34,Doctor,89434.35,7281.8625
CUST02800,44,Doctor,41678.65,3672.220833
CUST02801,40,Accountant,53320.08,4387.34
CUST02802,55,Architect,151303.88,12714.65667
CUST02803,43,Accountant,62109.24,5152.77
CUST02804,53,Musician,44789.64,3638.47
CUST02805,23,Scientist,9898.6,862.8833333
CUST02807,23,Developer,177330.24,14601.52
CUST02808,29,Architect,28485.71,2401.809167
CUST02810,30,Manager,14369.5,962.4583333
CUST02811,43,Writer,104142.56,8433.546667
CUST02812,43,Writer,35319.26,3082.271667
CUST02813,26,Architect,10830.26,922.5216667
CUST02814,22,Scientist,8329.915,660.1595833
CUST02816,55,Journalist,68041.56,5885.13
CUST02817,18,Scientist,107871.9,8816.325
CUST02818,28,Doctor,24795.16,1807.263333
CUST02819,36,Journalist,57074.58,4679.215
CUST02821,25,Engineer,39560.62,3247.718333
CUST02822,21,Doctor,63919.12,5067.593333
CUST02823,27,Manager,30155.09,2217.924167
CUST02824,54,Entrepreneur,30084.89,2375.074167
CUST02825,18,Entrepreneur,14755.09,1072.590833
CUST02826,36,Media_Manager,110147.52,9040.96
CUST02827,45,Architect,15858.64,1414.553333
CUST02828,33,Accountant,17078.485,1256.207083
CUST02829,41,Lawyer,15375.09,1572.2575
CUST02830,24,Journalist,31599.56,2665.296667
CUST02831,36,Mechanic,18666.83,1628.569167
CUST02833,31,Mechanic,23635.39,2239.615833
CUST02834,31,Accountant,15289.33,1417.110833
CUST02835,35,Engineer,34323.26,2734.271667
CUST02836,28,Teacher,11978.875,825.2395833
CUST02837,45,Doctor,40838.93,3440.244167
CUST02838,39,Media_Manager,35139.0,2650.25
CUST02839,51,Scientist,69684.86,5872.071667
CUST02840,25,Developer,70897.32,6139.11
CUST02841,48,Entrepreneur,19204.25,1660.354167
CUST02843,27,Writer,81320.88,6764.74
CUST02844,44,Manager,70413.48,5971.79
CUST02845,30,Journalist,34775.16,3048.93
CUST02847,26,Media_Manager,42277.83,3724.1525
CUST02848,32,Entrepreneur,94545.75,7617.8125
CUST02849,51,Doctor,33763.89,2578.6575
CUST02850,54,Lawyer,20660.16,1995.68
CUST02851,28,Scientist,44152.16,3831.346667
CUST02852,24,Media_Manager,8815.64,973.6366667
CUST02853,40,Scientist,19206.92,1373.576667
CUST02854,31,Teacher,17166.71,1181.559167
CUST02855,20,Engineer,50513.25,4051.4375
CUST02856,41,Teacher,152148.92,12888.07667
CUST02857,29,Accountant,79290.96,6646.58
CUST02858,27,Media_Manager,18038.0,1534.166667
CUST02859,43,Engineer,74092.04,6029.336667
CUST02860,29,Scientist,18760.6,1531.383333
CUST02861,23,Musician,42767.89,3420.990833
CUST02862,22,Musician,47953.86,3706.155
CUST02863,29,Journalist,24308.05,1762.670833
CUST02864,31,Entrepreneur,42400.7,3627.391667
CUST02865,35,Musician,55644.39,4715.0325
CUST02866,47,Writer,14036.915,1420.742917
CUST02867,43,Writer,77004.92,6233.076667
CUST02868,26,Teacher,34902.43,3128.535833
CUST02869,21,Scientist,141420.92,11748.07667
CUST02870,53,Teacher,62347.86,5016.655
CUST02871,50,Media_Manager,77165.86,6595.488333
CUST02872,36,Media_Manager,15335.895,1023.99125
CUST02873,26,Media_Manager,35455.23,2913.6025
CUST02874,39,Writer,34763.33,2907.944167
CUST02875,47,Teacher,59823.58,5220.298333
CUST02876,42,Engineer,58966.89,4628.9075
CUST02878,19,Journalist,41209.68,3413.14
CUST02880,48,Teacher,33153.69,3008.8075
CUST02881,43,Manager,42468.06,3355.005
CUST02882,52,Journalist,30498.76,2320.563333
CUST02883,41,Engineer,30528.52,2269.043333
CUST02884,20,Doctor,9675.845,1062.320417
CUST02885,40,Architect,27026.95,2011.245833
CUST02886,25,Lawyer,83237.52,7162.46
CUST02887,43,Journalist,8126.595,872.21625
CUST02888,38,Lawyer,95713.28,7809.106667
CUST02889,36,Media_Manager,44158.03,3733.835833
CUST02891,54,Media_Manager,108488.61,8773.7175
CUST02892,25,Media_Manager,121453.36,10084.11333
CUST02893,25,Mechanic,82670.04,6775.17
CUST02894,28,Engineer,44572.43,3757.369167
CUST02895,29,Media_Manager,26509.67,1954.139167
CUST02896,19,Journalist,15115.04,1274.586667
CUST02897,54,Scientist,78401.25,6475.4375
CUST02898,51,Entrepreneur,34229.35,2840.445833
CUST02899,53,Manager,17902.54,1669.878333
CUST02900,25,Developer,46650.9,4031.575
CUST02901,18,Accountant,31011.32,2810.276667
CUST02902,37,Doctor,9491.025,768.91875
CUST02903,53,Journalist,152340.56,12568.04667
CUST02904,19,Lawyer,28608.65,2490.054167
CUST02905,28,Entrepreneur,46696.02,3811.335
CUST02907,29,Lawyer,57421.58,4522.131667
CUST02908,33,Musician,21202.09,1943.840833
CUST02909,28,Architect,82831.68,7133.64
CUST02910,20,Writer,56304.16,4458.013333
CUST02911,54,Musician,36135.19,2898.265833
CUST02912,33,Entrepreneur,55835.7,4617.975
CUST02914,18,Developer,14264.46,1091.705
CUST02915,41,Engineer,35728.54,3096.378333
CUST02916,29,Engineer,28119.52,2151.293333
CUST02917,52,Manager,22179.64,1938.303333
CUST02918,30,Mechanic,58224.1,4676.008333
CUST02919,35,Writer,7765.195,817.0995833
CUST02920,39,Writer,31369.58,2607.131667
CUST02921,31,Entrepreneur,100268.73,8064.7275
CUST02922,44,Accountant,7558.55,409.8791667
CUST02923,40,Entrepreneur,63461.28,5109.44
CUST02924,50,Developer,88221.16,7113.763333
CUST02925,38,Accountant,13300.535,1183.377917
CUST02926,19,Doctor,14293.6,1022.133333
CUST02927,48,Musician,33388.1,2599.341667
CUST02928,41,Developer,60901.36,5351.113333
CUST02929,44,Teacher,30303.3,2268.275
CUST02931,26,Manager,54881.55,4633.4625
CUST02932,32,Journalist,36945.28,3347.773333
CUST02933,34,Doctor,15950.66,1047.221667
CUST02934,25,Media_Manager,45852.8,3655.066667
CUST02935,27,Engineer,8761.63,660.1358333
CUST02936,23,Architect,34791.08,3151.256667
CUST02939,38,Mechanic,14365.54,1486.128333
CUST02940,26,Manager,75804.94,6120.078333
CUST02941,25,Accountant,66176.67,5809.7225
CUST02942,24,Entrepreneur,29563.72,2704.643333
CUST02944,27,Manager,17379.785,1536.315417
CUST02945,37,Architect,20967.39,1932.2825
CUST02946,33,Journalist,19890.19,1541.515833
CUST02947,53,Journalist,82146.63,6770.5525
CUST02948,35,Doctor,20700.455,1870.037917
CUST02949,32,Mechanic,15789.99,1022.8325
CUST02950,49,Entrepreneur,160573.56,13293.13
CUST02951,22,Journalist,14089.4,1046.116667
CUST02952,19,Scientist,63561.98,5227.831667
CUST02953,29,Engineer,97168.2,8002.35
CUST02954,42,Accountant,20712.24,2007.02
CUST02955,33,Scientist,72287.52,5910.96
CUST02956,29,Developer,31135.37,2500.614167
CUST02957,24,Manager,92091.87,7842.3225
CUST02958,51,Writer,107409.27,8745.7725
CUST02959,26,Scientist,23051.72,1873.976667
CUST02960,21,Teacher,57619.53,4643.6275
CUST02961,45,Entrepreneur,55281.02,4713.751667
CUST02962,33,Scientist,68090.85,5717.2375
CUST02963,55,Media_Manager,20488.03,1507.335833
CUST02964,36,Architect,81815.02,6884.918333
CUST02965,23,Lawyer,18283.91,1747.659167
CUST02966,51,Journalist,151696.32,12392.36
CUST02967,28,Doctor,89190.57,7135.5475
CUST02968,22,Musician,60460.92,4855.41
CUST02969,24,Architect,14886.29,1379.524167
CUST02970,54,Teacher,155916.32,12869.02667
CUST02971,37,Manager,14019.63,1315.3025
CUST02972,44,Accountant,14155.67,1444.639167
CUST02973,43,Journalist,9377.445,818.45375
CUST02974,54,Developer,100956.21,8658.0175
CUST02975,33,Doctor,133439.76,11066.98
CUST02976,35,Lawyer,15967.505,1474.625417
CUST02977,23,Teacher,90182.31,7525.1925
CUST02978,44,Accountant,7689.715,521.8095833
CUST02979,40,Manager,14241.48,1466.79
CUST02980,45,Teacher,75042.72,6484.56
CUST02981,35,Lawyer,114977.76,9641.48
CUST02982,43,Manager,7435.16,333.5966667
CUST02983,29,Accountant,10367.01,1095.9175
CUST02984,41,Accountant,30185.74,2654.478333
CUST02985,51,Teacher,69476.14,6016.678333
CUST02986,30,Writer,28952.76,2338.73
CUST02987,25,Entrepreneur,18798.83,1721.569167
CUST02988,45,Journalist,88348.8,7090.4
CUST02989,44,Architect,46076.49,3558.7075
CUST02990,45,Lawyer,22182.95,1937.579167
CUST02991,48,Scientist,32357.41,2456.450833
CUST02992,43,Scientist,54601.74,4527.145
CUST02993,24,Lawyer,31481.45,2834.454167
CUST02994,37,Teacher,85280.88,6846.74
CUST02995,42,Journalist,34192.02,2824.335
CUST02996,34,Lawyer,40743.16,3657.263333
CUST02997,21,Mechanic,15150.72,1336.56
CUST02998,39,Developer,76567.6,6322.633333
CUST02999,36,Architect,119889.75,10174.8125
CUST03000,48,Manager,12593.765,1085.480417
CUST03001,27,Engineer,19370.48,1828.206667
CUST03002,21,Writer,8255.925,831.99375
CUST03003,36,Scientist,31994.01,2756.1675
CUST03004,26,Entrepreneur,59534.16,5159.18
CUST03005,22,Scientist,14584.155,959.34625
CUST03006,26,Accountant,122425.8,10001.15
CUST03007,37,Media_Manager,21206.82,1881.235
CUST03008,36,Engineer,8393.5,517.4583333
CUST03010,44,Media_Manager,44441.99,3993.499167
CUST03011,55,Developer,23256.59,1892.049167
CUST03012,32,Musician,113666.08,9637.173333
CUST03014,28,Journalist,88601.46,7504.455
CUST03015,38,Architect,11333.42,840.4516667
CUST03016,25,Lawyer,17135.33,1409.944167
CUST03017,23,Mechanic,142717.44,11947.12
CUST03018,41,Engineer,19269.565,1343.797083
CUST03019,38,Architect,29936.8,2302.733333
CUST03020,21,Architect,9901.355,919.1129167
CUST03021,49,Manager,57197.04,4668.42
CUST03022,33,Journalist,17774.97,1233.2475
CUST03023,28,Mechanic,81481.02,6973.085
CUST03024,19,Manager,57994.96,4653.913333
CUST03025,38,Architect,57473.58,4544.465
CUST03026,51,Architect,94525.68,7955.14
CUST03027,20,Mechanic,17163.15,1572.2625
CUST03028,40,Developer,56195.04,4901.92
CUST03029,26,Doctor,10279.305,955.60875
CUST03030,49,Architect,76072.76,6598.396667
CUST03031,37,Accountant,32401.4,2742.116667
CUST03032,31,Musician,88126.58,7250.881667
CUST03033,55,Musician,31049.93,2296.494167
CUST03034,30,Journalist,87791.46,7176.955
CUST03035,53,Developer,13966.77,1037.8975
CUST03036,49,Engineer,71660.3,5674.691667
CUST03037,45,Engineer,70556.92,6078.743333
CUST03038,31,Entrepreneur,34630.59,2654.8825
CUST03039,44,Developer,48610.06,4238.838333
CUST03040,32,Writer,78363.06,6520.255
CUST03041,24,Media_Manager,32584.15,2863.345833
CUST03042,29,Writer,82293.24,6727.77
CUST03043,38,Lawyer,9493.125,662.09375
CUST03044,40,Manager,32827.08,2597.59
CUST03045,41,Teacher,20728.4,1506.366667
CUST03046,21,Lawyer,15472.34,1110.361667
CUST03047,19,Journalist,73928.78,6224.731667
CUST03048,20,Developer,29937.85,2605.820833
CUST03049,30,Engineer,48090.45,4039.5375
CUST03050,19,Media_Manager,29297.14,2162.428333
CUST03052,33,Doctor,18514.195,1713.849583
CUST03054,32,Manager,18380.15,1396.679167
CUST03055,31,Entrepreneur,51162.84,4249.57
CUST03056,23,Musician,176696.88,14648.74
CUST03057,18,Entrepreneur,28631.79,2453.9825
CUST03058,38,Developer,75004.05,6416.3375
CUST03059,35,Writer,9888.7,902.0583333
CUST03060,21,Architect,69050.52,5722.21
CUST03061,24,Media_Manager,18412.85,1634.404167
CUST03062,45,Engineer,142635.52,11708.29333
CUST03063,19,Musician,115177.32,9529.11
CUST03064,28,Manager,76092.27,6055.0225
CUST03065,53,Teacher,103284.84,8591.07
CUST03066,21,Accountant,23312.22,1814.685
CUST03067,27,Accountant,30093.32,2475.776667
CUST03068,41,Journalist,132588.3,10918.025
CUST03069,46,Engineer,29873.96,2477.496667
CUST03070,42,Lawyer,16544.455,1209.704583
CUST03071,36,Accountant,25899.18,2100.265
CUST03072,55,Mechanic,85954.42,7366.868333
CUST03073,39,Journalist,58510.6,4693.883333
CUST03074,26,Musician,44768.54,3535.711667
CUST03075,20,Teacher,66914.37,5331.1975
CUST03076,32,Teacher,28108.17,2591.3475
CUST03077,35,Media_Manager,36857.22,2976.435
CUST03078,43,Doctor,103092.27,8311.0225
CUST03079,18,Lawyer,17569.69,1440.140833
CUST03080,37,Architect,100433.58,8074.465
CUST03081,31,Developer,53751.21,4260.2675
CUST03082,24,Musician,82823.92,7098.993333
CUST03083,24,Mechanic,20196.67,1679.055833
CUST03084,49,Media_Manager,107761.29,9047.1075
CUST03085,28,Entrepreneur,34132.87,2970.405833
CUST03086,23,Architect,8102.765,467.2304167
CUST03087,42,Musician,12153.69,886.8075
CUST03088,17,Mechanic,7619.09,428.9241667
CUST03089,23,Musician,25664.86,1904.738333
CUST03090,41,Engineer,35615.68,2677.973333
CUST03091,44,Doctor,17296.38,1480.365
CUST03092,25,Musician,15701.03,1213.419167
CUST03093,51,Accountant,177350.84,14615.23667
CUST03094,36,Teacher,20282.38,1688.198333
CUST03095,36,Mechanic,49346.88,3965.24
CUST03096,40,Lawyer,8973.16,762.7633333
CUST03097,26,Teacher,14810.545,1075.212083
CUST03098,55,Media_Manager,55929.32,4788.776667
CUST03099,34,Writer,36638.43,2807.2025
CUST03100,47,Doctor,31183.16,2760.596667
CUST03101,45,Teacher,28956.72,2459.06
CUST03102,24,Developer,28263.5,2514.291667
CUST03103,38,Journalist,58267.23,4943.6025
CUST03104,41,Architect,111112.76,8976.396667
CUST03105,36,Lawyer,19427.14,1404.928333
CUST03106,49,Lawyer,87714.58,7483.548333
CUST03107,21,Mechanic,124436.4,10520.7
CUST03108,30,Developer,167860.16,13773.34667
CUST03109,54,Scientist,28730.94,2611.245
CUST03110,52,Architect,42103.18,3327.598333
CUST03111,23,Mechanic,15604.245,1554.35375
CUST03112,27,Accountant,15391.47,1147.6225
CUST03113,21,Musician,132897.24,11193.77
CUST03114,36,Architect,31178.1,2353.175
CUST03115,23,Mechanic,38038.59,3011.8825
CUST03116,46,Writer,35539.56,2953.63
CUST03117,25,Accountant,83873.61,7034.4675
CUST03118,48,Media_Manager,19042.55,1716.879167
CUST03119,55,Media_Manager,12975.45,1218.2875
CUST03120,26,Entrepreneur,34693.86,2718.155
CUST03121,21,Lawyer,28560.71,2444.059167
CUST03122,28,Teacher,55378.41,4665.8675
CUST03123,46,Accountant,39296.5,3261.708333
CUST03124,30,Entrepreneur,16472.09,1563.674167
CUST03125,35,Journalist,21687.46,2003.288333
CUST03126,40,Architect,16517.795,1467.482917
CUST03127,28,Accountant,14189.3,973.4416667
CUST03128,40,Accountant,97384.44,8167.37
CUST03129,39,Architect,36941.92,3342.493333
CUST03130,26,Lawyer,25322.83,1868.235833
CUST03131,48,Journalist,19835.93,1531.994167
CUST03132,36,Developer,67049.66,5777.471667
CUST03133,37,Scientist,86878.4,7336.866667
CUST03134,31,Engineer,39340.72,3534.393333
CUST03135,37,Writer,10003.495,840.6245833
CUST03136,20,Media_Manager,45941.28,4006.44
CUST03137,44,Accountant,29594.87,2493.239167
CUST03138,33,Architect,73348.2,5908.35
CUST03139,19,Media_Manager,38415.69,3288.3075
CUST03140,31,Journalist,63022.2,5196.85
CUST03141,35,Entrepreneur,56301.9,4593.825
CUST03142,22,Writer,114755.04,9669.92
CUST03143,20,Media_Manager,22558.95,1991.9125
CUST03144,41,Lawyer,29377.62,2430.135
CUST03145,30,Lawyer,18250.52,1403.876667
CUST03146,42,Teacher,19214.965,1730.247083
CUST03147,22,Writer,18372.22,1486.018333
CUST03148,54,Doctor,79752.42,6348.035
CUST03149,34,Journalist,33061.79,2752.149167
CUST03150,39,Mechanic,62927.92,4943.993333
CUST03151,20,Mechanic,72896.12,5885.676667
CUST03152,48,Teacher,85840.34,7164.361667
CUST03153,52,Teacher,72304.38,6099.365
CUST03154,39,Architect,17090.225,1371.185417
CUST03155,31,Architect,131990.84,11107.23667
CUST03156,35,Manager,34317.6,2794.8
CUST03157,46,Accountant,33185.6,2629.466667
CUST03158,21,Lawyer,19223.44,1476.953333
CUST03160,40,Accountant,9989.875,618.4895833
CUST03161,20,Writer,20456.57,1770.714167
CUST03162,34,Teacher,69341.52,5919.46
CUST03163,44,Architect,70350.06,6044.505
CUST03164,31,Journalist,48597.42,3866.785
CUST03165,36,Architect,77821.26,6619.105
CUST03166,42,Doctor,17063.595,1571.96625
CUST03168,37,Journalist,20417.71,1812.475833
CUST03169,36,Entrepreneur,20426.38,1653.198333
CUST03170,27,Mechanic,24600.33,2035.0275
CUST03171,18,Lawyer,31100.49,2456.7075
CUST03172,25,Entrepreneur,26299.08,2490.59
CUST03173,43,Mechanic,106154.46,8961.205
CUST03174,30,Doctor,86058.54,7140.545
CUST03175,26,Lawyer,39693.86,3449.821667
CUST03176,48,Mechanic,134775.96,11379.33
CUST03177,42,Journalist,34374.28,2909.523333
CUST03178,37,Lawyer,82796.52,6927.71
CUST03179,37,Teacher,79993.05,6405.0875
CUST03181,28,Journalist,101299.84,8403.653333
CUST03182,24,Lawyer,24458.57,2271.214167
CUST03183,29,Developer,39576.59,3199.049167
CUST03184,39,Teacher,34826.32,2664.193333
CUST03185,38,Entrepreneur,62805.48,5247.79
CUST03186,41,Entrepreneur,9085.09,980.0908333
CUST03187,27,Media_Manager,95189.64,7924.47
CUST03188,27,Media_Manager,53460.93,4528.0775
CUST03189,35,Accountant,70137.8,5901.816667
CUST03190,23,Musician,128283.84,10873.32
CUST03191,55,Writer,35184.74,3035.061667
CUST03192,37,Mechanic,25040.59,2278.715833
CUST03193,18,Doctor,20485.76,1950.146667
CUST03194,31,Journalist,17517.55,1293.795833
CUST03195,53,Scientist,65598.44,5593.536667
CUST03197,29,Lawyer,102942.36,8460.53
CUST03198,32,Media_Manager,15829.875,1242.15625
CUST03199,33,Teacher,16706.97,1364.2475
CUST03200,50,Developer,38095.88,3228.656667
CUST03201,34,Lawyer,82277.8,6826.483333
CUST03202,17,Engineer,21695.12,1684.926667
CUST03204,34,Architect,14271.95,1433.329167
CUST03205,29,Scientist,21353.19,1856.4325
CUST03206,18,Architect,72000.7,5923.058333
CUST03207,18,Lawyer,61881.64,5266.803333
CUST03208,25,Journalist,19215.09,1460.2575
CUST03210,22,Manager,20290.79,1637.899167
CUST03211,34,Writer,106077.6,8744.8
CUST03212,22,Teacher,18140.0,1375.666667
CUST03213,21,Architect,67518.81,5365.5675
CUST03214,20,Engineer,18925.44,1330.12
CUST03215,50,Engineer,97577.28,7906.44
CUST03216,28,Developer,33136.35,2681.3625
CUST03217,21,Engineer,18002.31,1645.1925
CUST03218,36,Lawyer,12029.15,1213.429167
CUST03219,42,Developer,11381.825,1003.485417
CUST03220,45,Entrepreneur,7465.895,684.1579167
CUST03222,43,Entrepreneur,14773.38,1313.115
CUST03223,40,Writer,33262.2,2914.85
CUST03224,21,Doctor,45594.72,3808.56
CUST03225,49,Engineer,25498.21,1828.850833
CUST03226,34,Engineer,14185.73,1071.144167
CUST03227,25,Architect,17001.68,1485.806667
CUST03228,30,Lawyer,117724.16,9778.346667
CUST03229,23,Entrepreneur,119149.92,10073.16
CUST03230,36,Journalist,38392.96,3031.413333
CUST03231,34,Scientist,36607.63,2986.635833
CUST03233,32,Doctor,17488.905,1643.40875
CUST03234,38,Accountant,11562.215,979.5179167
CUST03235,48,Lawyer,126982.68,10543.89
CUST03236,37,Engineer,104168.22,8655.685
CUST03237,19,Developer,32414.96,2826.246667
CUST03239,38,Architect,100148.8,8175.733333
CUST03241,44,Doctor,8766.58,830.5483333
CUST03242,40,Manager,15035.19,1214.9325
CUST03244,17,Manager,41417.04,3439.42
CUST03245,27,Mechanic,74142.96,5909.58
CUST03246,18,Teacher,16360.215,1410.35125
CUST03247,23,Doctor,20252.78,1451.731667
CUST03248,51,Teacher,38147.38,3161.948333
CUST03249,20,Writer,150746.88,12589.24
CUST03250,51,Media_Manager,114998.64,9729.22
CUST03251,21,Musician,9945.42,800.785
CUST03252,46,Mechanic,19731.16,1887.263333
CUST03253,40,Architect,72608.32,5855.693333
CUST03254,29,Journalist,29111.07,2501.9225
CUST03255,41,Teacher,59924.96,4816.746667
CUST03256,52,Musician,70978.78,5792.898333
CUST03258,42,Teacher,126530.4,10535.2
CUST03259,26,Media_Manager,113207.36,9137.946667
CUST03260,33,Scientist,43287.85,3769.320833
CUST03261,35,Accountant,104045.91,8718.4925
CUST03262,29,Engineer,114450.72,9430.56
CUST03263,36,Engineer,34974.3,2986.525
CUST03264,33,Engineer,26625.58,2161.798333
CUST03265,54,Entrepreneur,21818.285,1874.190417
CUST03266,32,Entrepreneur,56795.28,4303.629378
CUST03267,21,Journalist,68585.44,5618.453333
CUST03268,47,Manager,29648.76,2740.73
CUST03269,33,Mechanic,102447.39,8347.2825
CUST03270,40,Entrepreneur,16626.25,1096.520833
CUST03271,20,Architect,85163.31,6902.9425
CUST03272,26,Engineer,105453.39,8759.7825
CUST03273,45,Engineer,29728.31,2551.359167
CUST03274,31,Scientist,16164.77,1406.064167
CUST03275,25,Lawyer,86914.41,6957.8675
CUST03276,46,Developer,42072.75,3263.0625
CUST03277,35,Engineer,118845.76,9877.813333
CUST03278,43,Scientist,68236.12,5542.343333
CUST03279,43,Media_Manager,132856.92,11000.41
CUST03281,42,Lawyer,76284.72,6451.06
CUST03282,26,Teacher,8007.85,897.3208333
CUST03284,39,Developer,64427.3,5075.941667
CUST03285,32,Developer,11533.485,786.12375
CUST03286,34,Writer,20945.23,1552.435833
CUST03287,23,Musician,44006.56,3432.213333
CUST03288,51,Journalist,32871.96,2621.33
CUST03289,38,Journalist,114867.4,9805.283333
CUST03290,52,Teacher,46683.12,3806.26
CUST03291,27,Writer,168878.08,14302.17333
CUST03292,41,Musician,90438.88,7440.573333
CUST03293,26,Doctor,20958.75,1470.5625
CUST03294,44,Lawyer,50043.26,4014.271667
CUST03295,36,Doctor,7011.685,680.3070833
CUST03296,33,Engineer,59710.88,4995.906667
CUST03297,28,Scientist,7139.64,451.97
CUST03298,27,Entrepreneur,17621.705,1335.475417
CUST03299,30,Entrepreneur,35989.5,3039.125
CUST03300,32,Doctor,26992.21,2181.350833
CUST03301,46,Media_Manager,38797.22,3281.101667
CUST03302,41,Architect,110529.93,9049.8275
CUST03304,27,Scientist,97868.73,8272.7275
CUST03305,38,Engineer,14293.9,1394.158333
CUST03306,23,Accountant,14672.87,1281.739167
CUST03307,35,Scientist,163255.64,13397.63667
CUST03308,23,Developer,124955.08,10233.92333
CUST03309,33,Accountant,85543.0,6829.583333
CUST03310,28,Writer,34898.52,2923.21
CUST03311,23,Musician,18138.0,1464.5
CUST03312,22,Manager,17096.48,1467.706667
CUST03313,38,Scientist,14085.15,1330.7625
CUST03314,35,Lawyer,36729.93,3135.8275
CUST03315,28,Musician,51950.28,4218.19
CUST03316,29,Architect,17187.48,1707.29
CUST03317,55,Writer,124623.9,10305.325
CUST03318,28,Media_Manager,23557.5,1797.125
CUST03319,45,Teacher,30592.38,2583.365
CUST03320,21,Musician,25655.23,2081.935833
CUST03321,24,Mechanic,42884.84,3578.736667
CUST03322,33,Writer,27694.66,2490.888333
CUST03323,26,Media_Manager,24898.5,2154.875
CUST03324,32,Developer,169229.44,13892.45333
CUST03325,33,Accountant,19197.3,1640.775
CUST03326,32,Entrepreneur,158311.12,13403.59333
CUST03327,29,Mechanic,65247.82,5649.318333
CUST03328,28,Entrepreneur,135871.68,11612.64
CUST03329,38,Scientist,10413.6,576.8
CUST03330,18,Entrepreneur,34204.91,3056.409167
CUST03331,48,Developer,62170.26,4987.855
CUST03332,44,Doctor,86902.59,7005.8825
CUST03333,26,Manager,38272.58,2980.381667
CUST03334,44,Entrepreneur,16358.97,1611.2475
CUST03335,43,Architect,106271.13,8663.9275
CUST03336,33,Engineer,95745.88,7799.823333
CUST03337,43,Entrepreneur,36228.12,3105.01
CUST03338,27,Developer,65500.84,5457.403333
CUST03339,33,Developer,16518.87,1279.5725
CUST03340,26,Mechanic,17181.105,1717.75875
CUST03342,37,Architect,44849.79,3736.4825
CUST03343,38,Writer,35669.97,3196.4975
CUST03344,26,Musician,125222.6,10208.21667
CUST03345,34,Developer,89417.16,7170.43
CUST03346,22,Manager,78426.52,6383.543333
CUST03347,22,Developer,78839.48,6358.956667
CUST03348,34,Engineer,95287.17,8075.5975
CUST03349,27,Media_Manager,35933.67,2728.4725
CUST03350,41,Journalist,34216.85,2718.404167
CUST03351,22,Scientist,7156.425,413.36875
CUST03352,31,Accountant,107157.12,9178.76
CUST03353,19,Mechanic,135452.08,11212.67333
CUST03354,46,Scientist,21229.73,1709.144167
CUST03355,41,Musician,70064.92,5938.743333
CUST03356,25,Manager,17482.49,1181.874167
CUST03357,28,Doctor,120091.92,10239.66
CUST03358,29,Journalist,56693.96,4662.496667
CUST03359,39,Manager,171873.32,14285.77667
CUST03360,43,Scientist,66522.06,5409.505
CUST03362,49,Manager,120030.68,9972.556667
CUST03363,20,Engineer,175796.6,14768.71667
CUST03364,38,Writer,61348.98,5038.415
CUST03365,39,Lawyer,9159.02,887.2516667
CUST03366,30,Architect,141816.36,12003.03
CUST03367,24,Writer,78867.52,6779.293333
CUST03368,38,Manager,99845.4,8600.45
CUST03369,34,Teacher,22373.535,2137.46125
CUST03370,25,Accountant,104616.9,8481.075
CUST03371,44,Mechanic,15451.69,1271.640833
CUST03372,39,Lawyer,152483.32,12747.94333
CUST03373,20,Musician,30494.3,2330.191667
CUST03374,55,Lawyer,32937.83,2519.819167
CUST03375,27,Journalist,132705.63,11184.8025
CUST03377,29,Architect,58301.44,4998.453333
CUST03378,42,Teacher,142475.32,12013.94333
CUST03379,38,Lawyer,38580.05,3385.004167
CUST03381,23,Developer,126664.28,10474.35667
CUST03382,23,Developer,19899.64,1759.303333
CUST03383,26,Developer,7542.5,818.5416667
CUST03384,28,Lawyer,64294.77,5442.8975
CUST03385,31,Manager,30429.91,2808.825833
CUST03386,21,Teacher,34512.78,2902.065
CUST03387,24,Teacher,23522.97,2010.2475
CUST03388,39,Developer,29785.28,2398.106667
CUST03389,52,Journalist,108397.59,8961.1325
CUST03390,42,Architect,71690.42,6001.201667
CUST03391,43,Developer,96108.54,7785.045
CUST03392,20,Lawyer,20701.48,1909.123333
CUST03393,19,Manager,21129.11,1852.759167
CUST03394,41,Writer,61355.12,5180.926667
CUST03395,30,Architect,28993.75,2459.145833
CUST03396,32,Writer,30962.65,2711.220833
CUST03397,44,Lawyer,19547.065,1486.922083
CUST03398,18,Developer,103943.0,8812.916667
CUST03399,38,Manager,20695.58,1698.145919
CUST03400,22,Architect,25846.78,1909.898333
CUST03401,25,Manager,73134.06,5913.505
CUST03402,25,Doctor,67394.92,5844.243333
CUST03403,26,Media_Manager,70171.29,6091.6075
CUST03404,29,Writer,28397.31,2119.4425
CUST03405,24,Engineer,37419.7,3174.308333
CUST03406,30,Architect,117680.84,10057.73667
CUST03407,34,Engineer,15833.7,1362.475
CUST03408,51,Lawyer,35205.45,3165.7875
CUST03409,26,Architect,15891.115,1201.259583
CUST03410,37,Architect,126680.84,10547.73667
CUST03411,19,Journalist,77224.88,6221.406667
CUST03413,49,Doctor,148678.44,12353.87
CUST03414,21,Journalist,26697.27,2278.7725
CUST03415,20,Architect,71633.48,5783.456667
CUST03416,37,Engineer,43395.09,3562.2575
CUST03417,45,Scientist,19956.6,1610.05
CUST03418,18,Developer,71625.2,6031.766667
CUST03419,21,Writer,7830.03,775.5025
CUST03420,22,Doctor,61839.26,5162.271667
CUST03422,53,Architect,12743.995,1271.999583
CUST03423,21,Teacher,18001.59,1258.1325
CUST03424,20,Entrepreneur,29892.37,2664.030833
CUST03425,49,Teacher,105226.98,8744.915
CUST03426,34,Writer,30988.61,2786.384167
CUST03427,19,Developer,86304.38,7148.031667
CUST03428,40,Teacher,18623.41,1764.950833
CUST03429,45,Journalist,10386.83,1095.569167
CUST03430,53,Lawyer,34476.64,3004.053333
CUST03431,35,Musician,144342.52,12119.54333
CUST03432,18,Manager,128450.32,10943.19333
CUST03433,38,Writer,55139.82,4703.985
CUST03434,18,Accountant,92497.5,7899.125
CUST03435,22,Developer,28405.61,2645.134167
CUST03436,36,Journalist,151295.4,12736.95
CUST03437,40,Doctor,63079.46,4966.621667
CUST03439,32,Lawyer,15769.54,1438.128333
CUST03440,30,Doctor,33656.12,2821.676667
CUST03441,34,Media_Manager,62168.04,5224.67
CUST03442,31,Musician,17251.0,1226.583333
CUST03443,31,Teacher,116690.94,9747.245
CUST03444,34,Writer,140964.08,11749.00667
CUST03445,43,Scientist,67583.2,5884.933333
CUST03446,28,Scientist,9347.59,812.9658333
CUST03447,28,Lawyer,31429.85,2879.154167
CUST03449,33,Architect,86567.96,6959.996667
CUST03450,40,Teacher,87603.24,7272.27
CUST03451,21,Manager,20027.29,1491.940833
CUST03452,54,Entrepreneur,31923.73,2506.310833
CUST03453,26,Manager,14411.34,938.945
CUST03454,25,Accountant,52984.53,4272.3775
CUST03455,45,Journalist,51093.12,4080.76
CUST03456,25,Writer,45230.85,3471.2375
CUST03457,29,Lawyer,120889.62,10100.135
CUST03458,18,Musician,18246.25,1410.520833
CUST03459,42,Doctor,34352.2,2573.683333
CUST03460,23,Musician,35248.41,2683.3675
CUST03461,31,Accountant,20121.97,1646.830833
CUST03462,39,Writer,9500.235,947.68625
CUST03463,44,Lawyer,16096.54,1253.378333
CUST03464,29,Architect,146090.64,12283.22
CUST03465,27,Doctor,35728.36,3136.363333
CUST03466,20,Architect,68369.88,5691.49
CUST03467,19,Musician,29223.35,2611.279167
CUST03468,21,Entrepreneur,84408.16,7211.013333
CUST03469,37,Writer,94053.57,7954.7975
CUST03470,25,Architect,15936.77,1164.064167
CUST03471,55,Architect,26877.26,2081.771667
CUST03472,26,Developer,73431.2,6296.266667
CUST03473,27,Media_Manager,134928.36,11197.03
CUST03474,55,Lawyer,101112.6,8600.05
CUST03475,45,Engineer,14584.2,997.35
CUST03476,23,Engineer,107334.88,8883.573333
CUST03477,27,Media_Manager,42098.93,3220.244167
CUST03478,29,Lawyer,163032.6,13463.05
CUST03479,18,Scientist,69736.92,6091.41
CUST03480,19,Engineer,76909.76,6546.146667
CUST03481,45,Musician,41811.51,3441.2925
CUST03482,43,Manager,40678.44,3631.87
CUST03483,41,Scientist,14807.4,1030.955151
CUST03484,50,Accountant,61683.18,4941.265
CUST03485,19,Scientist,79284.92,6426.076667
CUST03486,35,Architect,49131.42,3864.285
CUST03487,31,Lawyer,17486.55,1389.2125
CUST03488,18,Developer,36319.38,2915.615
CUST03489,49,Developer,14831.815,1096.984583
CUST03490,37,Journalist,10091.225,759.9354167
CUST03491,48,Media_Manager,30092.13,2289.6775
CUST03492,34,Architect,10227.53,987.2941667
CUST03493,34,Mechanic,60303.3,4756.275
CUST03494,38,Architect,68876.12,5499.676667
CUST03496,40,Lawyer,60410.94,5274.245
CUST03497,30,Architect,176572.12,14723.34333
CUST03498,32,Teacher,16046.46,1218.205
CUST03499,49,Engineer,130169.92,11110.49333
CUST03500,29,Entrepreneur,113616.93,9715.0775
CUST03501,18,Media_Manager,107427.99,8868.3325
CUST03502,45,Scientist,55473.18,4873.765
CUST03503,45,Writer,15371.47,986.9558333
CUST03504,32,Journalist,34947.63,3022.3025
CUST03505,38,Writer,19769.99,1426.499167
CUST03506,21,Teacher,15812.43,1142.7025
CUST03507,19,Engineer,61936.0,5018.333333
CUST03508,20,Manager,73798.76,6422.896667
CUST03509,28,Scientist,20734.16,1984.846667
CUST03510,21,Doctor,14515.84,1123.653333
CUST03511,31,Scientist,20611.96,1444.663333
CUST03512,19,Writer,73026.92,6233.576667
CUST03513,27,Manager,29249.41,2247.450833
CUST03514,35,Developer,118645.8,10173.15
CUST03515,42,Mechanic,14424.97,1482.080833
CUST03516,53,Teacher,37921.22,2987.101667
CUST03517,25,Doctor,34238.4,2586.2
CUST03518,43,Engineer,9956.91,575.7425
CUST03519,31,Teacher,75908.66,6220.721667
CUST03520,32,Engineer,17464.64,1720.386667
CUST03521,18,Doctor,33579.27,2523.2725
CUST03522,20,Scientist,121471.44,9960.62
CUST03523,48,Developer,68721.08,5560.756667
CUST03524,52,Doctor,20830.8,1867.9
CUST03525,32,Teacher,16072.1,1585.341667
CUST03526,26,Architect,45342.24,4013.52
CUST03527,27,Entrepreneur,59377.14,5040.095
CUST03528,37,Media_Manager,10363.95,786.6625
CUST03529,33,Doctor,26347.02,2060.585
CUST03530,34,Scientist,16676.72,1629.726667
CUST03531,37,Entrepreneur,14453.63,1250.469167
CUST03532,24,Journalist,50885.37,4452.4475
CUST03534,39,Musician,35760.12,2904.01
CUST03535,52,Manager,17357.205,1588.43375
CUST03536,32,Doctor,99854.67,8263.2225
CUST03537,40,Manager,57258.28,4694.523333
CUST03538,37,Musician,26508.58,2500.048333
CUST03539,32,Lawyer,110912.79,9392.7325
CUST03540,23,Lawyer,10358.88,1015.24
CUST03541,55,Architect,35940.94,2718.078333
CUST03542,39,Lawyer,95329.23,7863.1025
CUST03543,42,Media_Manager,17399.84,1448.986667
CUST03544,47,Teacher,90398.96,7635.246667
CUST03545,33,Media_Manager,67327.32,5551.61
CUST03546,55,Doctor,12151.75,1187.645833
CUST03547,50,Doctor,61269.16,5295.763333
CUST03548,35,Writer,67845.56,5815.796667
CUST03549,32,Architect,105080.76,8488.73
CUST03550,45,Journalist,111204.78,9270.065
CUST03551,27,Doctor,60238.56,4907.88
CUST03552,19,Accountant,42512.31,3361.6925
CUST03553,30,Teacher,31751.78,2712.981667
CUST03554,25,Teacher,29633.99,2370.499167
CUST03555,18,Doctor,23489.78,2221.481667
CUST03556,33,Musician,15328.665,986.38875
CUST03558,33,Architect,9613.62,564.135
CUST03559,40,Journalist,23900.41,1767.700833
CUST03560,23,Manager,52032.16,4116.013333
CUST03561,21,Lawyer,11798.555,1039.212917
CUST03562,23,Scientist,95844.33,7997.0275
CUST03563,38,Entrepreneur,114467.67,9803.9725
CUST03564,26,Musician,14925.68,1480.806667
CUST03565,20,Scientist,120479.64,9968.97
CUST03566,25,Entrepreneur,60189.06,5138.755
CUST03567,38,Architect,30813.68,2289.806667
CUST03568,35,Writer,20057.57,1954.464167
CUST03569,28,Teacher,23631.2,1892.266667
CUST03570,22,Accountant,70383.0,6119.25
CUST03571,38,Writer,16099.62,1111.635
CUST03572,43,Teacher,45070.56,3637.88
CUST03574,30,Architect,70922.08,6191.173333
CUST03575,43,Writer,68213.38,5957.448333
CUST03576,31,Developer,17025.51,1137.7925
CUST03577,28,Writer,104075.52,8745.96
CUST03578,42,Lawyer,60224.34,5028.695
CUST03579,46,Accountant,78039.48,6236.29
CUST03580,47,Journalist,109652.7,9317.725
CUST03581,45,Lawyer,16499.63,1316.969167
CUST03582,28,Lawyer,59962.52,4976.876667
CUST03583,40,Teacher,56911.28,4474.606667
CUST03585,36,Mechanic,21892.96,1539.413333
CUST03586,42,Developer,163978.4,13830.86667
CUST03587,30,Manager,37313.32,3045.443333
CUST03588,29,Journalist,42109.41,3299.1175
CUST03589,33,Doctor,14917.845,1522.15375
CUST03590,31,Entrepreneur,35520.48,2697.04
CUST03591,18,Media_Manager,34746.02,2860.501667
CUST03592,40,Accountant,71187.56,5911.296667
CUST03593,42,Mechanic,126217.6,10430.13333
CUST03595,44,Lawyer,21075.82,1701.318333
CUST03596,32,Media_Manager,14049.075,1213.75625
CUST03597,41,Engineer,7103.73,419.9775
CUST03598,40,Entrepreneur,81831.72,6910.31
CUST03600,49,Lawyer,35482.43,2760.869167
CUST03601,33,Teacher,12629.6,941.4666667
CUST03602,25,Architect,49215.3,3962.275
CUST03603,31,Media_Manager,17623.09,1227.590833
CUST03604,26,Musician,30726.96,2304.58
CUST03605,45,Entrepreneur,66341.46,5369.455
CUST03606,32,Musician,73517.54,6412.461667
CUST03607,35,Musician,58145.22,4577.435
CUST03608,29,Musician,101696.19,8432.6825
CUST03609,27,Doctor,28385.62,2500.468333
CUST03610,39,Accountant,30509.4,2321.45
CUST03611,52,Journalist,15820.155,1033.34625
CUST03612,22,Doctor,16594.51,1642.875833
CUST03613,37,Accountant,64927.34,5402.611667
CUST03614,20,Doctor,62475.57,5307.2975
CUST03615,49,Architect,98518.68,8050.89
CUST03616,30,Media_Manager,92362.68,7437.89
CUST03617,18,Musician,116336.32,9553.693333
CUST03618,25,Manager,38635.95,3048.6625
CUST03619,23,Mechanic,19722.7,1625.558333
CUST03620,24,Developer,25203.1,2234.258333
CUST03622,34,Scientist,32510.12,2678.176667
CUST03623,41,Architect,19218.21,1669.5175
CUST03624,45,Media_Manager,7207.44,625.62
CUST03625,19,Mechanic,20232.11,1918.009167
CUST03626,20,Developer,37654.18,3269.848333
CUST03627,52,Writer,111090.06,9192.505
CUST03628,31,Lawyer,44498.78,3748.231667
CUST03629,45,Scientist,57993.84,4885.82
CUST03630,43,Mechanic,59479.26,4833.605
CUST03631,32,Journalist,101628.12,8730.01
CUST03632,45,Mechanic,133455.93,11060.3275
CUST03633,36,Scientist,66560.22,5369.685
CUST03634,32,Engineer,66571.4,5600.616667
CUST03635,26,Manager,18327.97,1276.330833
CUST03636,47,Architect,38690.04,3074.17
CUST03638,23,Lawyer,22705.83,1728.1525
CUST03639,33,Architect,163904.56,13468.71333
CUST03640,28,Doctor,20282.42,1460.201667
CUST03641,49,Journalist,28891.26,2309.605
CUST03642,18,Lawyer,8969.985,617.49875
CUST03643,45,Developer,26918.38,2442.198333
CUST03644,36,Lawyer,34483.9,2613.658333
CUST03645,55,Lawyer,30748.93,2572.410833
CUST03646,43,Entrepreneur,19818.56,1801.546667
CUST03647,22,Media_Manager,14469.88,1382.823333
CUST03650,53,Scientist,112021.6,9452.133333
CUST03651,45,Journalist,17708.33,1692.694167
CUST03652,48,Musician,41736.66,3330.055
CUST03653,53,Architect,40457.96,3197.496667
CUST03654,55,Teacher,40023.81,3214.3175
CUST03655,51,Musician,132262.74,11228.895
CUST03656,51,Media_Manager,35976.97,3126.080833
CUST03657,20,Entrepreneur,28287.18,2236.265
CUST03658,40,Musician,77641.56,6180.13
CUST03659,42,Writer,25740.18,2197.015
CUST03660,36,Musician,64173.56,5163.796667
CUST03661,18,Mechanic,17190.62,1591.551667
CUST03662,40,Lawyer,129569.52,10831.46
CUST03663,32,Teacher,16436.66,1472.721667
CUST03664,42,Writer,55242.99,4660.5825
CUST03665,32,Doctor,30819.56,2547.296667
CUST03666,31,Musician,9390.68,686.5566667
CUST03667,53,Architect,79847.97,6831.9975
CUST03668,54,Writer,17525.87,1261.489167
CUST03669,32,Journalist,19014.19,1405.515833
CUST03670,20,Engineer,27910.59,2598.8825
CUST03671,32,Media_Manager,35849.77,3126.480833
CUST03672,24,Entrepreneur,78498.72,6568.56
CUST03673,22,Mechanic,16135.12,1623.593333
CUST03674,28,Developer,15649.3,1469.108333
CUST03675,38,Scientist,51031.6,4180.633333
CUST03676,29,Manager,84659.22,6757.935
CUST03677,48,Architect,44190.3,3695.525
CUST03678,26,Accountant,38624.06,3043.671667
CUST03679,27,Accountant,91018.76,7746.896667
CUST03680,49,Mechanic,36512.4,3221.7
CUST03681,19,Musician,34317.21,2702.7675
CUST03682,23,Teacher,20317.12,1697.093333
CUST03683,47,Scientist,10285.71,1036.1425
CUST03684,44,Teacher,32500.35,2853.3625
CUST03685,55,Entrepreneur,93125.48,7769.456667
CUST03686,41,Musician,62879.96,5343.996667
CUST03687,39,Accountant,8759.74,812.9783333
CUST03688,24,Engineer,15847.06,1560.588333
CUST03689,19,Accountant,29651.23,2460.935833
CUST03690,32,Teacher,44927.86,3687.988333
CUST03691,25,Architect,72002.56,6096.213333
CUST03692,22,Manager,41806.16,3564.846667
CUST03693,48,Manager,71421.15,6118.7625
CUST03694,20,Journalist,64514.31,5353.1925
CUST03695,24,Musician,109905.96,9096.83
CUST03696,42,Scientist,156356.52,13152.71
CUST03697,43,Journalist,71889.08,6266.756667
CUST03699,18,Lawyer,7842.3,528.525
CUST03701,40,Scientist,73451.94,6309.995
CUST03702,43,Media_Manager,43360.74,3647.395
CUST03703,46,Doctor,71605.0,6011.083333
CUST03704,39,Entrepreneur,22457.51,1562.859573
CUST03705,29,Mechanic,37577.82,2984.485
CUST03706,40,Manager,35218.52,3195.876667
CUST03707,45,Scientist,16988.435,1531.702917
CUST03708,38,Media_Manager,28838.96,2379.246667
CUST03709,31,Developer,10616.07,899.6725
CUST03710,31,Lawyer,50686.32,4451.86
CUST03711,49,Engineer,16221.07,1510.755833
CUST03712,43,Writer,127614.78,10409.565
CUST03713,22,Scientist,83181.88,6773.823333
CUST03714,38,Journalist,14696.62,1153.718333
CUST03715,20,Scientist,17574.745,1344.562083
CUST03716,44,Lawyer,31364.96,2573.746667
CUST03717,20,Journalist,35793.61,2982.800833
CUST03718,33,Lawyer,40067.1,3237.925
CUST03719,34,Engineer,31004.1,2657.675
CUST03721,40,Teacher,32530.44,2935.87
CUST03722,21,Engineer,53085.12,4250.76
CUST03723,54,Mechanic,160664.8,13235.73333
CUST03724,33,Scientist,34617.12,2704.76
CUST03725,38,Teacher,133779.72,10995.31
CUST03726,24,Entrepreneur,104744.88,8989.74
CUST03727,19,Media_Manager,54889.92,4512.16
CUST03728,22,Writer,90562.83,7299.9025
CUST03729,27,Lawyer,28256.63,2440.719167
CUST03730,33,Architect,33755.94,2765.995
CUST03731,39,Doctor,62901.08,5025.756667
CUST03732,19,Scientist,67928.84,5832.736667
CUST03733,47,Architect,119848.77,10224.3975
CUST03734,21,Teacher,11426.59,935.2158333
CUST03735,34,Scientist,45345.12,3737.76
CUST03736,39,Entrepreneur,62148.0,4949.0
CUST03737,23,Journalist,9608.03,735.6691667
CUST03738,34,Media_Manager,167883.84,13990.32
CUST03739,40,Musician,20877.19,1779.765833
CUST03740,52,Entrepreneur,58280.72,4760.726667
CUST03741,51,Doctor,60284.16,5153.68
CUST03742,38,Journalist,68392.18,5622.348333
CUST03743,24,Writer,16189.12,1535.093333
CUST03744,35,Journalist,77604.32,6300.026667
CUST03745,51,Doctor,42153.13,3377.760833
CUST03746,42,Journalist,61503.66,4972.305
CUST03747,41,Journalist,17603.265,1324.945978
CUST03748,33,Media_Manager,97009.44,8257.12
CUST03750,54,Developer,92127.24,7849.27
CUST03751,25,Manager,18393.51,1742.7925
CUST03752,43,Doctor,60040.5,5258.375
CUST03753,37,Media_Manager,28023.75,2298.3125
CUST03754,44,Writer,42811.36,3825.613333
CUST03755,26,Musician,40651.74,3238.645
CUST03756,29,Manager,19129.65,1528.1375
CUST03757,37,Accountant,36841.39,2966.115833
CUST03759,23,Media_Manager,67059.18,5398.265
CUST03760,36,Architect,128141.19,10812.4325
CUST03761,26,Engineer,57437.4,4916.45
CUST03764,26,Manager,65017.26,5248.105
CUST03765,35,Mechanic,10466.825,573.1225604
CUST03766,20,Teacher,81995.32,7087.943333
CUST03767,49,Writer,100686.12,8680.51
CUST03768,44,Teacher,67749.5,5381.791667
CUST03769,55,Entrepreneur,29490.49,2245.540833
CUST03770,51,Doctor,164956.96,13601.41333
CUST03771,52,Scientist,105308.68,8538.723333
CUST03772,39,Architect,38325.88,2942.823333
CUST03773,45,Writer,109061.96,9156.496667
CUST03774,50,Manager,44708.14,3653.678333
CUST03775,20,Journalist,66022.26,5382.855
CUST03776,44,Entrepreneur,57180.88,4584.073333
CUST03777,20,Developer,62892.92,5461.076667
CUST03778,19,Engineer,56039.7,4899.975
CUST03780,26,Media_Manager,31731.94,2629.328333
CUST03781,29,Teacher,28081.94,2406.161667
CUST03782,32,Manager,18976.46,1481.371667
CUST03783,34,Architect,16748.19,1252.6825
CUST03784,27,Journalist,12167.22,1211.935
CUST03785,49,Entrepreneur,165076.44,13822.37
CUST03786,29,Manager,69753.12,5521.76
CUST03787,40,Entrepreneur,20524.7,1791.391667
CUST03788,28,Mechanic,101173.8,8142.15
CUST03789,43,Developer,17638.12,1371.838441
CUST03790,51,Journalist,61358.82,4923.235
CUST03791,28,Architect,38212.84,3306.403333
CUST03792,39,Engineer,128305.76,10434.14667
CUST03793,45,Developer,147521.76,12586.48
CUST03794,36,Entrepreneur,42847.79,3782.649167
CUST03796,40,Musician,20171.07,1962.9225
CUST03797,45,Architect,51647.07,4305.9225
CUST03798,47,Architect,43787.09,3373.924167
CUST03799,52,Media_Manager,106234.11,8699.8425
CUST03800,36,Developer,10143.89,684.3241667
CUST03801,26,Scientist,38076.6,3059.05
CUST03802,26,Lawyer,77677.38,6476.115
CUST03803,44,Entrepreneur,48052.7,4266.391667
CUST03804,20,Engineer,20426.41,1640.200833
CUST03805,50,Musician,152895.44,12670.28667
CUST03806,26,Developer,48537.12,3810.76
CUST03807,24,Accountant,166692.0,13599.0
CUST03809,50,Mechanic,80191.38,6293.827869
CUST03810,38,Manager,62428.53,5330.3775
CUST03811,18,Scientist,86492.88,7075.74
CUST03812,28,Scientist,122490.3,10090.525
CUST03813,17,Scientist,40512.0,3091.0
CUST03814,43,Musician,21265.79,2035.149167
CUST03815,22,Engineer,48179.67,4047.9725
CUST03816,52,Entrepreneur,16257.915,1435.82625
CUST03817,55,Engineer,35094.85,2968.570833
CUST03818,55,Teacher,39558.72,3043.56
CUST03819,34,Media_Manager,85172.7,6957.725
CUST03820,19,Musician,33189.56,3030.796667
CUST03821,19,Engineer,18998.52,1761.21
CUST03822,42,Developer,21591.9,1983.325
CUST03823,45,Teacher,55062.87,4801.5725
CUST03824,50,Accountant,85768.98,7148.415
CUST03825,22,Mechanic,15116.91,1005.7425
CUST03826,36,Lawyer,19054.15,1567.845833
CUST03828,40,Manager,50063.36,3909.946667
CUST03829,30,Teacher,127118.72,10850.22667
CUST03830,24,Musician,179068.04,14978.33667
CUST03831,34,Mechanic,58110.06,4683.505
CUST03832,48,Mechanic,136150.6,11127.88333
CUST03833,36,Doctor,59072.52,4824.71
CUST03834,26,Architect,26976.43,2525.035833
CUST03836,44,Teacher,10952.32,631.733362
CUST03837,23,Teacher,121223.96,9864.996667
CUST03838,20,Entrepreneur,23917.38,1724.115
CUST03839,40,Architect,9093.815,782.8179167
CUST03840,48,Doctor,15279.545,1565.295417
CUST03841,37,Media_Manager,17983.02,1522.585
CUST03842,42,Developer,17562.41,1683.534167
CUST03843,20,Architect,61793.46,5265.455
CUST03844,30,Accountant,88714.41,7504.8675
CUST03845,23,Doctor,24713.49,2049.4575
CUST03846,36,Manager,53935.11,4590.5925
CUST03847,23,Architect,38600.74,3410.728333
CUST03848,36,Accountant,14132.32,1205.693333
CUST03849,35,Teacher,28010.02,2072.168333
CUST03851,20,Musician,75454.2,6445.85
CUST03852,18,Lawyer,57858.3,4868.525
CUST03853,17,Architect,19966.31,1509.859167
CUST03854,31,Architect,128494.52,10580.87667
CUST03855,27,Doctor,97881.44,8138.786667
CUST03856,33,Mechanic,33492.57,2692.0475
CUST03857,22,Journalist,32239.36,2676.613333
CUST03858,34,Accountant,14822.81,981.2341667
CUST03859,28,Accountant,7711.54,779.6283333
CUST03860,28,Mechanic,122069.01,10115.4175
CUST03861,40,Mechanic,21088.46,1517.371667
CUST03862,30,Journalist,9335.19,844.9325
CUST03863,31,Media_Manager,17004.86,1231.071667
CUST03864,45,Teacher,54876.2,4760.016667
CUST03865,19,Journalist,56797.38,4784.115
CUST03866,44,Media_Manager,19251.265,1445.272083
CUST03867,28,Architect,58484.22,5043.685
CUST03868,33,Teacher,32045.78,2677.481667
CUST03869,54,Engineer,61934.52,5308.21
CUST03870,49,Writer,158871.12,12962.26
CUST03871,41,Accountant,48072.27,4151.0225
CUST03872,22,Media_Manager,49649.73,4144.4775
CUST03873,26,Entrepreneur,71102.8,6185.233333
CUST03874,41,Lawyer,72389.88,6020.49
CUST03875,25,Developer,30827.58,2810.965
CUST03876,23,Lawyer,19134.77,1809.564167
CUST03877,30,Engineer,125468.44,10445.70333
CUST03878,22,Teacher,25312.34,1857.361667
CUST03879,27,Architect,11610.355,790.5295833
CUST03880,50,Scientist,70291.16,5919.596667
CUST03882,30,Media_Manager,37159.0,3299.583333
CUST03883,38,Mechanic,67703.85,5492.9875
CUST03884,36,Lawyer,15845.47,1039.455833
CUST03885,37,Mechanic,7823.985,599.99875
CUST03886,45,Engineer,139383.6,11618.3
CUST03887,25,Lawyer,21697.64,2088.136667
CUST03888,32,Architect,56622.69,4825.5575
CUST03889,42,Developer,71732.72,6020.726667
CUST03890,28,Writer,19841.0,1756.416667
CUST03891,22,Scientist,79556.12,6800.676667
CUST03892,40,Accountant,31134.22,2556.518333
CUST03893,20,Media_Manager,70981.16,5909.096667
CUST03894,26,Doctor,21673.57,1623.130833
CUST03895,21,Scientist,57986.32,4740.193333
CUST03896,31,Engineer,81008.58,6728.715
CUST03897,26,Journalist,17919.81,1474.3175
CUST03898,55,Accountant,49790.5,4060.208333
CUST03899,44,Manager,131040.42,11104.035
CUST03900,37,Scientist,9365.44,617.4533333
CUST03901,22,Musician,31396.36,2469.363333
CUST03902,32,Journalist,48070.3,4233.858333
CUST03903,24,Developer,121622.84,10081.23667
CUST03905,24,Scientist,41294.92,3215.243333
CUST03906,27,Entrepreneur,28056.94,2115.078333
CUST03907,26,Architect,54811.56,4510.63
CUST03909,35,Doctor,51729.75,4565.8125
CUST03910,26,Writer,12255.61,868.3008333
CUST03911,24,Engineer,33477.64,2643.803333
CUST03912,35,Musician,38460.28,3241.023333
CUST03913,38,Developer,15229.35,1021.1125
CUST03914,33,Musician,102460.44,8382.37
CUST03915,27,Writer,32595.22,2606.268333
CUST03916,18,Mechanic,20403.52,1755.293333
CUST03917,32,Journalist,69591.18,5708.265
CUST03918,19,Manager,71614.2,6102.85
CUST03920,27,Manager,33684.42,2792.035
CUST03921,19,Manager,11436.15,933.0125
CUST03922,31,Musician,96141.48,8047.79
CUST03923,38,Musician,57035.58,4823.965
CUST03924,31,Entrepreneur,71830.44,6110.87
CUST03925,45,Manager,17830.73,1757.894167
CUST03926,28,Developer,31815.94,2551.328333
CUST03927,46,Accountant,29814.97,2731.580833
CUST03928,29,Accountant,14710.215,1480.85125
CUST03929,27,Architect,39255.54,3546.295
CUST03930,19,Lawyer,35787.86,2820.321667
CUST03931,54,Teacher,43885.43,3596.119167
CUST03932,43,Accountant,61804.34,5228.361667
CUST03933,37,Musician,17442.09,1295.5075
CUST03934,53,Writer,18579.36,1298.28
CUST03935,54,Musician,34185.14,2659.761667
CUST03936,35,Entrepreneur,20299.4,1757.616667
CUST03937,36,Entrepreneur,11629.69,1263.140833
CUST03938,28,Lawyer,27559.56,2253.63
CUST03939,53,Entrepreneur,94369.64,8164.136667
CUST03940,21,Architect,61746.99,5167.5825
CUST03941,36,Journalist,33465.57,2820.7975
CUST03942,19,Architect,132325.88,10961.15667
CUST03943,31,Entrepreneur,14214.46,898.5383333
CUST03944,54,Media_Manager,10967.735,738.9779167
CUST03945,37,Musician,57449.79,4907.4825
CUST03946,28,Writer,81112.0,6948.333333
CUST03947,38,Mechanic,36821.0,3344.416667
CUST03948,45,Doctor,15608.695,1366.724583
CUST03949,39,Manager,42804.4,3301.033333
CUST03950,23,Mechanic,17361.38,1742.781667
CUST03951,17,Developer,18207.57,1369.2975
CUST03952,55,Engineer,37547.68,3292.973333
CUST03953,18,Manager,68056.4,5805.366667
CUST03954,29,Scientist,18208.19,1720.349167
CUST03955,50,Doctor,118228.38,10121.365
CUST03956,43,Doctor,14954.745,1331.22875
CUST03957,43,Developer,36886.49,3088.874167
CUST03958,35,Engineer,101641.14,8283.095
CUST03959,46,Manager,56830.82,4618.901667
CUST03960,44,Accountant,33410.45,3059.204167
CUST03961,24,Accountant,54843.69,4438.3075
CUST03962,48,Engineer,64874.08,5460.173333
CUST03963,25,Musician,58208.24,4748.686667
CUST03964,44,Engineer,28497.43,2086.785833
CUST03965,32,Engineer,164401.8,13674.15
CUST03966,29,Writer,70205.02,5650.418333
CUST03967,22,Lawyer,28910.14,2441.178333
CUST03968,28,Doctor,17116.42,1590.368333
CUST03969,48,Manager,21212.91,1496.7425
CUST03970,40,Manager,36964.22,3025.351667
CUST03971,39,Scientist,36993.94,3375.828333
CUST03972,30,Scientist,31577.16,2924.43
CUST03973,38,Architect,32009.81,2555.484167
CUST03974,28,Manager,76386.04,6515.503333
CUST03975,33,Mechanic,101342.2,8444.183333
CUST03976,34,Musician,22311.08,1561.256667
CUST03977,37,Architect,179072.36,15136.69667
CUST03978,24,Lawyer,17277.78,1212.815
CUST03979,52,Architect,80393.48,6645.456667
CUST03980,54,Teacher,15414.675,1449.55625
CUST03981,27,Developer,58246.4,4780.866667
CUST03982,41,Scientist,62086.53,5316.8775
CUST03983,44,Doctor,99475.83,8108.6525
CUST03984,21,Manager,31152.06,2348.005
CUST03985,32,Writer,38250.71,2941.559167
CUST03986,45,Developer,59873.88,4836.49
CUST03987,35,Entrepreneur,23163.38,1995.281667
CUST03988,44,Doctor,70347.0,5913.25
CUST03989,40,Media_Manager,47523.0,4123.25
CUST03990,37,Musician,116569.62,9991.135
CUST03991,35,Musician,11482.565,1128.880417
CUST03992,26,Engineer,44590.1,3605.841667
CUST03993,18,Engineer,73378.32,5832.86
CUST03994,18,Scientist,33806.55,2671.2125
CUST03996,24,Architect,114695.44,9612.953333
CUST03997,52,Lawyer,63383.1,5443.925
CUST03998,29,Manager,10302.935,949.5779167
CUST03999,35,Writer,19419.65,1485.304167
CUST04000,28,Musician,23216.36,1965.696667
CUST04001,50,Mechanic,151160.64,12758.72
CUST04002,21,Teacher,10037.735,871.4779167
CUST04003,32,Writer,16114.17,1160.8475
CUST04004,45,Scientist,22555.52,1995.626667
CUST04005,39,Entrepreneur,96522.0,8334.5
CUST04006,32,Lawyer,67629.14,5479.761667
CUST04007,39,Mechanic,33480.02,2775.001667
CUST04008,36,Engineer,16480.5,1669.375
CUST04009,18,Musician,19121.21,1501.434167
CUST04010,55,Manager,20515.94,1649.661667
CUST04012,30,Manager,66357.14,5688.761667
CUST04013,28,Scientist,141897.84,11987.82
CUST04015,53,Developer,10943.535,931.96125
CUST04016,27,Media_Manager,35883.18,3176.265
CUST04017,39,Architect,10296.705,1130.05875
CUST04018,45,Accountant,15915.73,1461.310833
CUST04019,29,Musician,28481.67,2441.4725
CUST04020,53,Developer,25609.04,2233.086667
CUST04021,23,Accountant,23363.33,2018.944167
CUST04022,45,Musician,126769.86,10265.155
CUST04023,36,Media_Manager,10086.965,711.5804167
CUST04024,43,Writer,17302.08,1355.84
CUST04025,28,Musician,38713.36,3251.113333
CUST04026,21,Media_Manager,45953.94,3887.495
CUST04027,52,Manager,121966.28,10161.85667
CUST04028,49,Architect,173650.68,14516.89
CUST04029,45,Doctor,9697.29,861.1075
CUST04030,32,Scientist,23808.75,1993.0625
CUST04031,40,Teacher,10234.39,881.8658333
CUST04032,38,Lawyer,82583.61,6785.9675
CUST04034,24,Engineer,28823.03,2293.919167
CUST04035,27,Architect,28338.43,2171.535833
CUST04036,19,Manager,32246.4,2437.2
CUST04037,49,Scientist,85770.33,7275.5275
CUST04038,39,Mechanic,44826.54,3953.545
CUST04039,23,Musician,17484.02,1491.001667
CUST04040,32,Mechanic,17455.36,1222.613333
CUST04041,17,Entrepreneur,19559.45,1665.954167
CUST04042,17,Journalist,54420.45,4681.0375
CUST04043,43,Developer,174353.0,14739.41667
CUST04044,37,Entrepreneur,32470.08,2733.84
CUST04045,23,Teacher,16653.5,1095.791667
CUST04046,50,Media_Manager,103695.12,8342.26
CUST04047,27,Scientist,49847.55,3884.9625
CUST04048,35,Doctor,71282.14,5807.178333
CUST04049,31,Doctor,12285.14,991.7616667
CUST04051,32,Teacher,118568.6,9789.716667
CUST04052,34,Musician,129561.96,10827.83
CUST04053,18,Entrepreneur,110116.64,9161.386667
CUST04055,41,Developer,13924.125,952.34375
CUST04056,30,Musician,16608.8,1269.066667
CUST04058,24,Scientist,20837.54,1704.461667
CUST04059,29,Lawyer,14773.62,1085.135
CUST04060,40,Journalist,39294.3,3292.525
CUST04061,20,Lawyer,29949.1,2419.758333
CUST04062,35,Scientist,14489.475,1457.45625
CUST04063,40,Architect,13351.83,1256.6525
CUST04064,34,Developer,101718.63,8457.5525
CUST04066,24,Developer,9978.995,930.5829167
CUST04067,23,Developer,19296.24,1669.02
CUST04069,19,Media_Manager,40854.02,3552.501667
CUST04070,33,Entrepreneur,39799.4,3049.616667
CUST04071,35,Scientist,96650.64,8197.22
CUST04072,24,Scientist,51191.4,4551.95
CUST04073,34,Writer,14243.265,1303.93875
CUST04074,41,Lawyer,61314.12,5279.51
CUST04075,28,Media_Manager,50940.09,4106.0075
CUST04077,27,Entrepreneur,19441.41,1386.1175
CUST04078,27,Scientist,29376.07,2159.005833
CUST04079,38,Lawyer,14450.43,1155.2025
CUST04080,25,Media_Manager,7424.24,599.6866667
CUST04081,26,Entrepreneur,60485.13,5179.4275
CUST04082,35,Engineer,38323.46,2907.621667
CUST04083,46,Teacher,21450.3,1752.525
CUST04084,20,Musician,8637.095,644.7579167
CUST04085,23,Engineer,18569.39,1671.449167
CUST04086,27,Lawyer,56270.8,4540.233333
CUST04087,18,Teacher,14974.765,1240.897083
CUST04088,39,Accountant,29079.95,2654.329167
CUST04089,33,Teacher,14513.88,1067.49
CUST04090,43,Writer,71735.48,6021.956667
CUST04091,51,Doctor,36918.96,2938.58
CUST04092,28,Developer,43067.01,3488.9175
CUST04094,34,Journalist,19466.45,1899.204167
CUST04095,43,Teacher,81142.96,6614.913333
CUST04096,43,Mechanic,17889.405,1244.78375
CUST04097,26,Scientist,148306.2,12123.85
CUST04098,35,Musician,32181.66,2430.805
CUST04099,22,Scientist,108691.17,9162.5975
CUST04100,32,Scientist,34474.82,3050.901667
CUST04102,24,Entrepreneur,20247.61,1733.300833
CUST04103,19,Media_Manager,8269.135,752.0945833
CUST04104,38,Manager,18683.75,1819.979167
CUST04105,43,Architect,33191.11,2604.925833
CUST04106,27,Doctor,103026.8,8754.566667
CUST04107,49,Media_Manager,31781.22,2727.435
CUST04108,37,Entrepreneur,25628.96,2121.746667
CUST04109,24,Teacher,34898.9,3080.241667
CUST04110,24,Teacher,56420.52,4919.71
CUST04111,21,Musician,163851.12,13815.26
CUST04112,20,Writer,38860.98,3478.415
CUST04113,29,Doctor,16440.63,1105.0525
CUST04114,47,Lawyer,19592.49,1671.7075
CUST04115,18,Developer,114447.09,9662.2575
CUST04116,41,Accountant,9795.07,586.2558333
CUST04117,52,Musician,42372.36,3448.03
CUST04118,52,Mechanic,136597.12,11166.09333
CUST04119,19,Manager,40216.62,3610.385
CUST04120,24,Entrepreneur,65294.18,5406.181667
CUST04121,31,Engineer,58873.05,4896.0875
CUST04122,32,Accountant,134038.64,10878.88667
CUST04123,22,Lawyer,33610.36,2857.863333
CUST04124,21,Lawyer,77818.98,6573.915
CUST04125,30,Manager,124490.36,10209.19667
CUST04126,27,Engineer,69806.76,6055.23
CUST04128,32,Doctor,89477.92,7405.493333
CUST04129,23,Accountant,44464.37,3478.364167
CUST04130,31,Musician,35600.2,3130.683333
CUST04131,39,Musician,36585.12,2946.76
CUST04132,35,Developer,58192.44,4619.37
CUST04133,30,Manager,110439.56,9224.296667
CUST04134,28,Journalist,60177.04,5093.753333
CUST04135,32,Scientist,178328.88,14771.74
CUST04137,39,Entrepreneur,124900.86,10124.405
CUST04138,41,Teacher,142639.96,11787.66333
CUST04139,33,Developer,9871.225,974.6020833
CUST04140,22,Doctor,100681.41,8608.1175
CUST04141,26,Media_Manager,32904.13,2885.010833
CUST04142,25,Mechanic,73938.68,6438.556667
CUST04143,22,Lawyer,42787.44,3802.62
CUST04144,39,Architect,47589.24,4129.77
CUST04145,44,Manager,82346.16,6928.18
CUST04146,39,Architect,17235.115,1693.259583
CUST04147,33,Lawyer,133646.04,11429.17
CUST04149,47,Accountant,69557.68,5570.473333
CUST04150,51,Doctor,121675.68,10085.64
CUST04151,30,Mechanic,77561.64,6604.47
CUST04152,50,Scientist,91516.44,7844.37
CUST04153,44,Entrepreneur,41015.31,3585.9425
CUST04154,33,Engineer,74178.04,6299.503333
CUST04155,20,Engineer,7189.54,332.1283333
CUST04156,54,Accountant,14544.485,1224.040417
CUST04157,28,Doctor,102207.42,8534.285
CUST04158,40,Entrepreneur,49211.16,4048.93
CUST04159,38,Scientist,135994.36,11191.86333
CUST04160,39,Journalist,19453.42,1861.118333
CUST04161,44,Doctor,81066.72,6639.56
CUST04163,26,Manager,156687.16,13095.26333
CUST04164,36,Doctor,15211.94,1366.661667
CUST04166,17,Musician,73947.24,6008.27
CUST04167,18,Doctor,74380.96,6374.413333
CUST04168,30,Scientist,18317.26,1731.438333
CUST04169,39,Engineer,14784.45,1207.0375
CUST04170,34,Scientist,60573.96,4868.83
CUST04171,27,Entrepreneur,18413.795,1524.482917
CUST04172,20,Media_Manager,30622.73,2523.894167
CUST04173,24,Journalist,15968.78,1499.731667
CUST04175,30,Scientist,40566.32,3498.526667
CUST04176,34,Developer,80364.48,6578.04
CUST04177,35,Doctor,41077.12,3390.093333
CUST04178,19,Media_Manager,14527.455,964.62125
CUST04179,22,Manager,104183.46,8830.955
CUST04180,26,Lawyer,34660.86,2782.405
CUST04181,52,Mechanic,63051.86,5389.321667
CUST04182,39,Mechanic,21949.16,1927.096667
CUST04183,34,Engineer,58295.16,4590.93
CUST04184,20,Engineer,42082.91,3527.909167
CUST04185,30,Architect,12186.425,991.5354167
CUST04186,26,Doctor,21508.72,1898.393333
CUST04187,28,Manager,64247.12,5330.926667
CUST04188,20,Lawyer,34253.08,3025.423333
CUST04189,35,Writer,41547.99,3192.3325
CUST04190,25,Engineer,101238.57,8199.5475
CUST04191,54,Lawyer,21434.275,1790.189583
CUST04192,40,Doctor,36348.06,3265.005
CUST04193,52,Manager,77906.25,6399.1875
CUST04194,22,Manager,70778.4,5849.2
CUST04195,18,Engineer,172085.28,14287.44
CUST04196,52,Teacher,79370.76,6849.23
CUST04197,25,Accountant,8079.46,423.2883333
CUST04198,31,Manager,112460.88,9213.74
CUST04199,22,Engineer,40554.44,3380.536667
CUST04200,33,Musician,15660.15,1363.0125
CUST04201,36,Musician,58599.48,5112.29
CUST04202,25,Engineer,18115.21,1327.600833
CUST04204,40,Scientist,141789.84,11656.82
CUST04205,42,Developer,30366.16,2329.513333
CUST04206,24,Teacher,128675.76,10471.98
CUST04207,47,Journalist,34962.32,2781.526667
CUST04208,28,Architect,64918.54,5704.878333
CUST04209,34,Journalist,42070.96,3746.913333
CUST04210,33,Musician,8056.13,530.3441667
CUST04211,25,Writer,71703.22,5888.268333
CUST04212,40,Mechanic,21018.0,2011.5
CUST04213,44,Doctor,7636.4,884.3666667
CUST04214,44,Accountant,70566.82,6070.568333
CUST04215,52,Musician,93451.41,7802.6175
CUST04217,51,Accountant,65493.78,5196.815
CUST04218,24,Accountant,61219.47,4860.6225
CUST04219,50,Doctor,110468.49,8934.7075
CUST04220,45,Manager,8087.76,844.98
CUST04221,23,Musician,64996.98,5215.415
CUST04222,41,Lawyer,15636.605,1575.050417
CUST04223,26,Journalist,164580.36,13871.03
CUST04224,23,Mechanic,113788.47,9454.3725
CUST04225,48,Manager,107512.29,8809.3575
CUST04226,25,Architect,31568.54,2785.711667
CUST04227,44,Accountant,24693.09,2256.7575
CUST04228,29,Entrepreneur,19721.21,1633.434167
CUST04229,51,Musician,24353.63,1851.469167
CUST04230,52,Scientist,119396.91,9949.7425
CUST04231,42,Teacher,14188.48,1312.373333
CUST04232,41,Engineer,27392.76,2556.73
CUST04233,27,Media_Manager,32928.36,3006.03
CUST04234,39,Accountant,19609.38,1675.115
CUST04235,37,Musician,29644.12,2396.343333
CUST04236,32,Media_Manager,36196.52,3201.376667
CUST04237,55,Engineer,74457.8,6474.816667
CUST04238,34,Musician,39912.02,3440.001667
CUST04239,51,Journalist,100100.22,8291.685
CUST04240,20,Entrepreneur,8037.285,924.77375
CUST04241,33,Architect,21884.21,1630.684167
CUST04242,24,Accountant,14156.88,1251.74
CUST04243,50,Musician,91426.95,7840.9125
CUST04244,32,Journalist,176044.04,13654.48174
CUST04245,43,Media_Manager,44822.21,3555.184167
CUST04246,53,Mechanic,53003.18,4275.931667
CUST04247,35,Mechanic,18426.245,1792.520417
CUST04248,53,Journalist,15913.015,1549.084583
CUST04249,44,Accountant,34257.69,3111.8075
CUST04250,24,Scientist,7536.015,589.00125
CUST04251,18,Manager,57302.3,4501.191667
CUST04252,39,Developer,79501.56,6836.13
CUST04253,53,Architect,108057.12,8786.76
CUST04254,29,Architect,37580.34,2836.695
CUST04255,32,Developer,67223.07,5845.9225
CUST04256,50,Mechanic,21209.33,1749.444167
CUST04257,38,Media_Manager,16647.05,1097.254167
CUST04258,19,Architect,37539.84,3404.32
CUST04259,23,Doctor,52860.62,4676.051667
CUST04260,37,Media_Manager,29588.18,2281.681667
CUST04261,24,Doctor,45499.89,3916.6575
CUST04262,47,Architect,17980.355,1522.362917
CUST04263,26,Developer,19798.93,1579.910833
CUST04264,46,Entrepreneur,83408.52,6812.71
CUST04265,30,Mechanic,7206.845,716.5704167
CUST04266,19,Accountant,38649.08,3402.756667
CUST04267,36,Mechanic,118244.84,10055.73667
CUST04268,23,Architect,44171.71,3716.975833
CUST04269,37,Developer,33540.43,2655.035833
CUST04270,40,Musician,53466.6,4156.55
CUST04271,22,Mechanic,172259.0,14488.91667
CUST04272,43,Mechanic,68713.48,5526.123333
CUST04273,50,Journalist,170374.76,14176.89667
CUST04274,37,Mechanic,29310.85,2522.570833
CUST04275,44,Media_Manager,33588.38,2623.031667
CUST04276,37,Doctor,10186.205,846.8504167
CUST04277,42,Engineer,11300.335,940.6945833
CUST04278,19,Scientist,43279.04,3308.586667
CUST04279,31,Entrepreneur,19042.82,1635.901667
CUST04280,18,Accountant,134809.28,11514.10667
CUST04281,38,Musician,75839.22,6438.935
CUST04283,26,Architect,108767.37,9205.9475
CUST04284,37,Journalist,60965.31,5012.4425
CUST04285,39,Architect,47390.28,3865.19
CUST04286,23,Doctor,35577.23,3025.769167
CUST04287,26,Mechanic,52243.56,4432.63
CUST04288,22,Scientist,24812.0,1961.666667
CUST04289,21,Doctor,118386.4,10126.53333
CUST04290,36,Teacher,47091.42,3962.285
CUST04291,53,Mechanic,41027.94,3177.995
CUST04292,37,Journalist,28585.38,2336.115
CUST04293,19,Entrepreneur,102137.1,8795.425
CUST04295,42,Musician,168899.44,14211.95333
CUST04296,19,Developer,109726.14,9131.845
CUST04297,25,Entrepreneur,26104.48,1995.373333
CUST04298,46,Lawyer,112423.8,9485.65
CUST04299,23,Lawyer,20940.02,1931.001667
CUST04300,25,Architect,66227.56,5699.963333
CUST04301,35,Doctor,57707.74,4715.978333
CUST04303,24,Teacher,137428.16,11355.34667
CUST04304,41,Doctor,54052.82,4777.401667
CUST04305,45,Accountant,19922.88,1711.24
CUST04306,34,Accountant,38027.68,3214.973333
CUST04307,18,Scientist,14291.24,1291.936667
CUST04308,27,Writer,70421.78,5621.481667
CUST04309,36,Accountant,43287.28,3839.273333
CUST04311,40,Scientist,98690.8,8262.233333
CUST04312,22,Lawyer,20574.71,1813.559167
CUST04313,53,Manager,114389.24,9637.436667
CUST04314,30,Media_Manager,27592.7,2357.391667
CUST04315,28,Engineer,58074.15,4881.5125
CUST04316,33,Developer,19786.36,1929.863333
CUST04317,28,Developer,64650.48,5651.54
CUST04318,51,Media_Manager,111295.16,9209.596667
CUST04319,42,Mechanic,15762.82,1216.568333
CUST04321,42,Mechanic,16523.08,1497.923333
CUST04322,37,Lawyer,34978.29,3004.8575
CUST04323,35,Mechanic,19194.75,1870.5625
CUST04324,38,Musician,16201.47,1623.1225
CUST04325,42,Manager,19331.53,1417.960833
CUST04326,38,Writer,18625.74,1601.145
CUST04327,30,Doctor,77476.68,6235.39
CUST04328,29,Entrepreneur,16662.535,1464.544583
CUST04330,21,Developer,92599.26,7942.605
CUST04331,19,Accountant,64692.7,5150.058333
CUST04332,18,Musician,33687.46,2694.288333
CUST04333,36,Entrepreneur,9828.82,653.0683333
CUST04334,46,Entrepreneur,68081.28,5509.44
CUST04335,20,Teacher,81491.94,6497.995
CUST04336,36,Developer,104653.62,9004.135
CUST04337,25,Engineer,43531.45,3678.620833
CUST04338,39,Architect,18944.84,1616.736667
CUST04339,40,Teacher,16854.42,1664.535
CUST04340,41,Manager,62825.9,5404.491667
CUST04341,37,Mechanic,15040.47,1367.3725
CUST04342,39,Journalist,21139.23,1646.6025
CUST04343,33,Accountant,31963.96,2766.663333
CUST04344,30,Teacher,18965.35,1317.445833
CUST04345,20,Entrepreneur,113826.68,9262.556667
CUST04346,38,Writer,95401.47,8171.1225
CUST04347,46,Entrepreneur,85432.84,7279.403333
CUST04348,19,Teacher,32130.51,2734.5425
CUST04349,21,Engineer,16753.63,1564.135833
CUST04350,40,Musician,8930.885,842.2404167
CUST04351,50,Scientist,28880.56,2502.713333
CUST04353,40,Manager,55910.68,4649.223333
CUST04354,40,Journalist,65677.38,5343.115
CUST04355,19,Developer,31408.15,2609.345833
CUST04356,20,Journalist,20917.51,1547.125833
CUST04357,36,Mechanic,16415.38,1314.948333
CUST04358,43,Manager,16012.64,1108.386667
CUST04359,29,Entrepreneur,13214.895,1110.24125
CUST04360,44,Lawyer,49349.64,3987.47
CUST04361,37,Lawyer,17476.72,1549.393333
CUST04362,18,Manager,11687.925,1212.99375
CUST04363,42,Musician,15469.21,1156.100833
CUST04364,27,Architect,42162.24,3782.52
CUST04365,37,Architect,119877.15,9942.7625
CUST04366,45,Mechanic,41550.06,3000.939039
CUST04367,32,Engineer,92509.38,7876.115
CUST04368,22,Architect,36298.36,2842.863333
CUST04369,42,Entrepreneur,22298.54,2033.211667
CUST04370,28,Accountant,35856.82,2918.068333
CUST04371,48,Musician,16518.585,1563.54875
CUST04372,19,Mechanic,61923.66,5245.305
CUST04373,37,Scientist,97583.43,7846.9525
CUST04374,25,Accountant,16063.455,1142.62125
CUST04375,22,Architect,54150.09,4595.5075
CUST04376,30,Entrepreneur,7682.515,676.2095833
CUST04377,22,Doctor,7895.565,911.96375
CUST04379,46,Architect,130232.25,10750.6875
CUST04380,29,Scientist,30028.29,2286.3575
CUST04381,28,Accountant,53331.48,4255.29
CUST04382,43,Doctor,59359.04,4961.586667
CUST04383,34,Manager,30771.54,2749.295
CUST04384,28,Developer,31040.14,2474.678333
CUST04385,19,Mechanic,17414.3,1285.191667
CUST04386,39,Entrepreneur,46248.72,3884.06
CUST04387,53,Scientist,21051.145,1791.262083
CUST04388,18,Engineer,59502.28,4939.523333
CUST04389,29,Mechanic,7567.505,749.6254167
CUST04390,29,Lawyer,93169.92,7794.16
CUST04392,19,Musician,58225.78,4812.148333
CUST04393,21,Lawyer,125943.63,10448.3025
CUST04394,22,Accountant,16083.84,1488.32
CUST04395,27,Entrepreneur,67512.6,5804.05
CUST04397,17,Teacher,19742.24,1619.186667
CUST04398,48,Engineer,32027.38,2397.948333
CUST04399,42,Journalist,32424.62,2867.051667
CUST04400,37,Developer,8499.645,817.30375
CUST04401,28,Developer,43115.38,3806.948333
CUST04402,26,Media_Manager,16038.69,1176.5575
CUST04403,44,Journalist,7885.605,554.13375
CUST04404,30,Musician,10366.83,568.9025
CUST04405,34,Entrepreneur,82203.45,6655.2875
CUST04406,22,Architect,27767.57,2355.964167
CUST04407,31,Architect,48101.13,3875.4275
CUST04408,45,Scientist,9093.865,621.8220833
CUST04409,22,Accountant,59214.6,5120.55
CUST04410,17,Mechanic,8285.085,592.42375
CUST04411,26,Musician,104880.68,8771.056667
CUST04412,27,Doctor,38036.61,3180.7175
CUST04413,23,Journalist,8983.565,645.6304167
CUST04414,52,Media_Manager,80302.47,6391.8725
CUST04415,38,Doctor,28279.12,2300.593333
CUST04416,21,Engineer,28256.16,2500.68
CUST04417,34,Journalist,14075.83,876.9858333
CUST04418,24,Teacher,30608.63,2650.719167
CUST04419,29,Accountant,15714.98,1228.581667
CUST04420,31,Media_Manager,55663.5,4932.625
CUST04421,34,Accountant,19071.07,1887.255833
CUST04422,41,Entrepreneur,32019.94,2598.328333
CUST04423,43,Scientist,104118.69,8853.5575
CUST04424,42,Writer,20562.56,1651.546667
CUST04425,43,Lawyer,34014.64,2742.553333
CUST04426,38,Teacher,20372.43,1411.7025
CUST04427,24,Lawyer,167787.16,13952.26333
CUST04428,30,Journalist,135807.12,11446.26
CUST04429,38,Scientist,69228.92,5752.076667
CUST04430,42,Scientist,17758.44,1403.87
CUST04432,43,Journalist,16943.505,1382.95875
CUST04433,42,Architect,118636.88,9865.406667
CUST04434,33,Lawyer,90403.77,7433.6475
CUST04435,51,Teacher,171292.56,12574.94007
CUST04436,52,Manager,33768.99,2904.0825
CUST04437,37,Manager,78164.36,6553.696667
CUST04438,38,Lawyer,7261.91,393.1591667
CUST04439,41,Scientist,114150.75,9668.5625
CUST04440,29,Scientist,44219.46,3855.955
CUST04441,32,Musician,18848.995,1364.749583
CUST04442,37,Musician,41486.98,3332.248333
CUST04443,34,Accountant,77463.99,6388.3325
CUST04444,40,Media_Manager,44456.6,3628.716667
CUST04445,46,Mechanic,17766.93,1219.5775
CUST04446,54,Scientist,98796.84,8206.07
CUST04447,45,Musician,20929.295,1704.107917
CUST04448,45,Lawyer,36742.54,2893.878333
CUST04449,28,Manager,41803.08,3685.59
CUST04450,26,Journalist,35384.0,2960.666667
CUST04451,22,Doctor,43568.84,3852.736667
CUST04452,19,Developer,10332.74,608.0616667
CUST04453,45,Teacher,37089.86,2983.821667
CUST04454,27,Entrepreneur,93390.44,7538.536667
CUST04455,37,Journalist,7863.04,405.2533333
CUST04456,22,Architect,16906.81,1167.900833
CUST04457,50,Entrepreneur,87853.56,7527.13
CUST04458,36,Architect,29827.76,2385.646667
CUST04459,28,Engineer,61389.18,5085.765
CUST04460,42,Scientist,74424.6,6025.05
CUST04461,54,Journalist,85038.87,6836.5725
CUST04462,47,Journalist,19705.74,1377.145
CUST04463,23,Scientist,17863.15,1755.595833
CUST04464,44,Writer,10207.5,842.3276364
CUST04465,49,Media_Manager,118297.6,10026.13333
CUST04466,39,Entrepreneur,39962.38,3151.198333
CUST04467,43,Writer,80562.56,6587.546667
CUST04468,43,Entrepreneur,9897.565,1073.797083
CUST04469,28,Doctor,34052.56,2930.713333
CUST04470,18,Musician,62160.87,4940.0725
CUST04471,53,Entrepreneur,82015.88,6907.656667
CUST04472,52,Architect,89495.67,7417.9725
CUST04473,22,Developer,15982.36,1279.863333
CUST04474,28,Media_Manager,34552.7,2896.391667
CUST04475,55,Manager,44280.31,3873.025833
CUST04476,29,Teacher,27099.11,2110.259167
CUST04477,34,Musician,44986.55,3689.879167
CUST04478,41,Teacher,89338.36,7740.863333
CUST04479,50,Media_Manager,31534.94,2426.911667
CUST04480,42,Developer,21336.9,1656.075
CUST04481,30,Accountant,16486.52,1221.876667
CUST04482,19,Architect,8459.02,997.9183333
CUST04483,38,Engineer,48254.04,4215.17
CUST04484,22,Writer,20628.55,1539.045833
CUST04485,43,Journalist,24744.78,2101.065
CUST04486,49,Architect,11527.73,839.6441667
CUST04488,47,Musician,84378.96,7142.58
CUST04489,43,Engineer,64794.64,5665.553333
CUST04490,27,Developer,14785.12,1365.093333
CUST04492,23,Mechanic,14441.54,1369.461667
CUST04493,33,Architect,31641.76,2388.813333
CUST04494,54,Engineer,55644.14,4908.011667
CUST04495,24,Engineer,16050.73,1315.560833
CUST04496,29,Manager,38861.72,3511.476667
CUST04497,41,Accountant,38764.8,2974.4
CUST04498,39,Lawyer,85020.54,6962.045
CUST04499,41,Journalist,34913.58,3076.465
CUST04500,18,Doctor,122915.96,10003.99667
CUST04501,33,Engineer,41770.21,3652.850833
CUST04502,25,Journalist,167753.52,14035.46
CUST04503,41,Developer,50243.22,4107.935
CUST04504,24,Media_Manager,40207.94,3068.661667
CUST04505,28,Writer,8113.06,732.0883333
CUST04506,30,Scientist,13499.855,1026.987917
CUST04507,26,Writer,20602.02,1727.835
CUST04508,44,Entrepreneur,85656.28,7161.023333
CUST04509,43,Architect,41702.9,3249.241667
CUST04510,17,Writer,61266.63,5296.5525
CUST04511,21,Scientist,14125.04,1202.086667
CUST04512,26,Doctor,34677.86,2725.821667
CUST04513,33,Lawyer,28206.96,2294.58
CUST04514,26,Musician,51627.39,4132.2825
CUST04515,23,Scientist,170751.96,14415.33
CUST04516,20,Lawyer,37679.14,3267.928333
CUST04517,27,Teacher,19435.6,1523.633333
CUST04518,40,Accountant,30802.79,2691.899167
CUST04519,26,Architect,57294.2,4699.516667
CUST04520,33,Writer,46887.99,4167.3325
CUST04521,55,Manager,16857.295,1121.774583
CUST04522,32,Lawyer,35104.32,2769.36
CUST04524,25,Entrepreneur,16562.01,1240.1675
CUST04525,43,Lawyer,92200.68,7404.39
CUST04526,33,Scientist,162955.92,13332.66
CUST04527,46,Media_Manager,99776.28,8051.69
CUST04528,29,Engineer,16362.68,1536.556667
CUST04529,39,Entrepreneur,35284.57,2873.380833
CUST04530,25,Doctor,35336.77,2893.730833
CUST04531,33,Developer,11550.325,947.5270833
CUST04532,38,Media_Manager,94092.36,7644.03
CUST04533,21,Mechanic,31598.5,2517.208333
CUST04534,20,Architect,18822.02,1821.501667
CUST04535,52,Developer,61203.18,4911.265
CUST04536,38,Manager,83601.84,7235.82
CUST04537,29,Lawyer,11586.525,943.54375
CUST04538,48,Doctor,80953.2,6722.1
CUST04539,47,Lawyer,102260.0,8580.666667
CUST04540,24,Teacher,74866.6,5964.883333
CUST04541,41,Mechanic,147510.76,12482.56333
CUST04542,42,Doctor,16678.98,1233.915
CUST04543,23,Entrepreneur,129233.52,11011.46
CUST04544,32,Manager,110347.2,9184.6
CUST04545,42,Lawyer,108129.44,8776.786667
CUST04546,21,Media_Manager,9812.96,875.7466667
CUST04547,41,Lawyer,53226.52,4432.543333
CUST04548,31,Developer,15129.9,1166.825
CUST04549,31,Mechanic,63525.64,5409.803333
CUST04550,26,Engineer,21613.57,1716.130833
CUST04551,32,Lawyer,20040.64,1508.053333
CUST04552,25,Mechanic,40341.16,3602.763333
CUST04553,48,Journalist,88859.37,7517.9475
CUST04554,39,Writer,29485.2,2242.1
CUST04555,28,Manager,31959.4,2472.283333
CUST04556,50,Writer,88716.28,7476.023333
CUST04557,28,Scientist,18508.39,1574.365833
CUST04558,21,Lawyer,8996.265,740.68875
CUST04559,28,Engineer,39700.24,3080.353333
CUST04560,22,Entrepreneur,18671.92,1546.993333
CUST04561,36,Musician,16435.27,1526.605833
CUST04562,17,Engineer,17438.8,1237.233333
CUST04563,28,Engineer,43518.87,3567.5725
CUST04564,38,Entrepreneur,35996.23,2800.685833
CUST04565,22,Developer,35310.83,3058.569167
CUST04566,44,Writer,68380.29,5448.3575
CUST04567,29,Entrepreneur,20870.46,1694.205
CUST04568,42,Accountant,81764.54,6544.711667
CUST04569,17,Doctor,44418.54,3626.545
CUST04570,32,Scientist,171280.88,14157.40667
CUST04571,40,Mechanic,30385.07,2764.089167
CUST04572,45,Mechanic,34652.7,2975.725
CUST04573,53,Lawyer,62773.2,5370.1
CUST04574,18,Mechanic,54027.0,4269.25
CUST04575,32,Writer,16489.74,1150.145
CUST04576,27,Doctor,37823.27,2994.939167
CUST04577,30,Media_Manager,143469.16,11690.76333
CUST04578,43,Mechanic,10728.4,720.0333333
CUST04579,31,Musician,68469.6,5500.8
CUST04580,26,Musician,27032.89,1985.740833
CUST04581,33,Lawyer,108952.35,9203.3625
CUST04582,44,Scientist,18990.85,1531.570833
CUST04583,25,Accountant,30536.26,2697.688333
CUST04584,19,Teacher,73888.42,6077.368333
CUST04586,32,Doctor,136435.2,11574.6
CUST04587,24,Mechanic,14906.56,1360.213333
CUST04588,39,Entrepreneur,69779.8,5695.983333
CUST04589,20,Doctor,13848.89,1152.074167
CUST04590,44,Media_Manager,7226.435,662.2029167
CUST04591,34,Writer,33765.68,2528.806667
CUST04592,34,Developer,49128.9,4231.075
CUST04593,24,Musician,7567.595,809.6329167
CUST04594,36,Teacher,19047.38,1430.281667
CUST04595,19,Scientist,79878.52,6535.543333
CUST04596,45,Architect,31329.83,2598.819167
CUST04597,36,Media_Manager,65891.85,5326.9875
CUST04598,30,Media_Manager,9955.255,834.6045833
CUST04599,29,Accountant,127273.88,10710.15667
CUST04600,25,Doctor,39318.5,3170.541667
CUST04601,25,Writer,8361.59,640.7991667
CUST04602,32,Teacher,9529.855,688.1545833
CUST04603,21,Doctor,19681.08,1454.09
CUST04604,18,Developer,57943.41,4732.6175
CUST04605,40,Architect,161007.32,13305.27667
CUST04606,34,Mechanic,18760.69,1331.390833
CUST04607,30,Writer,76804.72,6450.393333
CUST04608,34,Musician,23357.87,2008.489167
CUST04609,25,Writer,45834.57,3816.5475
CUST04610,39,Accountant,68470.86,5884.905
CUST04611,31,Journalist,53945.85,4479.4875
CUST04613,23,Developer,11486.08,1067.173333
CUST04614,40,Media_Manager,35643.6,3046.3
CUST04615,20,Lawyer,35699.53,2864.960833
CUST04617,19,Journalist,15508.43,1400.369167
CUST04618,31,Architect,52977.0,4595.75
CUST04619,27,Teacher,29283.91,2380.325833
CUST04620,22,Writer,71843.52,5836.96
CUST04621,27,Doctor,7153.435,532.1195833
CUST04623,38,Mechanic,12549.985,828.8320833
CUST04624,26,Scientist,74478.72,6439.56
CUST04625,43,Scientist,48818.1,4293.175
CUST04626,43,Engineer,98459.7,8165.975
CUST04627,29,Developer,60462.44,5081.536667
CUST04628,22,Media_Manager,19280.73,1865.7275
CUST04629,34,Teacher,17666.82,1608.235
CUST04630,25,Teacher,31757.98,2868.498333
CUST04631,26,Engineer,39123.42,3020.285
CUST04632,19,Engineer,35844.02,2703.001667
CUST04633,17,Developer,15169.51,1038.125833
CUST04634,35,Writer,134139.48,11352.29
CUST04635,54,Entrepreneur,33642.07,2509.505833
CUST04636,18,Engineer,15580.41,1048.3675
CUST04637,46,Accountant,107068.92,8657.41
CUST04638,26,Developer,73802.24,5971.186667
CUST04639,33,Mechanic,43956.23,3820.019167
CUST04640,23,Entrepreneur,80411.04,6694.92
CUST04641,46,Teacher,39305.86,3484.488333
CUST04643,51,Musician,44595.18,3632.265
CUST04644,42,Doctor,42757.81,3556.150833
CUST04645,38,Scientist,119902.4,10202.86667
CUST04646,41,Writer,46410.42,3973.535
CUST04647,44,Engineer,40894.22,3221.851667
CUST04648,28,Teacher,20615.79,1761.9825
CUST04649,24,Scientist,38673.64,3333.803333
CUST04650,32,Teacher,66460.6,5448.383333
CUST04651,34,Lawyer,127720.4,10739.36667
CUST04652,39,Writer,18116.1,1552.675
CUST04653,42,Accountant,67841.78,5562.481667
CUST04654,24,Entrepreneur,31439.6,2846.966667
CUST04655,32,Architect,104506.98,8986.915
CUST04656,41,Manager,19078.99,1867.915833
CUST04657,28,Lawyer,14129.42,1027.451667
CUST04658,30,Lawyer,40984.4,3655.366667
CUST04659,27,Developer,15985.29,1295.1075
CUST04660,29,Media_Manager,25810.93,1916.910833
CUST04661,31,Writer,53699.7,4382.975
CUST04662,50,Scientist,112056.36,9485.03
CUST04663,27,Mechanic,45367.94,4031.661667
CUST04664,23,Developer,32737.58,2729.131667
CUST04665,18,Journalist,126971.0,10672.91667
CUST04666,53,Architect,37171.29,3231.6075
CUST04667,31,Manager,8840.48,773.7066667
CUST04668,32,Architect,77905.92,6635.16
CUST04669,32,Lawyer,8781.955,949.8295833
CUST04670,23,Manager,42921.75,3304.807427
CUST04671,35,Teacher,17101.62,1350.135
CUST04673,19,Manager,43430.88,3418.24
CUST04674,47,Architect,18296.91,1226.7425
CUST04675,24,Mechanic,44864.55,3840.7125
CUST04676,21,Entrepreneur,23809.46,1916.121667
CUST04677,33,Developer,16112.185,1331.682083
CUST04678,39,Architect,57786.48,4569.54
CUST04679,29,Scientist,85486.14,7411.845
CUST04681,35,Media_Manager,32597.48,2734.456667
CUST04682,18,Scientist,18226.13,1383.844167
CUST04683,37,Musician,93939.36,8023.28
CUST04684,19,Writer,42373.7,3742.141667
CUST04685,25,Entrepreneur,20300.56,1609.713333
CUST04686,29,Engineer,21298.53,1971.8775
CUST04687,25,Writer,18967.25,1873.604167
CUST04688,27,Doctor,34175.26,2761.938333
CUST04689,43,Accountant,29227.64,2566.636667
CUST04690,45,Media_Manager,72200.76,5720.73
CUST04691,33,Entrepreneur,7622.665,848.2220833
CUST04692,24,Developer,56455.35,4511.6125
CUST04693,45,Musician,172205.96,14293.49667
CUST04694,34,Scientist,10322.13,1056.233012
CUST04695,24,Accountant,104177.61,8671.4675
CUST04696,29,Media_Manager,22017.78,1576.815
CUST04697,19,Doctor,17111.35,1367.645556
CUST04698,37,Accountant,29943.55,2432.295833
CUST04699,28,Lawyer,77603.48,6214.956667
CUST04700,41,Scientist,72618.32,6295.526667
CUST04701,48,Scientist,11458.24,1185.853333
CUST04702,22,Developer,50291.22,3999.935
CUST04703,38,Accountant,141733.08,11570.09
CUST04704,38,Developer,161063.8,13689.98333
CUST04705,37,Writer,10275.925,702.3270833
CUST04706,48,Lawyer,10328.58,1118.715
CUST04707,47,Doctor,33022.95,2975.9125
CUST04708,18,Accountant,52566.39,4617.5325
CUST04709,39,Writer,34126.19,2619.849167
CUST04710,38,Journalist,15954.72,1395.56
CUST04711,34,Journalist,17773.775,1388.147917
CUST04712,42,Musician,18942.005,1349.500417
CUST04713,52,Engineer,19646.255,1831.187917
CUST04714,21,Journalist,83947.72,7167.643333
CUST04715,36,Journalist,8940.14,933.0116667
CUST04716,27,Media_Manager,55245.88,4861.823333
CUST04717,28,Developer,38334.61,2966.550833
CUST04718,18,Teacher,17774.32,1205.193333
CUST04719,37,Journalist,7493.29,827.4408333
CUST04720,36,Entrepreneur,63195.21,5318.2675
CUST04721,18,Manager,29827.36,2722.613333
CUST04723,23,Musician,36641.86,3008.488333
CUST04724,33,Accountant,50538.58,4054.548333
CUST04725,40,Writer,19186.4,1645.866667
CUST04726,35,Architect,30371.74,2546.978333
CUST04727,43,Journalist,132986.73,11019.2275
CUST04728,50,Developer,150043.56,12656.63
CUST04729,54,Doctor,61236.86,5151.071667
CUST04730,40,Mechanic,72814.86,6035.905
CUST04731,51,Teacher,18058.635,1692.88625
CUST04732,53,Musician,41115.08,3378.256667
CUST04733,40,Architect,24004.5,1935.375
CUST04734,44,Architect,106815.54,9125.295
CUST04735,30,Musician,8721.605,927.8004167
CUST04737,36,Teacher,57295.88,4520.656667
CUST04738,26,Journalist,31454.22,2618.185
CUST04739,28,Developer,27647.08,2050.923333
CUST04740,40,Journalist,64259.04,5060.92
CUST04741,47,Journalist,32123.85,2951.9875
CUST04742,26,Architect,85461.63,7210.8025
CUST04743,36,Doctor,172510.48,14464.87333
CUST04744,23,Writer,32023.64,2549.636667
CUST04746,31,Developer,45243.21,3855.2675
CUST04748,34,Doctor,8990.5,949.2083333
CUST04749,35,Developer,10466.16,1080.18
CUST04750,20,Lawyer,14681.68,1281.473333
CUST04751,17,Architect,60860.1,4803.675
CUST04752,30,Engineer,39418.47,3099.8725
CUST04753,29,Writer,29482.06,2395.838333
CUST04754,33,Entrepreneur,55516.29,4445.3575
CUST04755,33,Lawyer,59939.52,4721.96
CUST04756,38,Journalist,99995.22,8560.935
CUST04757,24,Scientist,16822.58,1584.881667
CUST04758,29,Architect,11128.91,1103.409167
CUST04759,33,Entrepreneur,128754.04,10568.50333
CUST04760,31,Media_Manager,32187.36,2423.28
CUST04761,28,Mechanic,10046.24,926.1866667
CUST04762,27,Architect,33235.35,2910.6125
CUST04763,24,Manager,13268.945,1225.745417
CUST04764,41,Engineer,8796.905,545.0754167
CUST04765,55,Accountant,14664.91,1054.075833
CUST04766,53,Developer,29822.12,2223.176667
CUST04767,21,Media_Manager,14517.44,1293.786667
CUST04768,19,Engineer,20275.97,1623.664167
CUST04769,19,Journalist,20067.05,1653.254167
CUST04770,41,Media_Manager,48297.48,3743.79
CUST04772,27,Mechanic,21498.365,1628.530417
CUST04773,53,Accountant,41801.68,3280.473333
CUST04774,38,Accountant,86529.48,7463.79
CUST04775,29,Manager,14445.76,1040.813333
CUST04776,32,Media_Manager,28806.44,2361.536667
CUST04777,22,Accountant,79626.93,6564.5775
CUST04778,18,Journalist,9092.87,477.7391667
CUST04779,23,Journalist,78133.6,6636.133333
CUST04780,33,Teacher,10426.61,852.8841667
CUST04781,21,Writer,56971.5,4846.625
CUST04782,32,Engineer,46162.62,3548.885
CUST04783,40,Writer,21457.185,1846.09875
CUST04784,41,Media_Manager,20997.075,1895.75625
CUST04785,23,Engineer,36580.66,2926.388333
CUST04786,20,Journalist,15961.545,1269.12875
CUST04787,30,Journalist,39538.62,3540.885
CUST04788,37,Media_Manager,31244.71,2443.725833
CUST04789,40,Architect,28012.42,2564.368333
CUST04790,34,Lawyer,27905.8,2491.483333
CUST04791,19,Developer,14719.33,1364.610833
CUST04792,23,Lawyer,28769.52,2575.46
CUST04793,31,Media_Manager,68898.56,5549.546667
CUST04794,24,Entrepreneur,21453.93,1600.8275
CUST04795,22,Scientist,33531.19,2930.265833
CUST04796,43,Media_Manager,17191.27,1392.605833
CUST04797,44,Scientist,20721.78,1595.815
CUST04798,29,Entrepreneur,14602.16,1222.846667
CUST04799,33,Doctor,61869.04,5098.753333
CUST04800,46,Engineer,35707.45,3124.620833
CUST04801,35,Entrepreneur,39755.36,3188.946667
CUST04803,45,Developer,7464.64,391.0533333
CUST04804,37,Scientist,31608.12,2441.01
CUST04805,43,Engineer,94158.69,7743.5575
CUST04806,31,Architect,35694.33,2990.5275
CUST04807,43,Doctor,33030.03,2604.5025
CUST04808,23,Engineer,28686.15,2346.5125
CUST04809,20,Scientist,29212.86,2494.405
CUST04811,28,Writer,19220.61,1881.7175
CUST04812,43,Engineer,9203.725,1048.977083
CUST04813,22,Engineer,88014.39,7172.5325
CUST04814,21,Musician,40762.39,3442.865833
CUST04815,27,Media_Manager,28381.96,2236.163333
CUST04816,47,Engineer,121844.2,10265.68333
CUST04819,32,Mechanic,15026.04,1059.17
CUST04820,30,Developer,165333.72,13867.81
CUST04822,44,Writer,20780.41,1643.700833
CUST04823,35,Writer,17283.9,1360.325
CUST04824,36,Manager,127770.52,10430.54333
CUST04825,19,Writer,9067.12,637.5933333
CUST04826,24,Entrepreneur,12302.195,822.1829167
CUST04827,30,Scientist,39141.08,3134.756667
CUST04828,21,Doctor,15167.62,1471.968333
CUST04829,54,Teacher,27316.86,1985.405
CUST04830,49,Mechanic,29605.9,2579.158333
CUST04831,22,Scientist,27131.57,2273.964167
CUST04832,42,Media_Manager,7879.85,855.6541667
CUST04833,27,Writer,16439.24,1433.936667
CUST04834,25,Manager,17142.64,1200.553333
CUST04835,44,Accountant,19911.77,1833.314167
CUST04836,39,Engineer,94529.82,8153.485
CUST04837,21,Lawyer,22019.77,1790.980833
CUST04838,39,Writer,38095.16,3387.596667
CUST04839,21,Journalist,78604.47,6540.3725
CUST04840,43,Accountant,57153.63,4641.8025
CUST04841,25,Journalist,60787.32,4850.61
CUST04842,21,Manager,42031.09,3762.590833
CUST04843,35,Teacher,168647.08,14098.92333
CUST04844,21,Doctor,126026.19,10704.1825
CUST04845,20,Media_Manager,18053.32,1231.443333
CUST04846,44,Accountant,39225.32,3265.776667
CUST04847,48,Developer,119321.84,9694.486667
CUST04848,50,Journalist,28315.95,2415.6625
CUST04849,30,Lawyer,18750.54,1649.545
CUST04850,27,Engineer,40334.7,3313.225
CUST04851,40,Engineer,17594.015,1657.167917
CUST04852,45,Musician,71148.94,5972.078333
CUST04853,45,Architect,32570.85,2936.2375
CUST04855,41,Scientist,29386.9,2236.908333
CUST04856,27,Accountant,44308.67,3519.389167
CUST04857,41,Journalist,118988.19,9680.6825
CUST04858,39,Architect,27217.23,2057.1025
CUST04859,22,Engineer,7019.435,711.9529167
CUST04860,24,Engineer,14688.84,1030.584113
CUST04861,31,Mechanic,130289.46,10677.455
CUST04862,31,Lawyer,65383.72,5522.643333
CUST04863,40,Entrepreneur,19278.72,1367.56
CUST04865,32,Scientist,40035.02,3205.251667
CUST04866,45,Manager,8305.15,620.0958333
CUST04867,50,Developer,18808.34,1618.361667
CUST04868,36,Musician,18350.255,1399.187917
CUST04869,18,Developer,69428.72,5721.726667
CUST04870,54,Journalist,28867.01,2692.584167
CUST04871,42,Accountant,147292.28,12261.35667
CUST04872,23,Musician,17535.65,1490.304167
CUST04873,26,Scientist,40019.64,3049.97
CUST04874,48,Writer,106598.84,8639.236667
CUST04875,31,Doctor,82892.4,6685.7
CUST04876,51,Media_Manager,72195.24,6270.27
CUST04877,41,Lawyer,31200.24,2588.02
CUST04878,31,Entrepreneur,33669.7,3077.808333
CUST04879,45,Lawyer,33427.13,2708.594167
CUST04880,18,Doctor,117639.92,9727.326667
CUST04881,32,Entrepreneur,22233.98,1933.831667
CUST04882,34,Developer,58166.6,5117.216667
CUST04883,19,Writer,78006.32,6399.526667
CUST04884,42,Accountant,22224.03,2145.0025
CUST04885,55,Musician,51150.64,4024.553333
CUST04887,39,Journalist,19051.66,1560.638333
CUST04888,41,Entrepreneur,25856.84,1978.736667
CUST04889,45,Developer,18464.08,1688.673333
CUST04890,39,Engineer,10395.46,1160.288333
CUST04891,37,Accountant,138715.04,11841.58667
CUST04892,42,Doctor,9375.245,631.2704167
CUST04893,40,Entrepreneur,103744.83,8398.4025
CUST04894,19,Architect,30355.01,2525.584167
CUST04895,20,Accountant,22120.69,1809.390833
CUST04896,32,Scientist,49768.71,4045.3925
CUST04897,18,Mechanic,59703.75,4787.3125
CUST04898,51,Developer,97889.1,8205.425
CUST04900,18,Teacher,67503.36,5542.28
CUST04901,24,Musician,35366.38,2816.198333
CUST04902,40,Mechanic,40806.35,3618.529167
CUST04903,31,Scientist,45472.95,3676.4125
CUST04905,37,Doctor,40174.36,3638.863333
CUST04906,34,Scientist,76891.0,6480.583333
CUST04907,28,Doctor,13511.76,1237.98
CUST04908,40,Teacher,112202.72,9144.226667
CUST04909,39,Lawyer,74063.28,6201.94
CUST04910,37,Teacher,107595.68,8704.306667
CUST04911,38,Engineer,60437.28,4948.44
CUST04912,23,Media_Manager,29663.44,2676.953333
CUST04914,45,Lawyer,60125.18,5280.431667
CUST04915,40,Writer,105950.76,8905.23
CUST04916,40,Teacher,130435.86,10623.655
CUST04917,44,Teacher,31172.1,2600.675
CUST04919,42,Media_Manager,10363.34,844.6116667
CUST04920,34,Entrepreneur,44793.34,3677.778333
CUST04921,49,Engineer,53876.66,4247.721667
CUST04922,32,Developer,142285.72,11841.14333
CUST04923,39,Manager,20062.86,1433.905
CUST04925,44,Teacher,14638.54,1134.878333
CUST04926,30,Media_Manager,121684.36,9845.363333
CUST04927,17,Musician,57377.16,4651.43
CUST04928,47,Accountant,38391.66,2921.305
CUST04929,38,Teacher,18025.17,1599.0975
CUST04930,51,Entrepreneur,36137.59,2876.465833
CUST04931,20,Developer,120986.25,10288.1875
CUST04933,18,Engineer,70414.1,6112.841667
CUST04934,41,Engineer,15551.68,1542.973333
CUST04936,18,Developer,42803.1,3628.925
CUST04937,35,Doctor,37485.37,3342.780833
CUST04938,24,Entrepreneur,32928.14,2948.011667
CUST04939,21,Developer,9691.165,689.5970833
CUST04940,33,Lawyer,44261.65,3757.470833
CUST04941,28,Scientist,19801.99,1625.165833
CUST04942,39,Scientist,23756.68,1730.723333
CUST04943,36,Writer,76082.25,6082.1875
CUST04944,38,Architect,42956.58,3665.715
CUST04945,28,Lawyer,24613.73,2269.144167
CUST04946,48,Musician,162259.96,13239.66333
CUST04947,21,Manager,14403.86,1032.321667
CUST04948,20,Developer,19566.15,1888.5125
CUST04950,45,Musician,31029.7,2519.808333
CUST04951,42,Architect,29062.92,2318.91
CUST04952,18,Scientist,33349.63,2925.135833
CUST04953,24,Engineer,14839.245,1147.60375
CUST04954,22,Scientist,18743.8,1550.983333
CUST04955,32,Lawyer,34612.26,2745.355
CUST04956,41,Lawyer,44678.57,3502.214167
CUST04957,39,Writer,46645.86,4056.155
CUST04958,42,Scientist,85494.5,7336.541667
CUST04959,38,Engineer,39136.42,3512.368333
CUST04961,41,Manager,53698.44,4293.87
CUST04962,46,Writer,13982.725,931.2270833
CUST04963,22,Writer,20521.75,1632.145833
CUST04964,52,Musician,42274.96,3284.913333
CUST04965,23,Doctor,41026.38,3166.865
CUST04966,34,Teacher,7708.69,379.3908333
CUST04967,56,Writer,126615.04,10726.25333
CUST04968,31,Musician,26794.85,2368.904167
CUST04969,38,Mechanic,54236.86,4427.738333
CUST04970,22,Manager,19253.6,1823.466667
CUST04971,23,Accountant,40108.06,3554.338333
CUST04972,32,Mechanic,14313.74,1334.811667
CUST04973,29,Mechanic,9956.155,780.6795833
CUST04974,18,Writer,18097.46,1482.121667
CUST04975,36,Engineer,17955.38,1428.281667
CUST04976,27,Writer,43755.33,3828.2775
CUST04977,24,Manager,18158.33,1325.194167
CUST04978,29,Architect,37827.77,3116.314167
CUST04979,31,Entrepreneur,30661.16,2338.096667
CUST04980,43,Teacher,41122.99,3661.915833
CUST04981,49,Engineer,28074.06,2139.505
CUST04983,28,Mechanic,20399.82,1790.985
CUST04984,32,Entrepreneur,20063.03,1460.919167
CUST04985,42,Architect,40600.61,3420.384167
CUST04986,35,Writer,16770.6,1488.55
CUST04987,33,Entrepreneur,30411.89,2443.654131
CUST04988,50,Teacher,18128.1,1729.675
CUST04989,43,Scientist,79205.36,6520.446667
CUST04990,54,Writer,141219.08,11761.25667
CUST04991,43,Musician,67857.8,5498.816667
CUST04992,22,Doctor,19958.32,1411.193333
CUST04993,28,Engineer,18354.805,1457.567083
CUST04994,43,Developer,20974.05,1914.8375
CUST04995,20,Manager,9602.285,897.1904167
CUST04997,29,Journalist,16228.17,1374.3475
CUST04998,19,Lawyer,61778.7,4955.225
CUST05000,30,Media_Manager,43894.24,3690.853333
CUST05001,35,Musician,72583.32,6093.61
CUST05002,33,Architect,9185.545,567.4620833
CUST05003,22,Engineer,15671.96,1400.996667
CUST05004,47,Musician,15649.26,1420.105
CUST05005,55,Writer,52042.32,4130.86
CUST05006,38,Architect,104158.68,8387.89
CUST05007,44,Musician,48824.14,3357.19328
CUST05008,45,Manager,34323.86,3113.321667
CUST05009,37,Journalist,120389.55,10196.4625
CUST05010,39,Scientist,66509.88,5708.49
CUST05011,36,Lawyer,12338.465,738.2054167
CUST05012,19,Musician,35361.27,3112.7725
CUST05013,25,Entrepreneur,17738.09,1530.174167
CUST05014,47,Lawyer,71503.76,5672.646667
CUST05015,44,Writer,46150.65,4052.8875
CUST05016,26,Manager,14483.14,1290.928333
CUST05018,42,Lawyer,12931.56,1348.63
CUST05019,38,Scientist,53225.37,4526.4475
CUST05020,21,Media_Manager,34498.62,3168.885
CUST05021,23,Manager,72412.74,6294.395
CUST05022,28,Lawyer,15648.785,1230.065417
CUST05023,36,Lawyer,17678.47,1194.205833
CUST05024,39,Mechanic,37421.88,3060.49
CUST05025,34,Developer,68690.08,5588.173333
CUST05026,34,Manager,36130.89,3192.9075
CUST05027,30,Journalist,19916.14,1840.678333
CUST05029,31,Entrepreneur,141025.92,12004.16
CUST05030,53,Media_Manager,176783.92,14754.99333
CUST05031,33,Writer,98874.63,8196.5525
CUST05032,17,Teacher,59304.2,4972.016667
CUST05033,27,Accountant,116114.76,9541.23
CUST05034,26,Journalist,14799.91,1469.325833
CUST05035,34,Doctor,9548.815,535.7345833
CUST05036,36,Musician,18180.43,1725.035833
CUST05037,53,Manager,76476.66,6536.055
CUST05038,19,Writer,38714.36,3222.196667
CUST05039,31,Manager,16923.73,1437.310833
CUST05040,43,Accountant,33797.0,2909.416667
CUST05041,36,Lawyer,33206.26,2519.188333
CUST05042,42,Teacher,117878.55,9836.2125
CUST05043,22,Doctor,16520.79,1110.7325
CUST05044,35,Architect,33857.41,2683.450833
CUST05045,32,Mechanic,29349.0,2442.75
CUST05046,20,Doctor,9748.985,610.4154167
CUST05047,31,Teacher,93352.86,7629.405
CUST05048,37,Architect,8242.335,652.86125
CUST05049,35,Teacher,33089.51,3019.459167
CUST05050,29,Scientist,21551.57,1774.964167
CUST05051,18,Developer,42846.39,3670.5325
CUST05052,40,Accountant,31236.52,2622.043333
CUST05053,26,Manager,39343.02,3049.585
CUST05054,33,Writer,60243.46,5070.288333
CUST05055,37,Doctor,145994.28,12333.19
CUST05056,48,Journalist,15641.73,1205.4775
CUST05057,36,Lawyer,8892.36,833.03
CUST05058,46,Lawyer,45034.34,4021.861667
CUST05059,25,Scientist,83206.72,7003.893333
CUST05060,24,Musician,57136.44,4954.37
CUST05061,45,Accountant,16197.91,1319.825833
CUST05062,23,Entrepreneur,130402.88,10187.66736
CUST05063,47,Musician,121486.92,10314.91
CUST05064,44,Media_Manager,21642.845,1712.570417
CUST05065,39,Doctor,35586.4,2796.533333
CUST05066,36,Journalist,31230.98,2809.581667
CUST05067,20,Manager,8967.46,984.2883333
CUST05068,42,Accountant,73394.12,5968.176667
CUST05069,31,Accountant,33643.54,3048.628333
CUST05070,32,Architect,17044.23,1671.3525
CUST05071,43,Entrepreneur,30547.98,2353.665
CUST05072,41,Journalist,8609.79,511.4825
CUST05073,33,Architect,14353.89,1285.1575
CUST05074,39,Media_Manager,35865.45,2726.7875
CUST05075,47,Engineer,19339.08,1729.59
CUST05076,50,Engineer,21596.24,1962.686667
CUST05077,55,Accountant,123375.18,10275.265
CUST05078,19,Engineer,17347.04,1285.586667
CUST05079,35,Manager,102343.68,8736.64
CUST05080,31,Manager,15828.15,1480.0125
CUST05081,21,Musician,60983.72,5162.976667
CUST05082,21,Scientist,17816.75,1657.729167
CUST05083,44,Doctor,30231.09,2610.2575
CUST05084,31,Journalist,154352.0,12748.66667
CUST05085,31,Developer,139582.6,11353.88333
CUST05086,43,Developer,18293.52,1634.46
CUST05087,30,Journalist,51371.13,4427.9275
CUST05088,41,Accountant,14542.23,1070.8525
CUST05089,19,Lawyer,34094.94,2671.245
CUST05090,24,Manager,30470.59,2518.215833
CUST05091,41,Journalist,67942.9,5857.908333
CUST05092,33,Mechanic,71508.27,5994.0225
CUST05093,36,Manager,32364.58,2572.048333
CUST05094,37,Mechanic,70709.04,5592.42
CUST05095,20,Architect,40341.16,3529.763333
CUST05096,41,Developer,158483.48,12927.95667
CUST05097,47,Writer,95858.31,8019.1925
CUST05098,40,Writer,41588.74,3201.728333
CUST05099,30,Manager,75299.36,6367.946667
CUST05100,27,Accountant,108462.87,9313.5725
CUST05101,34,Architect,81969.24,6707.77
CUST05102,25,Media_Manager,87095.61,7063.9675
CUST05103,31,Accountant,35149.91,2703.159167
CUST05104,44,Musician,41647.6,3411.633333
CUST05105,47,Teacher,34343.83,3144.985833
CUST05106,20,Media_Manager,71522.2,6107.183333
CUST05107,33,Engineer,14093.08,1246.423333
CUST05108,35,Media_Manager,174826.76,14584.89667
CUST05109,36,Manager,15509.88,1157.49
CUST05110,20,Doctor,53627.01,4644.9175
CUST05111,25,Accountant,117499.47,9780.6225
CUST05112,31,Mechanic,36210.3,3029.525
CUST05113,38,Lawyer,100831.95,8599.6625
CUST05114,38,Architect,45051.24,3874.27
CUST05115,36,Writer,14787.01,1524.250833
CUST05116,30,Accountant,82332.68,6814.056667
CUST05117,37,Architect,28496.3,2357.691667
CUST05118,29,Doctor,24813.21,2168.7675
CUST05119,42,Journalist,83669.52,6869.46
CUST05120,30,Lawyer,119113.71,9694.1425
CUST05121,33,Mechanic,19487.77,1338.980833
CUST05122,23,Manager,82339.36,6944.613333
CUST05123,41,Engineer,71766.06,5968.505
CUST05124,29,Engineer,29020.31,2176.359167
CUST05125,21,Doctor,7201.155,650.09625
CUST05126,43,Entrepreneur,7097.015,500.4179167
CUST05127,32,Engineer,55035.66,4690.305
CUST05128,36,Lawyer,20634.78,1572.565
CUST05129,22,Architect,55188.52,4876.043333
CUST05131,51,Doctor,30924.04,2647.003333
CUST05132,27,Accountant,158952.84,13056.07
CUST05133,29,Architect,64840.32,5188.36
CUST05134,19,Lawyer,20985.48,1574.79
CUST05135,43,Teacher,29503.65,2309.6375
CUST05136,21,Manager,40100.45,3280.704167
CUST05137,46,Entrepreneur,33647.34,2804.945
CUST05138,49,Entrepreneur,90409.32,7758.11
CUST05139,33,Writer,31225.44,2774.12
CUST05140,34,Architect,25744.12,1923.343333
CUST05141,37,Mechanic,16398.56,1292.546667
CUST05142,47,Doctor,129727.4,11076.61667
CUST05143,30,Teacher,63473.6,5385.466667
CUST05144,24,Lawyer,59103.06,4806.255
CUST05145,35,Media_Manager,18371.27,1295.939167
CUST05146,45,Scientist,44258.1,3867.175
CUST05147,23,Teacher,46422.1,4085.508333
CUST05148,43,Engineer,40063.22,3305.601667
CUST05149,37,Developer,17625.61,1406.800833
CUST05150,26,Media_Manager,32428.98,2512.415
CUST05151,31,Media_Manager,10457.88,688.49
CUST05152,34,Entrepreneur,93536.04,7565.67
CUST05153,23,Developer,81823.28,6776.606667
CUST05154,27,Musician,9929.235,828.43625
CUST05155,25,Musician,24148.54,1780.378333
CUST05156,40,Writer,18762.55,1710.545833
CUST05157,30,Doctor,39353.8,3201.483333
CUST05158,22,Scientist,83990.68,6776.223333
CUST05159,39,Teacher,16154.255,1506.187917
CUST05160,39,Scientist,11100.59,1087.049167
CUST05161,49,Mechanic,20194.02,1553.835
CUST05162,55,Teacher,59782.0,5114.833333
CUST05163,39,Accountant,32777.51,2701.459167
CUST05164,48,Musician,43090.57,3787.880833
CUST05165,33,Teacher,9863.53,1038.960833
CUST05166,25,Musician,47268.22,4058.018333
CUST05167,18,Architect,9276.99,741.0825
CUST05168,24,Musician,48409.17,4021.0975
CUST05170,29,Mechanic,34225.79,2750.149167
CUST05171,36,Scientist,18241.11,1582.0925
CUST05172,49,Mechanic,44318.92,3491.243333
CUST05173,42,Accountant,61262.76,5054.23
CUST05174,47,Doctor,105015.76,8719.313333
CUST05175,32,Journalist,53320.98,4343.415
CUST05176,43,Mechanic,14435.435,1376.697641
CUST05177,46,Entrepreneur,17132.905,1283.742083
CUST05178,39,Teacher,7314.675,319.55625
CUST05179,19,Musician,47557.02,3715.085
CUST05180,21,Teacher,36401.36,3231.446667
CUST05181,23,Engineer,33518.12,2879.176667
CUST05182,36,Entrepreneur,56274.24,4518.52
CUST05183,31,Musician,57742.86,4699.905
CUST05184,21,Musician,25971.13,1912.260833
CUST05185,19,Accountant,34039.54,2728.628333
CUST05186,31,Lawyer,28694.16,2544.18
CUST05187,35,Mechanic,88325.58,7486.465
CUST05188,40,Media_Manager,66489.74,5575.811667
CUST05189,27,Mechanic,7169.585,867.4654167
CUST05190,39,Scientist,82988.08,7100.673333
CUST05191,28,Mechanic,70618.62,5775.885
CUST05192,24,Entrepreneur,98436.6,8079.05
CUST05193,44,Mechanic,16858.01,1600.834167
CUST05194,51,Manager,19019.1,1637.925
CUST05195,29,Manager,38158.8,2992.9
CUST05196,45,Journalist,63539.66,5032.971667
CUST05197,55,Lawyer,120644.88,10043.74
CUST05198,48,Mechanic,129982.41,10653.8675
CUST05199,21,Media_Manager,8213.68,926.4733333
CUST05200,44,Journalist,64688.84,5654.736667
CUST05201,36,Engineer,71814.28,5976.523333
CUST05202,37,Musician,38117.06,3245.421667
CUST05203,20,Writer,30549.55,2467.795833
CUST05204,28,Writer,101203.0,8675.583333
CUST05205,25,Media_Manager,35006.57,3203.214167
CUST05206,49,Manager,41617.68,3350.14
CUST05207,27,Accountant,99657.51,8164.7925
CUST05208,31,Manager,134504.68,11187.72333
CUST05209,46,Manager,63068.88,5406.74
CUST05210,32,Musician,71285.0,6207.416667
CUST05211,21,Mechanic,19582.95,1411.9125
CUST05212,48,Developer,57080.22,4598.685
CUST05213,52,Manager,37367.34,3303.945
CUST05214,40,Entrepreneur,36647.46,3043.955
CUST05215,36,Accountant,28468.13,2587.344167
CUST05216,38,Doctor,67531.72,5905.643333
CUST05217,21,Scientist,17918.66,1519.221667
CUST05218,32,Accountant,58382.0,4808.166667
CUST05219,34,Media_Manager,17945.77,1349.480833
CUST05220,37,Teacher,21833.79,1814.4825
CUST05221,51,Lawyer,19799.73,1915.9775
CUST05222,39,Developer,112985.56,9176.463333
CUST05223,18,Developer,80206.64,6766.886667
CUST05224,25,Teacher,31380.64,2356.053333
CUST05225,21,Entrepreneur,29727.93,2678.3275
CUST05226,36,Doctor,18496.49,1802.374167
CUST05227,39,Lawyer,17594.78,1481.231667
CUST05228,41,Mechanic,13986.835,1411.569583
CUST05229,41,Architect,160052.2,13580.68333
CUST05230,35,Mechanic,79323.96,6900.33
CUST05231,35,Entrepreneur,128423.36,10636.94667
CUST05232,50,Engineer,34281.92,2733.826667
CUST05233,24,Scientist,41167.6,3596.633333
CUST05234,21,Developer,39734.74,3402.228333
CUST05235,49,Writer,38750.41,2987.200833
CUST05236,50,Developer,35871.34,3142.278333
CUST05237,26,Manager,24206.09,1759.174167
CUST05238,40,Lawyer,19543.58,1400.631667
CUST05239,40,Manager,43826.51,3584.209167
CUST05240,43,Journalist,17728.55,1565.379167
CUST05242,37,Accountant,80539.08,6542.59
CUST05243,24,Media_Manager,36408.04,3123.003333
CUST05244,34,Writer,86163.52,7133.293333
CUST05245,38,Media_Manager,58873.64,4875.136667
CUST05246,19,Teacher,81760.0,6988.333333
CUST05247,35,Doctor,16264.7,1095.391667
CUST05248,44,Engineer,41552.77,3482.730833
CUST05250,27,Developer,33818.63,2535.219167
CUST05251,21,Architect,14550.52,1392.543333
CUST05252,52,Architect,77439.87,6504.3225
CUST05253,27,Teacher,175191.4,14862.28333
CUST05254,17,Architect,32430.82,2597.568333
CUST05255,31,Mechanic,80213.4,6919.45
CUST05256,34,Scientist,20017.24,1481.103333
CUST05257,31,Accountant,30348.01,2572.000833
CUST05259,34,Mechanic,19854.12,1425.51
CUST05260,19,Manager,87247.62,7005.635
CUST05261,23,Lawyer,88752.26,7109.021667
CUST05262,50,Lawyer,20222.09,1864.174167
CUST05263,29,Developer,34378.87,3014.905833
CUST05264,31,Musician,40306.66,3532.888333
CUST05265,40,Mechanic,19013.285,1495.440417
CUST05266,40,Writer,156153.24,13058.77
CUST05267,30,Engineer,88556.7,7158.725
CUST05268,40,Accountant,57700.16,4864.346667
CUST05269,29,Entrepreneur,9474.16,745.5133333
CUST05270,41,Musician,109621.56,9335.13
CUST05272,23,Media_Manager,37990.27,3247.855833
CUST05273,34,Developer,17517.69,1373.8075
CUST05274,22,Musician,117551.96,9719.996667
CUST05275,29,Media_Manager,134993.79,11462.4825
CUST05276,30,Doctor,11826.655,836.5545833
CUST05277,27,Mechanic,15806.695,1300.224583
CUST05278,22,Doctor,15148.68,1082.39
CUST05279,23,Architect,30821.3,2808.441667
CUST05280,21,Musician,74780.48,6340.706667
CUST05281,30,Musician,10300.895,695.4079167
CUST05282,27,Manager,27286.53,2279.8775
CUST05283,34,Entrepreneur,101275.8,8537.65
CUST05284,23,Media_Manager,15786.96,1376.58
CUST05285,45,Media_Manager,36779.9,2854.991667
CUST05286,33,Scientist,15375.98,1348.331667
CUST05287,33,Scientist,8086.375,839.8645833
CUST05288,42,Musician,67321.96,5834.163333
CUST05289,17,Writer,82329.56,6765.796667
CUST05290,42,Mechanic,44964.22,3898.018333
CUST05291,28,Manager,32853.95,2772.829167
CUST05292,40,Developer,134947.24,11293.60333
CUST05293,26,Media_Manager,35165.46,2694.455
CUST05294,38,Architect,30321.95,2251.829167
CUST05295,17,Doctor,18153.18,1735.765
CUST05296,46,Teacher,112938.08,9562.506667
CUST05297,25,Doctor,120922.26,10367.855
CUST05298,28,Developer,75524.26,6118.688333
CUST05299,25,Doctor,87843.69,7280.3075
CUST05300,21,Lawyer,67639.38,5679.615
CUST05301,55,Teacher,91965.63,7513.8025
CUST05302,41,Journalist,66349.96,5333.163333
CUST05303,36,Musician,47509.94,3891.161667
CUST05304,50,Mechanic,29043.12,2149.26
CUST05305,24,Writer,15139.13,1459.594167
CUST05306,34,Manager,19294.46,1392.871667
CUST05307,30,Manager,54734.0,4607.166667
CUST05308,36,Writer,19012.94,1805.411667
CUST05309,39,Journalist,37840.64,2913.386667
CUST05310,55,Developer,91432.44,7840.37
CUST05311,19,Architect,45559.59,3860.6325
CUST05312,34,Scientist,22115.435,1732.952917
CUST05313,29,Accountant,8865.63,670.8025
CUST05314,48,Architect,42843.65,3403.304167
CUST05315,36,Lawyer,115661.32,9349.443333
CUST05316,32,Scientist,14560.43,1250.369167
CUST05317,31,Developer,18237.78,1475.815
CUST05318,44,Media_Manager,44134.06,3182.481695
CUST05319,22,Architect,38261.7,3088.475
CUST05320,20,Manager,127285.41,10507.1175
CUST05321,53,Journalist,93163.52,7828.626667
CUST05322,25,Entrepreneur,125597.52,10277.46
CUST05323,53,Scientist,94187.25,7696.9375
CUST05325,23,Scientist,15937.74,1144.145
CUST05326,43,Writer,7893.875,900.8229167
CUST05327,23,Musician,35880.37,3057.030833
CUST05328,26,Teacher,7598.185,759.1820833
CUST05329,33,Entrepreneur,73417.48,6001.123333
CUST05330,33,Architect,174098.52,14496.21
CUST05331,28,Doctor,58539.84,4794.32
CUST05332,52,Scientist,51410.98,4012.248333
CUST05333,48,Developer,34960.25,3045.354167
CUST05334,27,Developer,17685.79,1186.815833
CUST05335,36,Scientist,18618.23,1654.519167
CUST05336,28,Architect,8044.13,396.3441667
CUST05337,29,Architect,75402.52,6221.543333
CUST05338,33,Lawyer,14184.935,1038.077917
CUST05339,49,Teacher,81815.31,7036.9425
CUST05340,21,Musician,19803.82,1526.318333
CUST05341,26,Engineer,28347.68,2091.306667
CUST05342,21,Teacher,28699.48,2434.623333
CUST05343,31,Writer,20942.88,1671.24
CUST05344,32,Doctor,115362.96,9764.58
CUST05345,21,Doctor,19355.62,1728.968333
CUST05346,48,Engineer,19462.925,1611.910417
CUST05347,28,Accountant,9434.835,903.23625
CUST05348,22,Engineer,151515.68,12885.30667
CUST05349,36,Doctor,33905.67,2541.4725
CUST05350,20,Musician,128275.84,10390.65333
CUST05351,24,Developer,19043.09,1699.924167
CUST05352,41,Teacher,63248.98,5456.748333
CUST05353,34,Accountant,20576.69,1992.724167
CUST05354,34,Manager,31433.97,2798.4975
CUST05355,26,Mechanic,36628.57,2836.380833
CUST05356,40,Engineer,90894.08,7744.506667
CUST05357,52,Manager,108171.63,9095.3025
CUST05358,18,Engineer,164861.36,13461.44667
CUST05359,30,Lawyer,18859.38,1360.615
CUST05360,46,Journalist,84045.99,6800.8325
CUST05361,24,Accountant,63010.84,5550.903333
CUST05362,24,Mechanic,22115.475,1830.95625
CUST05363,47,Mechanic,17098.88,1555.906667
CUST05364,40,Scientist,17493.02,1587.751667
CUST05366,32,Engineer,156429.52,12955.79333
CUST05367,52,Media_Manager,105870.6,8763.55
CUST05368,39,Scientist,73905.76,6241.813333
CUST05369,49,Teacher,127430.52,10870.21
CUST05370,52,Accountant,159058.44,13375.87
CUST05371,33,Manager,36068.94,3093.745
CUST05372,19,Manager,59110.83,4799.9025
CUST05373,21,Mechanic,76941.6,6540.8
CUST05374,32,Engineer,39791.2,3491.933333
CUST05375,21,Architect,14475.63,1092.3025
CUST05376,36,Media_Manager,30685.78,2591.148333
CUST05377,30,Mechanic,52256.67,4322.7225
CUST05378,21,Lawyer,28174.7,2259.891667
CUST05379,30,Scientist,64674.2,5675.516667
CUST05380,45,Teacher,8540.855,561.7379167
CUST05381,35,Doctor,29555.14,2663.928333
CUST05382,26,Media_Manager,125866.24,10420.85333
CUST05383,18,Teacher,7780.49,368.3741667
CUST05384,37,Journalist,19366.73,1550.894167
CUST05385,37,Entrepreneur,7077.87,670.8225
CUST05386,41,Lawyer,99858.15,8310.5125
CUST05387,33,Architect,9822.235,1057.519583
CUST05388,34,Mechanic,19755.43,1734.285833
CUST05389,18,Media_Manager,15400.91,1206.409167
CUST05390,39,Journalist,19675.36,1440.613333
CUST05391,25,Writer,36412.86,3054.405
CUST05392,41,Lawyer,93871.89,7849.6575
CUST05393,35,Media_Manager,27412.03,2499.335833
CUST05394,31,Journalist,79748.92,6883.743333
CUST05395,48,Entrepreneur,19179.165,1710.26375
CUST05396,22,Accountant,10628.735,1003.727917
CUST05397,30,Entrepreneur,16752.69,1666.0575
CUST05398,31,Mechanic,59393.36,4870.446667
CUST05399,53,Manager,67712.58,5549.715
CUST05400,37,Musician,7343.865,692.98875
CUST05401,29,Engineer,54858.75,4327.5625
CUST05402,45,Media_Manager,20813.98,1484.498333
CUST05403,26,Manager,76577.84,6597.486667
CUST05404,30,Scientist,137123.88,11198.99
CUST05405,55,Scientist,35012.78,2964.731667
CUST05406,45,Doctor,9654.91,1053.575833
CUST05407,25,Teacher,17510.655,1214.22125
CUST05408,26,Writer,34508.66,2617.721667
CUST05409,28,Entrepreneur,55384.41,4825.3675
CUST05410,43,Writer,10418.315,672.5714365
CUST05411,28,Entrepreneur,75257.64,6312.47
CUST05412,21,Accountant,111642.18,9316.515
CUST05413,23,Entrepreneur,76855.56,6700.63
CUST05414,48,Architect,73639.72,6119.643333
CUST05415,43,Doctor,56366.58,4897.215
CUST05416,26,Engineer,22709.94,2057.495
CUST05417,43,Teacher,27794.43,2263.2025
CUST05418,37,Engineer,84609.78,7225.815
CUST05419,36,Teacher,88827.54,7199.295
CUST05420,28,Architect,8241.75,843.8125
CUST05421,39,Engineer,52820.16,4457.68
CUST05422,27,Media_Manager,88412.01,7495.6675
CUST05424,48,Accountant,56609.58,4726.465
CUST05425,17,Musician,33390.92,3068.576667
CUST05426,34,Teacher,50778.48,4501.54
CUST05427,23,Writer,16413.23,1262.769167
CUST05428,39,Developer,78595.6,6642.633333
CUST05429,53,Writer,57365.73,4730.4775
CUST05430,42,Developer,16511.395,1528.949583
CUST05431,23,Teacher,40289.79,3073.4825
CUST05432,43,Teacher,82757.96,6692.496667
CUST05433,35,Writer,79062.44,6854.536667
CUST05435,45,Lawyer,17502.19,1380.515833
CUST05436,28,Journalist,129591.32,10667.27667
CUST05437,20,Developer,16594.59,1497.8825
CUST05438,39,Writer,106119.68,9128.306667
CUST05439,26,Accountant,83962.92,7148.91
CUST05440,23,Entrepreneur,10287.56,788.2966667
CUST05441,51,Musician,22313.78,1936.481667
CUST05442,22,Media_Manager,15134.06,1018.171667
CUST05443,42,Manager,34855.08,2847.59
CUST05444,25,Engineer,30789.35,2738.779167
CUST05446,54,Musician,21700.68,1904.39
CUST05447,34,Doctor,33777.11,2918.759167
CUST05449,18,Scientist,22433.66,1574.471667
CUST05450,20,Accountant,8538.405,992.53375
CUST05451,35,Mechanic,106030.05,8628.8375
CUST05452,44,Scientist,31287.48,2858.29
CUST05453,27,Teacher,102910.11,8707.8425
CUST05454,34,Writer,40032.16,3465.013333
CUST05455,43,Media_Manager,38377.92,3241.16
CUST05456,23,Media_Manager,9691.01,622.5841667
CUST05457,49,Manager,73400.58,5957.715
CUST05458,38,Doctor,40026.12,3193.51
CUST05459,18,Manager,19098.69,1509.5575
CUST05460,48,Media_Manager,31086.42,2534.535
CUST05461,38,Manager,36238.86,3095.905
CUST05462,54,Engineer,117851.07,9870.9225
CUST05463,39,Accountant,9084.52,856.0433333
CUST05464,45,Scientist,72309.42,6135.785
CUST05465,18,Journalist,172074.88,14238.57333
CUST05466,41,Teacher,32854.74,2452.895
CUST05467,41,Mechanic,39231.42,3202.285
CUST05468,52,Mechanic,43249.78,3538.148333
CUST05469,44,Mechanic,79980.52,6712.043333
CUST05470,25,Accountant,9166.465,517.8720833
CUST05471,55,Mechanic,69388.26,5543.355
CUST05472,35,Architect,85325.24,7395.436667
CUST05473,38,Developer,93189.93,8037.8275
CUST05475,28,Writer,40972.04,3623.336667
CUST05476,28,Media_Manager,14383.03,1109.585833
CUST05477,43,Media_Manager,20889.64,1616.803333
CUST05478,37,Journalist,13315.2,1307.6
CUST05479,50,Mechanic,21751.53,2002.6275
CUST05480,26,Journalist,9852.775,1102.064583
CUST05481,31,Scientist,42122.43,3451.2025
CUST05482,20,Accountant,37607.28,2842.94
CUST05483,36,Doctor,59658.09,5250.5075
CUST05484,39,Media_Manager,34625.24,3006.436667
CUST05485,33,Doctor,19068.01,1413.000833
CUST05486,55,Engineer,29616.72,2187.06
CUST05487,26,Mechanic,32835.91,2499.325833
CUST05488,29,Engineer,19159.565,1385.630417
CUST05489,25,Entrepreneur,18309.54,1301.795
CUST05490,43,Accountant,80754.16,6692.513333
CUST05491,37,Doctor,14951.22,1214.935
CUST05492,40,Media_Manager,15723.515,1173.292917
CUST05493,39,Architect,14497.4,1040.116667
CUST05494,27,Accountant,34946.42,2635.201667
CUST05495,35,Manager,16253.0,1620.416667
CUST05496,22,Architect,35304.41,3132.034167
CUST05497,28,Media_Manager,66823.12,5368.593333
CUST05498,32,Doctor,18514.92,1660.91
CUST05499,37,Manager,87246.15,7564.5125
CUST05500,17,Doctor,10181.5,689.4583333
CUST05501,24,Accountant,18963.65,1794.304167
CUST05502,28,Accountant,19127.84,1440.986667
CUST05503,21,Entrepreneur,85019.76,6788.98
CUST05504,42,Mechanic,84907.68,7178.64
CUST05505,36,Teacher,19744.64,1451.386667
CUST05506,30,Writer,79005.0,6860.75
CUST05507,45,Writer,65558.36,5715.196667
CUST05508,20,Writer,14384.4,1218.7
CUST05509,26,Manager,107437.53,8665.1275
CUST05510,45,Engineer,7630.57,910.8808333
CUST05511,41,Media_Manager,16734.13,1429.510833
CUST05512,36,Engineer,121813.72,9866.143333
CUST05514,31,Journalist,130782.4,10773.53333
CUST05515,47,Media_Manager,48698.78,3865.231667
CUST05516,38,Engineer,81199.04,6683.586667
CUST05517,40,Lawyer,31490.63,2766.219167
CUST05518,41,Lawyer,42708.16,3595.013333
CUST05519,20,Manager,141688.28,11574.35667
CUST05520,40,Developer,19125.48,1573.79
CUST05521,35,Lawyer,17501.4,1351.45
CUST05522,44,Media_Manager,44915.91,3138.630939
CUST05523,31,Journalist,32599.32,2445.61
CUST05525,37,Engineer,7183.53,574.6275
CUST05526,52,Entrepreneur,21568.28,1606.356667
CUST05527,43,Journalist,99618.84,8238.57
CUST05528,43,Accountant,16595.94,1175.995
CUST05529,25,Musician,51711.96,4094.33
CUST05530,25,Developer,45652.17,3888.3475
CUST05531,42,Teacher,16084.71,1514.3925
CUST05532,28,Architect,118763.0,9962.916667
CUST05533,48,Media_Manager,26440.13,2173.344167
CUST05534,39,Writer,10737.365,884.7804167
CUST05535,38,Media_Manager,143823.12,11901.26
CUST05536,23,Writer,20172.2,1668.016667
CUST05537,42,Doctor,38873.66,3239.471667
CUST05538,45,Scientist,19267.27,1374.605833
CUST05539,22,Media_Manager,50391.24,4466.27
CUST05540,25,Architect,42918.75,3295.5625
CUST05541,30,Doctor,59018.58,4694.215
CUST05542,25,Manager,66376.28,5723.356667
CUST05543,22,Doctor,13100.02,1246.668333
CUST05544,34,Musician,99955.08,8388.59
CUST05545,32,Manager,56978.79,4742.2325
CUST05546,21,Engineer,132174.64,10999.55333
CUST05547,36,Mechanic,14981.39,1461.449167
CUST05548,35,Developer,88940.76,7406.73
CUST05549,18,Journalist,72245.76,5549.529946
CUST05550,36,Writer,28455.14,2524.261667
CUST05551,40,Manager,159032.52,13382.71
CUST05552,35,Entrepreneur,29327.1,2457.925
CUST05553,32,Manager,40550.16,3333.18
CUST05554,18,Writer,176295.0,14960.25
CUST05555,38,Journalist,18692.02,1622.668333
CUST05556,44,Scientist,16167.61,1548.300833
CUST05557,41,Teacher,33606.82,3025.568333
CUST05558,30,Media_Manager,17905.56,1450.13
CUST05559,42,Doctor,8835.54,706.295
CUST05560,40,Mechanic,58416.36,4877.03
CUST05561,29,Accountant,31920.78,2690.065
CUST05562,29,Doctor,32438.59,2811.215833
CUST05563,31,Entrepreneur,7230.615,821.55125
CUST05564,54,Journalist,33103.85,2512.654167
CUST05565,32,Architect,16276.325,1210.360417
CUST05566,36,Architect,80247.24,6622.27
CUST05567,26,Journalist,31113.36,2780.78
CUST05568,49,Journalist,81254.12,6696.176667
CUST05570,44,Journalist,34980.94,2653.078333
CUST05571,31,Scientist,95187.6,7912.3
CUST05572,29,Engineer,129800.32,11104.69333
CUST05573,51,Scientist,44835.39,3538.2825
CUST05574,18,Teacher,44806.6,4031.883333
CUST05575,18,Engineer,39503.02,3525.918333
CUST05576,27,Media_Manager,7055.84,732.9866667
CUST05577,48,Mechanic,18622.57,1766.880833
CUST05578,21,Musician,64662.04,5532.503333
CUST05579,42,Scientist,11115.32,648.2766667
CUST05580,31,Teacher,16972.37,1378.364167
CUST05581,22,Writer,144423.72,11953.31
CUST05582,52,Mechanic,38041.56,2972.13
CUST05583,25,Writer,35913.64,3015.803333
CUST05584,37,Writer,14025.885,876.82375
CUST05585,36,Architect,40327.81,3450.650833
CUST05586,31,Developer,78339.66,6562.305
CUST05587,46,Architect,122364.84,10078.07
CUST05588,37,Lawyer,38554.72,3083.893333
CUST05589,47,Journalist,59775.24,5259.27
CUST05590,42,Musician,27265.17,2411.0975
CUST05591,45,Writer,56705.7,4955.475
CUST05592,22,Scientist,38535.5,3422.291667
CUST05593,19,Journalist,10172.08,997.6733333
CUST05594,44,Musician,8083.345,738.6120833
CUST05595,19,Manager,17923.05,1663.5875
CUST05596,27,Lawyer,36963.89,2902.324167
CUST05597,47,Developer,105816.45,8977.0375
CUST05598,52,Entrepreneur,36064.74,2711.395
CUST05599,25,Architect,81779.54,6601.961667
CUST05600,26,Mechanic,59112.81,4802.0675
CUST05601,31,Engineer,35300.5,2972.708333
CUST05602,44,Developer,82920.2,7201.016667
CUST05603,51,Entrepreneur,102737.64,8497.47
CUST05604,20,Journalist,52104.0,4509.0
CUST05605,35,Teacher,144051.84,11992.32
CUST05606,30,Developer,30643.51,2703.625833
CUST05608,45,Writer,49140.87,4377.0725
CUST05609,31,Manager,16892.1,1662.675
CUST05610,55,Musician,30834.28,2471.523333
CUST05611,41,Accountant,68291.7,5414.975
CUST05612,53,Doctor,26766.06,2356.505
CUST05613,26,Lawyer,40031.94,3473.995
CUST05614,36,Scientist,101565.68,8435.806667
CUST05615,27,Lawyer,97900.4,8279.366667
CUST05616,43,Doctor,32119.36,2688.613333
CUST05617,37,Mechanic,70058.88,5990.24
CUST05618,20,Architect,18214.08,1737.84
CUST05619,25,Engineer,14058.75,1367.5625
CUST05620,41,Architect,18823.32,1423.61
CUST05621,49,Scientist,28101.46,2389.788333
CUST05622,33,Musician,26886.51,2517.5425
CUST05623,20,Developer,18642.75,1706.5625
CUST05625,43,Engineer,59695.36,5119.613333
CUST05626,18,Entrepreneur,20138.87,1524.239167
CUST05627,31,Teacher,8535.405,611.28375
CUST05628,37,Entrepreneur,59665.2,4870.1
CUST05630,43,Manager,20957.27,1990.439167
CUST05631,30,Writer,59730.57,5167.5475
CUST05632,46,Entrepreneur,25759.24,2007.603333
CUST05633,42,Doctor,15766.76,1288.896667
CUST05634,24,Scientist,43239.81,3432.3175
CUST05635,41,Mechanic,8128.965,688.41375
CUST05636,38,Entrepreneur,19592.58,1405.715
CUST05637,27,Journalist,35842.83,3172.9025
CUST05638,28,Developer,63455.1,5327.925
CUST05639,20,Media_Manager,71892.94,6007.078333
CUST05640,41,Developer,18668.09,1735.674167
CUST05641,31,Accountant,30000.82,2213.068333
CUST05642,39,Media_Manager,136812.04,11572.00333
CUST05643,18,Teacher,127464.8,10572.06667
CUST05644,21,Scientist,71507.36,6072.946667
CUST05645,37,Mechanic,116798.36,9912.196667
CUST05646,33,Mechanic,71565.54,6161.795
CUST05647,43,Media_Manager,33343.64,3042.636667
CUST05648,42,Manager,40612.16,3599.346667
CUST05649,40,Architect,58651.88,4621.656667
CUST05650,19,Lawyer,17585.29,1571.440833
CUST05651,45,Manager,15191.03,1523.919167
CUST05653,39,Teacher,83418.18,7113.515
CUST05655,39,Developer,20422.48,1442.873333
CUST05656,36,Journalist,16633.78,1613.148333
CUST05657,31,Journalist,93256.68,7697.39
CUST05658,38,Lawyer,68131.8,5801.65
CUST05660,35,Musician,38555.62,3292.968333
CUST05661,29,Lawyer,102215.61,8482.9675
CUST05662,52,Manager,85498.65,7313.8875
CUST05663,33,Scientist,15330.755,1089.562917
CUST05664,53,Developer,138806.88,11661.24
CUST05665,40,Entrepreneur,61228.6,4876.383333
CUST05666,21,Teacher,7085.39,668.4491667
CUST05667,20,Mechanic,20638.155,1815.84625
CUST05668,22,Mechanic,20336.52,1587.71
CUST05669,43,Teacher,12291.445,923.2870833
CUST05670,41,Architect,142001.12,12002.42667
CUST05671,42,Musician,63473.68,5237.473333
CUST05672,32,Engineer,51715.68,4529.64
CUST05673,45,Journalist,37618.3,3285.858333
CUST05674,19,Architect,59923.89,4783.6575
CUST05675,25,Scientist,8167.74,771.645
CUST05676,31,Scientist,57150.74,4863.561667
CUST05677,22,Teacher,8749.465,585.1220833
CUST05678,24,Doctor,127014.28,10870.52333
CUST05679,32,Entrepreneur,42250.77,3363.8975
CUST05680,21,Scientist,20734.2,1970.85
CUST05681,54,Journalist,127617.6,10596.8
CUST05682,35,Lawyer,17572.045,1604.337083
CUST05683,22,Teacher,71010.44,5667.536667
CUST05684,31,Writer,10216.36,679.3633333
CUST05685,38,Manager,76644.16,6156.013333
CUST05687,21,Accountant,42165.91,3658.825833
CUST05688,45,Doctor,80815.4,6862.616667
CUST05689,46,Doctor,120171.48,9933.29
CUST05690,42,Mechanic,10227.655,771.3045833
CUST05691,28,Writer,81892.68,7112.39
CUST05692,32,Manager,36136.49,3030.374167
CUST05693,46,Scientist,67361.38,5497.448333
CUST05694,32,Mechanic,43985.8,3898.483333
CUST05695,21,Developer,17137.57,1617.130833
CUST05696,45,Manager,74106.94,5902.578333
CUST05697,28,Mechanic,80235.27,6684.2725
CUST05699,32,Entrepreneur,118080.4,9899.033333
CUST05700,47,Manager,134533.32,11114.11
CUST05701,21,Musician,88434.96,7478.58
CUST05702,43,Manager,122307.96,10230.33
CUST05703,30,Media_Manager,15548.34,1291.695
CUST05704,25,Mechanic,93106.05,7629.8375
CUST05705,44,Journalist,84673.2,7153.1
CUST05706,49,Architect,36377.09,3146.424167
CUST05707,36,Entrepreneur,17394.32,1237.526667
CUST05708,25,Manager,51557.73,4479.4775
CUST05709,34,Developer,99403.32,8347.61
CUST05710,32,Writer,16586.58,1470.215
CUST05711,33,Engineer,22007.11,1983.925833
CUST05712,34,Musician,8391.185,488.2654167
CUST05713,52,Entrepreneur,68763.14,5520.261667
CUST05714,46,Doctor,34209.8,2747.816667
CUST05715,18,Architect,84738.63,7292.5525
CUST05716,23,Entrepreneur,41153.9,3322.491667
CUST05717,22,Mechanic,89254.77,7227.8975
CUST05718,52,Accountant,77034.0,6301.5
CUST05719,53,Teacher,99868.83,8332.4025
CUST05720,38,Scientist,31372.54,2741.378333
CUST05721,29,Mechanic,20024.17,1544.680833
CUST05722,17,Entrepreneur,62717.24,5035.436667
CUST05723,20,Writer,56192.32,4676.693333
CUST05725,27,Lawyer,62276.37,5249.6975
CUST05726,19,Musician,67730.0,5697.166667
CUST05728,25,Teacher,114224.24,9459.686667
CUST05729,41,Scientist,178969.48,14647.12333
CUST05730,18,Entrepreneur,87746.92,7411.243333
CUST05731,48,Architect,58366.22,5041.851667
CUST05732,41,Developer,16757.525,1131.460417
CUST05733,40,Teacher,95846.49,8264.2075
CUST05734,29,Journalist,42316.4,3627.366667
CUST05735,42,Developer,18648.38,1804.031667
CUST05736,21,Mechanic,143802.44,11879.53667
CUST05737,39,Accountant,31407.1,2615.258333
CUST05738,29,Manager,9183.32,769.2766667
CUST05739,24,Journalist,31227.35,2547.279167
CUST05740,42,Journalist,10462.585,893.8820833
CUST05741,39,Media_Manager,79357.14,6703.095
CUST05742,31,Architect,88533.27,7323.7725
CUST05743,55,Scientist,39487.82,3333.651667
CUST05744,37,Entrepreneur,19010.58,1845.215
CUST05745,41,Engineer,33287.12,2844.926667
CUST05746,34,Engineer,25042.69,2208.890833
CUST05749,30,Doctor,27354.48,2526.54
CUST05750,32,Journalist,135107.76,11276.98
CUST05751,52,Mechanic,49937.4,4079.45
CUST05752,29,Scientist,87902.13,7471.1775
CUST05753,31,Manager,20625.07,1619.755833
CUST05754,41,Developer,99340.08,8506.34
CUST05755,26,Engineer,122705.73,10049.4775
CUST05756,53,Scientist,134790.56,11053.54667
CUST05757,51,Accountant,14730.78,1507.565
CUST05758,21,Doctor,114948.0,9799.0
CUST05759,26,Developer,10813.53,1149.1275
CUST05760,41,Accountant,75776.55,6580.7125
CUST05761,26,Journalist,18515.18,1651.931667
CUST05762,23,Entrepreneur,33494.58,2754.215
CUST05763,37,Lawyer,86771.08,7174.923333
CUST05764,37,Engineer,57227.04,4561.92
CUST05765,45,Developer,21426.07,1511.505833
CUST05766,19,Writer,7689.5,806.7916667
CUST05767,48,Accountant,143961.64,12106.80333
CUST05768,49,Accountant,89427.12,7485.26
CUST05769,41,Lawyer,18280.185,1498.34875
CUST05770,36,Entrepreneur,77883.54,6290.295
CUST05771,41,Engineer,7020.545,431.0454167
CUST05772,49,Writer,39398.74,3002.228333
CUST05773,49,Manager,72099.14,6079.261667
CUST05774,20,Scientist,14273.35,1387.445833
CUST05775,53,Accountant,63402.48,5574.54
CUST05776,39,Lawyer,155673.16,13044.76333
CUST05777,22,Mechanic,10503.925,986.3270833
CUST05778,25,Mechanic,88215.03,7356.2525
CUST05779,27,Scientist,18184.99,1336.415833
CUST05780,25,Lawyer,49125.57,4177.7975
CUST05781,50,Entrepreneur,109600.95,9336.4125
CUST05782,54,Doctor,24057.73,2279.810833
CUST05783,53,Accountant,16476.04,1106.003333
CUST05784,41,Entrepreneur,18869.78,1770.481667
CUST05785,30,Lawyer,19632.64,1537.053333
CUST05786,35,Entrepreneur,17263.94,1621.661667
CUST05787,38,Teacher,18409.79,1594.149167
CUST05788,37,Engineer,67556.8,5886.733333
CUST05789,30,Accountant,42900.21,3480.0175
CUST05790,19,Doctor,31041.46,2501.788333
CUST05791,22,Lawyer,173668.84,14293.40333
CUST05792,26,Writer,89956.16,7650.346667
CUST05793,36,Lawyer,64829.94,5571.495
CUST05794,27,Lawyer,34819.83,2689.6525
CUST05795,40,Accountant,10897.385,1029.115417
CUST05796,36,Lawyer,77631.28,6410.273333
CUST05797,48,Journalist,23627.63,1712.969167
CUST05798,36,Mechanic,18910.83,1609.9025
CUST05799,35,Entrepreneur,69601.24,5908.103333
CUST05800,23,Journalist,20324.355,1703.69625
CUST05801,31,Developer,35452.34,3209.361667
CUST05802,32,Accountant,21366.12,1769.51
CUST05803,25,Architect,31937.62,2394.468333
CUST05804,26,Accountant,92565.81,7870.8175
CUST05805,48,Writer,97164.6,8167.05
CUST05807,18,Teacher,140875.88,11490.65667
CUST05808,23,Accountant,16827.645,1486.30375
CUST05809,28,Journalist,81610.44,6509.87
CUST05811,44,Teacher,19675.25,1450.604167
CUST05812,20,Engineer,56390.0,4743.166667
CUST05813,54,Accountant,39323.54,3160.961667
CUST05814,42,Engineer,70580.16,5991.68
CUST05815,40,Doctor,87792.39,7448.0325
CUST05816,19,Engineer,15577.01,1383.084167
CUST05817,53,Mechanic,41794.32,3347.86
CUST05819,54,Doctor,43609.13,3420.094167
CUST05820,53,Architect,110443.2,9398.6
CUST05821,20,Architect,17804.96,1246.746667
CUST05822,24,Developer,39323.36,3467.946667
CUST05823,32,Accountant,43450.25,3711.854167
CUST05824,24,Developer,43904.46,3934.705
CUST05826,36,Media_Manager,99952.32,8120.36
CUST05827,40,Architect,27377.06,1989.421667
CUST05828,34,Scientist,15815.22,1241.935
CUST05829,44,Manager,16231.115,1300.592917
CUST05830,51,Media_Manager,20199.46,1520.288333
CUST05831,23,Mechanic,71096.02,6140.668333
CUST05833,19,Teacher,130045.95,11053.1625
CUST05834,46,Teacher,83718.12,6744.51
CUST05835,44,Engineer,66940.62,5717.385
CUST05836,52,Journalist,36849.91,3355.825833
CUST05837,19,Engineer,62337.42,5236.785
CUST05838,44,Mechanic,19092.585,1300.04875
CUST05839,39,Mechanic,20877.69,1855.8075
CUST05840,22,Architect,37755.92,2979.326667
CUST05842,54,Lawyer,20867.67,1695.9725
CUST05843,32,Writer,73615.36,5998.613333
CUST05844,35,Architect,56831.76,4627.98
CUST05845,31,Doctor,36463.21,2947.600833
CUST05846,45,Architect,80392.84,6633.403333
CUST05847,24,Musician,17641.46,1703.121667
CUST05848,32,Musician,29101.2,2709.1
CUST05849,31,Scientist,19167.22,1786.268333
CUST05850,47,Mechanic,130832.37,11007.6975
CUST05851,55,Scientist,117955.38,9859.615
CUST05852,17,Teacher,15157.25,1092.104167
CUST05853,50,Developer,30373.35,2495.1125
CUST05854,53,Media_Manager,22084.56,1743.38
CUST05855,24,Media_Manager,18735.98,1776.331667
CUST05857,26,Teacher,88400.97,7498.7475
CUST05858,22,Doctor,29146.6,2561.883333
CUST05859,28,Manager,155911.4,13246.61667
CUST05860,23,Mechanic,28578.92,2627.576667
CUST05861,25,Developer,19137.3,1871.775
CUST05862,51,Teacher,22229.37,1727.4475
CUST05863,47,Media_Manager,110608.83,9434.4025
CUST05864,30,Lawyer,34308.05,2718.004167
CUST05865,38,Musician,20547.59,1479.299167
CUST05866,44,Scientist,83083.59,6681.6325
CUST05867,40,Media_Manager,81047.56,6565.963333
CUST05868,29,Doctor,78809.88,6341.49
CUST05869,22,Writer,60401.4,5163.45
CUST05872,24,Lawyer,43608.18,3531.015
CUST05873,29,Engineer,21803.325,1765.94375
CUST05874,20,Mechanic,39052.47,3075.46491
CUST05875,25,Journalist,45765.12,3677.76
CUST05877,25,Developer,37346.16,3028.18
CUST05878,29,Manager,13590.595,1294.549583
CUST05879,45,Entrepreneur,63306.54,5260.545
CUST05880,32,Engineer,112287.88,9168.323333
CUST05881,43,Writer,13838.18,1420.181667
CUST05882,36,Musician,17553.22,1343.768333
CUST05883,46,Accountant,115556.37,9617.6975
CUST05884,40,Scientist,131865.0,11158.75
CUST05886,45,Manager,54758.55,4730.2125
CUST05887,24,Entrepreneur,59807.61,4976.9675
CUST05888,34,Lawyer,38444.52,2975.71
CUST05889,44,Media_Manager,14266.53,1071.8775
CUST05890,25,Mechanic,69761.43,5654.4525
CUST05891,33,Musician,134341.05,11116.0875
CUST05892,27,Scientist,125141.22,10181.435
CUST05893,18,Manager,26612.6,2459.716667
CUST05894,31,Accountant,159319.92,13040.66
CUST05895,23,Architect,13231.53,1379.6275
CUST05896,29,Journalist,68122.46,5424.871667
CUST05897,43,Writer,19337.16,1463.43
CUST05898,34,Engineer,14132.77,894.7308333
CUST05899,27,Scientist,43139.76,3594.98
CUST05900,49,Media_Manager,70793.38,6103.448333
CUST05901,43,Developer,33029.66,2766.471667
CUST05902,36,Lawyer,22312.07,2013.339167
CUST05903,37,Mechanic,9530.69,883.2241667
CUST05904,48,Manager,116396.67,9501.7225
CUST05905,36,Teacher,38978.06,3306.171667
CUST05906,44,Architect,17327.28,1716.94
CUST05907,37,Engineer,57459.36,4839.28
CUST05908,22,Engineer,10885.15,611.0958333
CUST05909,44,Writer,51676.26,4455.355
CUST05910,21,Manager,58452.18,4676.015
CUST05911,54,Journalist,28893.09,2295.7575
CUST05912,41,Developer,12162.055,805.5045833
CUST05913,21,Doctor,147819.96,12452.33
CUST05914,40,Mechanic,124106.04,10596.17
CUST05915,40,Entrepreneur,43771.85,3600.654167
CUST05916,34,Accountant,37898.34,3244.195
CUST05917,55,Doctor,22133.01,1583.4175
CUST05918,41,Entrepreneur,43892.31,3798.6925
CUST05919,35,Doctor,31341.98,2571.831667
CUST05920,36,Journalist,17943.885,1548.32375
CUST05921,29,Writer,22709.37,2115.4475
CUST05922,37,Doctor,18661.91,1305.159167
CUST05923,27,Teacher,22846.31,2166.859167
CUST05924,25,Architect,26649.48,2040.79
CUST05925,30,Accountant,9765.685,579.8070833
CUST05926,20,Lawyer,94465.32,8043.11
CUST05927,19,Engineer,29489.63,2679.469167
CUST05929,30,Entrepreneur,17569.87,1216.155833
CUST05930,25,Musician,118124.48,9559.706667
CUST05931,25,Manager,15648.85,1413.070833
CUST05932,52,Developer,28127.13,2579.9275
CUST05933,18,Accountant,28876.41,2682.3675
CUST05934,31,Accountant,17583.65,1177.304167
CUST05935,20,Scientist,16038.68,1538.556667
CUST05936,22,Writer,11980.385,1030.365417
CUST05937,23,Architect,33470.66,2562.221667
CUST05938,39,Architect,110398.14,9007.845
CUST05939,43,Musician,31081.62,2305.135
CUST05940,22,Musician,31795.08,2514.59
CUST05941,29,Writer,18431.53,1401.960833
CUST05942,28,Accountant,38305.28,3273.106667
CUST05943,28,Doctor,71169.3,6137.775
CUST05945,45,Accountant,56831.7,4919.975
CUST05946,24,Mechanic,21719.9,2016.991667
CUST05947,18,Engineer,118042.88,9823.906667
CUST05948,45,Teacher,8816.71,820.7258333
CUST05949,38,Journalist,39014.5,3456.208333
CUST05950,32,Engineer,32473.0,2797.083333
CUST05951,43,Scientist,80370.32,6856.526667
CUST05952,33,Media_Manager,76448.44,6134.703333
CUST05953,32,Scientist,35589.97,2794.830833
CUST05954,31,Journalist,33470.43,2744.2025
CUST05955,25,Mechanic,123050.2,10178.18333
CUST05956,33,Engineer,15717.275,1270.772917
CUST05957,20,Mechanic,22728.9,1773.075
CUST05958,18,Entrepreneur,74800.0,5967.333333
CUST05959,38,Mechanic,39102.56,3012.546667
CUST05960,41,Manager,8135.855,486.9879167
CUST05961,51,Manager,24749.2,2142.433333
CUST05962,27,Entrepreneur,29453.84,2227.486667
CUST05963,28,Journalist,15701.525,1316.460417
CUST05965,30,Teacher,18390.3,1626.525
CUST05966,47,Teacher,30162.35,2501.529167
CUST05967,30,Writer,52046.28,4067.19
CUST05968,35,Writer,20295.67,1473.305833
CUST05969,23,Writer,41694.36,3595.53
CUST05970,38,Writer,40085.46,3455.455
CUST05971,38,Manager,9917.025,1099.41875
CUST05972,23,Entrepreneur,99237.75,8288.8125
CUST05973,43,Engineer,67930.88,5729.906667
CUST05974,31,Teacher,36707.7,3052.975
CUST05975,52,Musician,40428.66,3553.055
CUST05976,26,Scientist,40255.56,3323.63
CUST05977,33,Doctor,9015.625,1019.302083
CUST05978,28,Lawyer,105565.71,8813.1425
CUST05980,22,Entrepreneur,70361.76,5657.48
CUST05981,23,Writer,16105.04,1562.086667
CUST05982,47,Lawyer,19749.315,1635.77625
CUST05983,53,Mechanic,74366.94,6380.245
CUST05984,45,Developer,8071.24,493.6033333
CUST05985,31,Manager,17091.96,1182.33
CUST05986,22,Developer,29960.97,2240.7475
CUST05987,22,Lawyer,9313.8,1019.15
CUST05988,28,Musician,32613.68,2696.806667
CUST05989,22,Architect,57586.82,4789.901667
CUST05990,45,Developer,11646.925,1135.577083
CUST05991,54,Journalist,22434.16,2060.513333
CUST05992,19,Mechanic,15411.93,1255.3275
CUST05994,29,Writer,39566.48,3050.206667
CUST05995,40,Scientist,58596.3,4976.025
CUST05996,43,Lawyer,28716.0,2569.0
CUST05997,18,Doctor,19125.75,1437.8125
CUST05998,24,Lawyer,111845.6,9174.466667
CUST05999,31,Accountant,20168.99,1781.749167
CUST06000,41,Mechanic,17908.01,1316.334167
CUST06001,42,Doctor,18202.235,1259.852917
CUST06002,26,Scientist,35038.35,3156.8625
CUST06003,37,Mechanic,84215.13,6832.9275
CUST06004,18,Teacher,14020.86,1241.405
CUST06005,20,Musician,103007.7,8637.975
CUST06006,24,Writer,69740.96,5926.746667
CUST06007,30,Architect,10455.875,729.3229167
CUST06008,25,Lawyer,20099.99,1637.999167
CUST06009,43,Teacher,115379.64,9722.97
CUST06010,28,Media_Manager,50493.8,4231.816667
CUST06011,26,Media_Manager,59505.12,4898.76
CUST06012,36,Doctor,56169.54,4763.795
CUST06013,37,Lawyer,8058.875,508.5729167
CUST06015,37,Developer,8475.375,653.28125
CUST06016,29,Entrepreneur,93363.45,8019.2875
CUST06017,26,Scientist,26013.73,1904.810833
CUST06018,48,Mechanic,97609.35,8201.1125
CUST06019,24,Teacher,100713.72,8401.81
CUST06020,23,Lawyer,31182.38,2569.531667
CUST06021,37,Engineer,55071.72,4524.31
CUST06023,37,Musician,15597.31,1456.775833
CUST06024,49,Lawyer,36535.57,3114.630833
CUST06025,41,Engineer,15957.41,1039.784167
CUST06026,45,Musician,9857.29,849.4408333
CUST06027,32,Entrepreneur,112990.08,9349.84
CUST06028,32,Lawyer,12426.29,939.5241667
CUST06029,19,Lawyer,14774.495,1374.207917
CUST06030,43,Media_Manager,100536.2,8310.016667
CUST06031,21,Scientist,43925.88,3889.49
CUST06032,27,Lawyer,20434.595,1993.882917
CUST06033,34,Doctor,8170.725,618.89375
CUST06034,28,Entrepreneur,121933.2,10238.1
CUST06035,46,Engineer,42024.21,3695.0175
CUST06036,37,Doctor,119005.6,10193.13333
CUST06037,33,Scientist,42515.6,3447.966667
CUST06038,31,Engineer,15330.305,1135.525417
CUST06039,32,Developer,14126.68,1374.223333
CUST06040,26,Engineer,15135.3,1264.275
CUST06041,44,Developer,31752.1,2765.008333
CUST06042,43,Scientist,53146.47,4665.8725
CUST06043,34,Architect,14691.485,928.2904167
CUST06044,18,Architect,41188.92,3515.41
CUST06045,25,Scientist,33455.64,2946.97
CUST06046,19,Architect,19575.89,1559.324167
CUST06047,32,Entrepreneur,80394.72,6639.56
CUST06048,43,Media_Manager,20159.39,1403.949167
CUST06049,43,Manager,61955.82,5423.985
CUST06050,47,Accountant,148570.8,12370.9
CUST06051,22,Doctor,7664.42,382.7016667
CUST06052,27,Musician,20273.53,1427.460833
CUST06053,53,Journalist,43220.64,3702.72
CUST06054,53,Journalist,49962.42,4007.535
CUST06055,36,Engineer,19773.56,1939.796667
CUST06056,53,Writer,35664.72,3258.06
CUST06057,39,Teacher,14210.27,1287.189167
CUST06058,36,Manager,10112.045,521.3610653
CUST06059,54,Entrepreneur,32227.77,2494.6475
CUST06060,25,Musician,33101.56,2989.463333
CUST06061,31,Manager,46297.44,3806.12
CUST06062,34,Teacher,108361.32,8829.11
CUST06063,27,Developer,34762.98,2841.915
CUST06064,35,Writer,37579.75,2891.645833
CUST06065,46,Writer,22961.35,2138.445833
CUST06066,19,Developer,7908.935,644.0779167
CUST06067,22,Architect,33911.02,2999.918333
CUST06068,25,Developer,26921.13,2150.4275
CUST06069,21,Entrepreneur,56668.5,4996.375
CUST06070,31,Teacher,45109.52,4018.126667
CUST06071,21,Musician,126262.12,10475.84333
CUST06072,37,Teacher,15950.43,1127.2025
CUST06073,22,Musician,106168.77,8700.3975
CUST06074,39,Mechanic,37080.88,3347.073333
CUST06075,49,Engineer,31653.01,2478.750833
CUST06076,31,Journalist,65498.88,5409.24
CUST06077,32,Writer,38364.56,2901.046667
CUST06078,37,Scientist,59319.42,4760.285
CUST06079,33,Media_Manager,114004.84,9295.403333
CUST06080,40,Musician,53152.0,4157.333333
CUST06081,26,Teacher,16945.21,1157.100833
CUST06082,26,Teacher,7569.055,650.7545833
CUST06083,30,Teacher,44982.74,3774.561667
CUST06084,44,Lawyer,42311.16,3759.93
CUST06085,27,Scientist,16974.83,1527.569167
CUST06086,51,Scientist,90960.56,7498.046667
CUST06087,41,Scientist,20328.25,1561.020833
CUST06088,17,Writer,73049.36,6047.446667
CUST06089,44,Journalist,63382.56,4996.88
CUST06090,19,Media_Manager,108782.52,9019.21
CUST06091,47,Musician,30564.65,2554.054167
CUST06092,21,Media_Manager,35329.84,2819.153333
CUST06093,17,Journalist,8205.14,962.7616667
CUST06094,31,Journalist,22229.06,1672.421667
CUST06095,51,Accountant,44551.13,3539.594167
CUST06096,38,Scientist,32955.92,2890.326667
CUST06097,38,Doctor,65671.98,5191.665
CUST06098,24,Mechanic,19070.065,1411.172083
CUST06099,45,Accountant,28566.01,2385.500833
CUST06100,21,Accountant,7698.58,731.5483333
CUST06101,45,Lawyer,9856.98,754.415
CUST06103,36,Teacher,62953.95,5544.1625
CUST06104,24,Developer,58162.12,4942.843333
CUST06105,31,Writer,30638.93,2801.244167
CUST06106,29,Accountant,8333.545,698.4620833
CUST06107,45,Architect,132314.44,10973.20333
CUST06108,41,Scientist,93196.41,7991.3675
CUST06109,46,Writer,119885.44,10140.45333
CUST06110,25,Accountant,88581.48,7438.79
CUST06112,54,Lawyer,17934.895,1316.574583
CUST06113,50,Media_Manager,102940.53,8729.3775
CUST06114,28,Engineer,142277.72,12004.47667
CUST06115,38,Manager,39994.31,3463.859167
CUST06116,37,Teacher,16580.73,1332.7275
CUST06117,23,Developer,30370.09,2266.840833
CUST06118,37,Writer,19740.04,1769.003333
CUST06119,36,Entrepreneur,131165.24,10746.43667
CUST06120,24,Accountant,112882.68,9684.89
CUST06121,43,Writer,98112.03,8417.0025
CUST06122,39,Writer,16582.94,1259.911667
CUST06123,32,Engineer,19487.775,1784.98125
CUST06124,36,Developer,27113.76,1962.48
CUST06125,27,Lawyer,32370.6,2862.55
CUST06126,49,Lawyer,31638.5,2418.541667
CUST06127,33,Doctor,19123.56,1804.63
CUST06128,41,Teacher,115810.56,9364.88
CUST06129,38,Scientist,19815.44,1947.286667
CUST06130,41,Manager,122426.2,10431.18333
CUST06131,32,Lawyer,16383.26,1315.271667
CUST06132,32,Scientist,35229.28,3131.773333
CUST06133,24,Writer,34566.0,2636.5
CUST06134,36,Developer,48646.5,4230.875
CUST06135,42,Engineer,42265.53,3297.1275
CUST06136,30,Writer,20479.75,1629.645833
CUST06137,46,Accountant,37731.42,3206.285
CUST06138,43,Architect,8381.195,627.4329167
CUST06139,27,Journalist,44657.68,3725.473333
CUST06140,22,Media_Manager,12860.695,1348.724583
CUST06141,55,Manager,107193.88,7925.785172
CUST06142,18,Doctor,25994.56,2349.213333
CUST06143,29,Musician,125456.44,10544.70333
CUST06144,18,Entrepreneur,46107.16,4048.263333
CUST06145,30,Architect,30383.36,2821.946667
CUST06147,27,Journalist,59247.0,4782.25
CUST06148,19,Writer,78208.96,6595.413333
CUST06149,19,Mechanic,19797.56,1856.796667
CUST06150,38,Writer,32579.0,2473.916667
CUST06151,35,Writer,75306.68,6327.556667
CUST06152,24,Lawyer,91019.19,7321.9325
CUST06153,21,Architect,25433.4,1949.45
CUST06154,21,Accountant,18738.44,1411.536667
CUST06155,50,Accountant,48615.22,3937.268333
CUST06156,29,Engineer,17816.79,1517.7325
CUST06157,29,Journalist,19606.68,1456.89
CUST06158,30,Lawyer,23317.74,2109.145
CUST06159,43,Entrepreneur,17286.51,1308.5425
CUST06160,34,Lawyer,17260.57,1347.380833
CUST06161,41,Architect,77245.47,6671.1225
CUST06162,17,Journalist,8220.625,588.0520833
CUST06163,54,Writer,80027.68,6652.973333
CUST06164,54,Musician,94639.11,7705.5925
CUST06165,46,Journalist,21252.83,1778.069167
CUST06166,40,Developer,59453.48,5105.456667
CUST06167,39,Scientist,77095.8,6395.65
CUST06168,21,Accountant,43729.32,3394.11
CUST06169,43,Journalist,33208.01,2494.334167
CUST06170,44,Writer,82934.76,6611.23
CUST06171,55,Journalist,31226.77,2878.230833
CUST06172,52,Architect,107280.66,8671.055
CUST06173,22,Developer,157299.48,13009.29
CUST06174,48,Engineer,28420.92,2355.41
CUST06175,40,Musician,17844.81,1309.0675
CUST06176,24,Musician,152947.12,12772.59333
CUST06177,36,Media_Manager,47458.54,3860.878333
CUST06178,18,Teacher,29258.69,2737.224167
CUST06179,24,Scientist,32669.33,2850.444167
CUST06180,19,Doctor,21153.98,1520.831667
CUST06181,45,Developer,71842.8,6101.9
CUST06182,23,Architect,19890.14,1595.511667
CUST06183,51,Teacher,39057.08,3502.756667
CUST06184,43,Teacher,8265.3,827.775
CUST06185,25,Manager,17965.72,1295.143333
CUST06186,21,Engineer,49675.38,4109.615
CUST06187,25,Accountant,41360.3,3424.691667
CUST06188,24,Engineer,42474.48,3556.54
CUST06189,37,Entrepreneur,71111.1,6113.925
CUST06190,44,Accountant,92561.2,7987.433333
CUST06191,53,Scientist,26693.06,2437.421667
CUST06192,18,Accountant,16310.84,1333.236667
CUST06193,31,Teacher,19077.25,1450.770833
CUST06194,54,Media_Manager,28105.59,2133.1325
CUST06195,36,Scientist,148729.12,12557.09333
CUST06196,31,Scientist,58765.53,5048.1275
CUST06197,41,Lawyer,22125.96,1632.83
CUST06198,30,Journalist,75354.48,6563.54
CUST06199,41,Writer,60106.11,4895.8425
CUST06200,26,Developer,30815.44,2753.953333
CUST06201,49,Writer,35139.27,2917.2725
CUST06203,32,Manager,20908.12,1652.343333
CUST06204,24,Media_Manager,90783.75,7727.3125
CUST06205,24,Engineer,56387.92,4514.993333
CUST06206,29,Musician,17943.38,1630.281667
CUST06207,39,Teacher,41771.88,3337.99
CUST06208,42,Lawyer,53876.88,4566.74
CUST06209,37,Teacher,87629.7,7334.475
CUST06210,24,Entrepreneur,14539.01,1077.584167
CUST06211,41,Doctor,56270.46,4836.205
CUST06212,18,Musician,17560.74,1244.395
CUST06213,54,Journalist,30412.85,2781.404167
CUST06214,34,Writer,9999.42,888.285
CUST06215,51,Writer,133424.52,11042.71
CUST06216,46,Accountant,22407.57,1677.2975
CUST06217,51,Lawyer,140357.32,11636.44333
CUST06218,20,Teacher,66061.04,5762.086667
CUST06219,27,Lawyer,38493.68,3060.806667
CUST06220,27,Musician,64425.78,5254.815
CUST06221,35,Doctor,147048.8,12299.06667
CUST06222,51,Media_Manager,21662.395,1616.199583
CUST06223,19,Teacher,125854.12,10583.84333
CUST06225,32,Manager,94609.02,7861.085
CUST06226,24,Scientist,28352.24,2385.686667
CUST06228,38,Mechanic,33002.23,2485.185833
CUST06229,44,Doctor,27597.71,2135.809167
CUST06230,24,Engineer,15875.55,1492.9625
CUST06231,33,Lawyer,19667.73,1594.9775
CUST06232,23,Accountant,38049.96,3132.83
CUST06233,25,Scientist,85721.82,7182.485
CUST06234,27,Musician,21060.63,1484.0525
CUST06235,46,Scientist,122658.64,10020.55333
CUST06236,23,Teacher,66250.64,5613.886667
CUST06237,49,Writer,17258.715,1691.22625
CUST06238,38,Entrepreneur,15251.19,1144.9325
CUST06239,38,Scientist,16046.49,1148.2075
CUST06240,48,Journalist,121503.72,10000.31
CUST06241,32,Mechanic,128501.8,10624.48333
CUST06242,35,Entrepreneur,8308.13,916.3441667
CUST06243,21,Journalist,25527.32,1937.276667
CUST06244,46,Writer,31029.87,2856.8225
CUST06245,46,Doctor,31501.87,2482.155833
CUST06246,20,Writer,131488.44,11031.37
CUST06247,37,Engineer,10189.235,557.1029167
CUST06248,38,Developer,15108.07,1098.005833
CUST06249,41,Scientist,45675.0,3635.25
CUST06250,17,Developer,35662.88,2696.906667
CUST06251,45,Journalist,7807.285,606.6070833
CUST06253,38,Media_Manager,27305.93,2289.494167
CUST06254,26,Accountant,17794.98,1666.915
CUST06255,29,Journalist,25145.36,2047.446667
CUST06256,20,Accountant,8373.24,429.77
CUST06257,32,Engineer,34433.04,2836.42
CUST06258,28,Teacher,20616.63,1784.0525
CUST06259,29,Architect,32842.44,2905.87
CUST06260,22,Manager,9155.455,470.9545833
CUST06261,30,Architect,40115.26,3263.938333
CUST06262,32,Mechanic,14834.98,1236.248333
CUST06263,43,Journalist,35871.7,3131.308333
CUST06264,35,Entrepreneur,58955.56,4686.963333
CUST06265,27,Teacher,16962.91,1359.575833
CUST06266,26,Accountant,28582.04,2103.836667
CUST06267,25,Media_Manager,14544.27,1395.0225
CUST06269,24,Doctor,8204.11,816.6758333
CUST06270,43,Media_Manager,45033.54,3860.795
CUST06271,24,Journalist,17613.49,1607.790833
CUST06272,25,Journalist,52454.79,4130.2325
CUST06273,21,Accountant,43062.54,3607.545
CUST06274,24,Developer,84127.96,6919.663333
CUST06275,26,Writer,21301.19,1626.099167
CUST06276,35,Musician,14390.16,1000.18
CUST06277,25,Entrepreneur,62854.98,5370.915
CUST06278,19,Musician,17951.715,1410.97625
CUST06279,53,Journalist,35812.34,3124.361667
CUST06280,20,Developer,83204.52,6831.71
CUST06281,23,Scientist,138395.0,11619.91667
CUST06282,43,Journalist,79172.08,6389.673333
CUST06283,41,Teacher,54491.84,4769.986667
CUST06284,33,Media_Manager,17224.395,1276.36625
CUST06285,30,Lawyer,38310.6,3371.55
CUST06286,35,Journalist,125264.96,10404.74667
CUST06287,53,Lawyer,97536.09,8255.0075
CUST06288,31,Teacher,106928.84,9110.736667
CUST06289,31,Doctor,39829.0,3146.083333
CUST06290,49,Developer,21623.465,1776.955417
CUST06291,18,Musician,35416.64,3091.386667
CUST06292,49,Doctor,88744.9,7180.408333
CUST06293,55,Journalist,88799.78,7265.981667
CUST06294,36,Musician,58604.32,4788.693333
CUST06295,47,Engineer,70164.9,5975.075
CUST06297,41,Musician,60986.49,5017.2075
CUST06298,40,Scientist,19181.27,1470.439167
CUST06299,46,Entrepreneur,70256.94,5888.745
CUST06300,43,Lawyer,29170.78,2588.898333
CUST06302,18,Lawyer,9635.555,1034.962917
CUST06303,41,Media_Manager,74961.78,6492.815
CUST06304,27,Lawyer,11654.425,945.2020833
CUST06305,28,Developer,179193.76,14867.81333
CUST06306,54,Accountant,150755.48,12764.95667
CUST06307,23,Teacher,90216.75,7487.0625
CUST06308,51,Mechanic,44184.71,3798.059167
CUST06309,46,Entrepreneur,36665.05,2911.420833
CUST06310,35,Doctor,17247.71,1508.309167
CUST06311,35,Journalist,21945.825,1979.81875
CUST06312,40,Lawyer,28278.99,2293.5825
CUST06313,47,Journalist,68590.02,5757.835
CUST06314,25,Accountant,48008.07,4135.6725
CUST06315,39,Manager,70544.38,5596.698333
CUST06316,39,Musician,17815.585,1427.632083
CUST06317,48,Entrepreneur,27109.79,2224.149167
CUST06318,17,Writer,67104.12,5829.01
CUST06319,21,Lawyer,38165.06,3273.421667
CUST06320,35,Mechanic,21596.82,2020.735
CUST06321,27,Scientist,22147.105,1938.592083
CUST06322,24,Journalist,48830.76,3911.23
CUST06323,52,Manager,11421.51,1030.7925
CUST06324,26,Musician,44820.08,3898.006667
CUST06325,49,Writer,37993.12,3210.093333
CUST06326,22,Scientist,14856.35,1473.029167
CUST06327,33,Accountant,56135.16,4753.93
CUST06328,53,Accountant,33476.83,2534.735833
CUST06329,39,Mechanic,32749.15,2601.095833
CUST06330,20,Media_Manager,118036.28,9899.356667
CUST06331,21,Engineer,53672.94,4589.745
CUST06332,34,Media_Manager,35292.24,2715.02
CUST06333,42,Mechanic,32827.25,2828.604167
CUST06334,35,Lawyer,52338.57,4451.5475
CUST06335,21,Doctor,7080.7,358.0583333
CUST06336,38,Teacher,37062.36,3211.53
CUST06337,35,Manager,18550.4,1660.866667
CUST06338,53,Doctor,10777.43,741.1191667
CUST06339,31,Scientist,72079.52,6148.626667
CUST06340,45,Teacher,56200.53,4544.3775
CUST06341,50,Entrepreneur,97976.08,8136.673333
CUST06342,23,Doctor,39126.01,3413.500833
CUST06343,32,Lawyer,40835.65,3173.970833
CUST06344,46,Scientist,41813.18,3729.431667
CUST06345,18,Media_Manager,56990.6,4865.216667
CUST06346,43,Mechanic,32464.1,2668.341667
CUST06347,26,Architect,135550.88,11547.90667
CUST06348,47,Media_Manager,22723.19,1679.599167
CUST06349,52,Lawyer,84602.38,6800.198333
CUST06350,27,Engineer,14128.41,1403.3675
CUST06351,37,Musician,8461.285,699.1070833
CUST06354,22,Developer,15692.35,1296.695833
CUST06355,36,Doctor,68451.12,5578.26
CUST06356,28,Doctor,19823.565,1782.96375
CUST06357,39,Doctor,33980.48,2855.706667
CUST06358,40,Lawyer,16259.845,1398.987083
CUST06359,41,Entrepreneur,35124.99,2937.0825
CUST06360,34,Entrepreneur,12679.725,1228.64375
CUST06361,27,Accountant,8143.805,562.6504167
CUST06362,37,Media_Manager,43133.85,3432.4875
CUST06363,36,Developer,116268.16,9677.013333
CUST06365,30,Accountant,21663.61,1656.300833
CUST06366,31,Lawyer,18146.26,1442.188333
CUST06367,18,Accountant,15444.65,1195.054167
CUST06368,44,Manager,32766.46,2499.538333
CUST06369,23,Musician,32085.89,2460.824167
CUST06370,35,Mechanic,8705.96,897.4966667
CUST06371,26,Entrepreneur,24858.67,1977.555833
CUST06372,35,Manager,9695.47,1066.955833
CUST06373,44,Scientist,31604.58,2378.715
CUST06374,40,Developer,34751.53,3121.960833
CUST06375,44,Musician,15589.34,1005.111667
CUST06376,41,Doctor,32829.62,2945.801667
CUST06377,22,Media_Manager,121238.4,9984.2
CUST06378,52,Doctor,19602.22,1448.518333
CUST06379,36,Media_Manager,28638.97,2592.580833
CUST06380,52,Scientist,27172.31,2203.359167
CUST06381,28,Manager,18285.06,1238.755
CUST06382,19,Media_Manager,60759.54,5031.295
CUST06383,45,Manager,8770.725,851.89375
CUST06384,30,Lawyer,54650.72,4597.226667
CUST06385,55,Scientist,71716.56,5694.38
CUST06386,46,Media_Manager,138613.48,11706.12333
CUST06387,39,Musician,18670.98,1553.915
CUST06388,52,Scientist,90789.21,7836.7675
CUST06389,37,Architect,34215.86,2859.321667
CUST06390,25,Journalist,16066.29,1154.8575
CUST06391,21,Media_Manager,8590.155,979.84625
CUST06392,31,Writer,29895.53,2246.294167
CUST06393,37,Developer,18746.95,1467.245833
CUST06394,44,Writer,145380.88,12361.07333
CUST06395,24,Manager,94511.76,8168.98
CUST06396,41,Musician,8938.07,678.8391667
CUST06397,35,Mechanic,10095.545,755.2954167
CUST06398,22,Architect,97266.3,8278.525
CUST06399,40,Journalist,34945.16,3043.096667
CUST06400,32,Mechanic,15908.46,1426.705
CUST06402,49,Journalist,71825.98,6078.498333
CUST06403,30,Doctor,41290.29,3601.8575
CUST06404,38,Entrepreneur,42960.39,3363.0325
CUST06405,28,Developer,10037.855,849.4879167
CUST06406,55,Accountant,34769.18,3107.431667
CUST06407,41,Accountant,58346.36,4616.196667
CUST06408,40,Architect,19070.62,1303.218333
CUST06409,28,Engineer,15926.285,1591.190417
CUST06410,33,Mechanic,90133.59,7795.1325
CUST06411,47,Lawyer,18613.045,1394.087083
CUST06412,28,Lawyer,35223.94,2849.328333
CUST06413,30,Developer,36101.73,3204.4775
CUST06414,55,Musician,89384.91,7658.7425
CUST06415,32,Writer,16017.57,1202.7975
CUST06416,48,Accountant,88027.62,7229.635
CUST06417,49,Journalist,136582.04,11118.83667
CUST06418,39,Mechanic,70045.84,6018.153333
CUST06419,36,Media_Manager,31751.83,2574.985833
CUST06420,53,Scientist,34279.21,2741.600833
CUST06421,54,Media_Manager,33235.4,2510.616667
CUST06422,32,Writer,142496.12,11649.67667
CUST06423,17,Writer,14433.94,1113.828333
CUST06424,38,Writer,35081.49,3047.4575
CUST06425,28,Entrepreneur,17642.1,1386.175
CUST06426,34,Journalist,16285.005,1549.08375
CUST06427,18,Engineer,40000.96,3187.413333
CUST06428,44,Musician,59125.92,5224.16
CUST06429,28,Accountant,12505.6,1223.133333
CUST06430,45,Engineer,113238.84,9705.57
CUST06431,34,Teacher,167075.68,13893.97333
CUST06432,50,Media_Manager,104929.28,9025.106667
CUST06433,50,Accountant,120948.16,10373.01333
CUST06434,18,Lawyer,58770.12,4659.51
CUST06436,38,Manager,27964.68,2224.39
CUST06437,50,Accountant,21931.995,1887.66625
CUST06438,45,Accountant,53352.6,4345.05
CUST06439,20,Writer,42395.16,3491.93
CUST06440,17,Architect,14099.52,1108.96
CUST06441,38,Journalist,30739.3,2298.608333
CUST06442,42,Musician,53387.88,4437.99
CUST06443,43,Writer,17794.505,1340.875417
CUST06444,56,Media_Manager,60422.06,4863.171667
CUST06445,55,Engineer,112095.72,9559.31
CUST06446,36,Mechanic,24577.48,2055.123333
CUST06447,33,Teacher,37482.98,3399.581667
CUST06448,28,Musician,33787.3,2956.608333
CUST06449,20,Mechanic,75506.42,6050.201667
CUST06450,28,Musician,142081.48,11771.12333
CUST06451,32,Developer,17733.32,1687.776667
CUST06452,23,Doctor,63983.16,5318.93
CUST06453,48,Developer,33057.46,2836.788333
CUST06454,31,Scientist,41729.08,3750.423333
CUST06455,24,Architect,68911.26,5871.605
CUST06456,23,Engineer,13129.295,827.1079167
CUST06457,21,Writer,19243.9,1442.658333
CUST06458,42,Architect,35758.39,3212.865833
CUST06459,25,Writer,104562.72,8428.56
CUST06460,37,Mechanic,22953.95,2180.829167
CUST06461,31,Writer,14780.71,1224.725833
CUST06462,33,Teacher,107688.4,9252.033333
CUST06463,35,Writer,62792.1,5157.675
CUST06464,17,Journalist,35296.32,2939.36
CUST06465,40,Architect,17893.36,1630.113333
CUST06466,25,Musician,54539.52,4540.96
CUST06467,32,Doctor,37937.56,3129.463333
CUST06468,48,Doctor,132003.96,11062.33
CUST06469,36,Doctor,73606.16,5852.846667
CUST06470,40,Engineer,41691.16,3259.263333
CUST06471,32,Writer,59641.5,4974.125
CUST06472,32,Lawyer,50573.82,4175.485
CUST06473,43,Engineer,11900.03,1264.669167
CUST06474,39,Developer,17046.75,1544.5625
CUST06475,35,Architect,116680.84,10017.40333
CUST06476,45,Teacher,27020.67,2514.7225
CUST06477,24,Entrepreneur,26554.52,2114.876667
CUST06478,20,Lawyer,21555.5,2006.291667
CUST06479,25,Musician,166102.8,14034.9
CUST06480,30,Media_Manager,39832.82,3492.401667
CUST06481,31,Mechanic,57906.8,4734.566667
CUST06482,35,Engineer,144388.36,11754.36333
CUST06483,40,Writer,31729.38,2715.115
CUST06484,25,Engineer,82382.62,7097.218333
CUST06486,38,Scientist,45536.43,3735.7025
CUST06487,24,Developer,47725.98,4099.165
CUST06488,26,Doctor,81864.56,6882.046667
CUST06489,26,Scientist,30632.94,2535.745
CUST06490,31,Engineer,62859.18,5414.265
CUST06491,21,Manager,45366.27,3481.5225
CUST06493,46,Media_Manager,136556.44,11613.70333
CUST06494,27,Teacher,63484.24,5157.353333
CUST06495,53,Accountant,29508.41,2576.034167
CUST06496,51,Entrepreneur,128515.52,10879.62667
CUST06497,35,Accountant,7309.155,567.09625
CUST06498,25,Journalist,42534.99,3468.5825
CUST06499,31,Journalist,80877.72,6805.81
CUST06500,37,Accountant,60340.08,4327.369161
CUST06502,43,Scientist,21578.69,1592.224167
CUST06503,39,Accountant,32897.91,2468.4925
CUST06504,50,Entrepreneur,77020.76,6156.396667
CUST06505,24,Developer,16921.67,1456.139167
CUST06506,17,Accountant,61281.6,5208.8
CUST06507,39,Doctor,120174.4,10016.53333
CUST06508,22,Engineer,107765.7,8982.475
CUST06509,29,Entrepreneur,61783.38,5422.615
CUST06510,24,Media_Manager,20588.45,1557.704167
CUST06511,41,Lawyer,47817.32,3814.776667
CUST06512,45,Musician,14320.27,1026.355833
CUST06513,26,Manager,87263.22,7297.935
CUST06514,22,Journalist,33907.86,2562.655
CUST06515,49,Journalist,17027.44,1366.953333
CUST06516,41,Teacher,37261.31,2948.109167
CUST06517,52,Accountant,11514.085,881.5070833
CUST06518,43,Musician,15824.93,1207.744167
CUST06519,55,Architect,28762.68,2281.89
CUST06520,32,Media_Manager,32853.06,2929.755
CUST06521,31,Entrepreneur,48658.29,3932.8575
CUST06522,28,Media_Manager,125982.48,10235.54
CUST06523,21,Entrepreneur,16644.79,1547.065833
CUST06524,32,Architect,61739.8,5247.983333
CUST06525,21,Doctor,40377.89,3206.824167
CUST06526,30,Accountant,7621.8,914.15
CUST06527,45,Architect,35208.2,2919.016667
CUST06529,25,Doctor,108143.55,8458.884362
CUST06530,20,Lawyer,53564.88,4207.74
CUST06531,37,Media_Manager,28061.52,2128.46
CUST06532,18,Architect,114614.88,9369.24
CUST06533,26,Teacher,43319.96,3777.996667
CUST06534,33,Mechanic,63258.9,5061.575
CUST06535,36,Architect,33868.83,3065.4025
CUST06536,42,Architect,57842.04,4864.17
CUST06537,51,Manager,31848.72,2588.06
CUST06538,53,Manager,129204.92,10508.07667
CUST06539,17,Journalist,70260.2,5564.016667
CUST06540,44,Media_Manager,50643.18,4465.265
CUST06541,47,Teacher,90729.48,7299.79
CUST06542,33,Scientist,17912.65,1665.720833
CUST06544,38,Accountant,68824.42,4924.658801
CUST06545,44,Developer,111755.6,9488.966667
CUST06546,38,Entrepreneur,33827.58,2736.965
CUST06547,20,Scientist,73140.38,5799.031667
CUST06548,20,Journalist,63515.92,5566.993333
CUST06549,38,Lawyer,32072.42,2768.701667
CUST06550,21,Lawyer,7680.08,544.0066667
CUST06551,20,Scientist,33000.46,2772.038333
CUST06552,43,Entrepreneur,68488.88,5692.406667
CUST06553,29,Accountant,80918.14,6444.178333
CUST06554,27,Developer,135907.48,11096.62333
CUST06555,29,Journalist,62237.13,5350.4275
CUST06556,43,Entrepreneur,142743.4,12155.28333
CUST06557,33,Engineer,13627.925,1248.660417
CUST06558,30,Journalist,17476.37,1241.364167
CUST06559,22,Accountant,80983.64,6692.636667
CUST06560,19,Writer,127883.4,10874.95
CUST06561,43,Engineer,20234.93,1684.244167
CUST06562,28,Entrepreneur,30411.9,2772.325
CUST06564,49,Engineer,72790.92,6087.91
CUST06565,41,Journalist,87502.53,7277.8775
CUST06566,52,Teacher,35659.07,3074.589167
CUST06567,47,Scientist,78749.9,6433.491667
CUST06568,35,Musician,27909.81,2574.8175
CUST06569,51,Engineer,128429.68,10830.47333
CUST06570,55,Musician,35234.99,2827.249167
CUST06571,41,Scientist,117019.2,10009.6
CUST06572,31,Lawyer,45917.0,3714.416667
CUST06573,27,Architect,27395.53,2414.960833
CUST06574,18,Engineer,25784.65,1853.720833
CUST06575,32,Mechanic,14295.47,1392.289167
CUST06576,32,Journalist,100310.08,8320.173333
CUST06577,45,Journalist,98313.12,7990.76
CUST06578,44,Writer,36479.27,3241.939167
CUST06580,49,Mechanic,19577.155,1659.429583
CUST06581,29,Scientist,17082.685,1695.557083
CUST06582,44,Manager,145168.96,11910.41333
CUST06583,46,Mechanic,22269.09,1931.7575
CUST06584,50,Architect,88783.92,7405.66
CUST06585,21,Media_Manager,26030.03,2146.169167
CUST06586,38,Journalist,32244.75,2555.0625
CUST06587,32,Accountant,16907.7,1235.975
CUST06588,27,Mechanic,9385.19,1061.099167
CUST06589,31,Musician,16942.39,1511.865833
CUST06590,26,Engineer,63876.62,5358.051667
CUST06591,21,Entrepreneur,14184.33,921.0275
CUST06592,52,Manager,28638.1,2539.508333
CUST06593,34,Teacher,17200.97,1185.414167
CUST06594,39,Developer,33405.74,2485.811667
CUST06595,45,Entrepreneur,77460.2,6494.016667
CUST06596,22,Teacher,29674.93,2681.910833
CUST06597,39,Journalist,19426.81,1397.900833
CUST06598,33,Journalist,14595.6,1058.3
CUST06599,22,Engineer,93312.33,7898.0275
CUST06600,21,Architect,76154.56,6433.213333
CUST06601,47,Entrepreneur,32959.87,2957.655833
CUST06602,30,Developer,39420.54,3389.045
CUST06603,45,Engineer,28766.28,2582.19
CUST06604,25,Doctor,28097.2,2397.433333
CUST06605,52,Journalist,128938.95,10722.9125
CUST06606,49,Accountant,11176.27,680.3558333
CUST06607,29,Accountant,70802.28,6073.19
CUST06608,49,Doctor,14366.56,1211.213333
CUST06609,19,Teacher,39145.96,3457.163333
CUST06610,32,Entrepreneur,19853.4,1463.45
CUST06611,24,Lawyer,66610.28,5395.856667
CUST06612,44,Entrepreneur,11391.83,782.3191667
CUST06613,41,Accountant,28637.08,2167.423333
CUST06614,31,Manager,106309.8,8925.15
CUST06615,23,Accountant,101114.73,8679.2275
CUST06616,20,Manager,15837.31,1019.775833
CUST06617,29,Scientist,11126.925,1049.24375
CUST06618,38,Journalist,11954.335,932.1945833
CUST06619,25,Engineer,68984.84,5806.736667
CUST06620,49,Manager,122178.93,10085.5775
CUST06621,22,Architect,120497.52,10203.46
CUST06622,43,Media_Manager,119016.88,9918.073333
CUST06623,32,Journalist,91870.71,7946.8925
CUST06624,44,Manager,95310.03,7978.5025
CUST06625,17,Teacher,20736.07,1618.005833
CUST06626,21,Accountant,159958.32,13161.86
CUST06627,30,Lawyer,28793.49,2669.4575
CUST06628,45,Teacher,106444.68,9015.39
CUST06629,18,Architect,49732.35,4321.3625
CUST06630,36,Developer,35851.39,2762.615833
CUST06631,45,Architect,62799.48,5159.29
CUST06632,36,Lawyer,40883.92,3525.993333
CUST06633,35,Teacher,74270.8,6325.233333
CUST06635,18,Engineer,47868.74,3802.061667
CUST06636,27,Accountant,36913.88,2859.156667
CUST06637,44,Doctor,71015.07,5866.9225
CUST06638,25,Manager,15669.87,1481.8225
CUST06639,21,Manager,98839.2,7937.6
CUST06640,31,Scientist,30953.51,2807.459167
CUST06641,41,Architect,106122.03,8652.5025
CUST06642,55,Teacher,60498.6,5147.55
CUST06643,19,Journalist,30931.16,2521.596667
CUST06644,45,Manager,119706.2,10267.51667
CUST06645,43,Manager,44295.54,3677.295
CUST06646,33,Teacher,18114.35,1515.529167
CUST06647,51,Engineer,24771.94,2356.328333
CUST06648,30,Developer,10210.735,733.8945833
CUST06649,40,Doctor,68529.92,6000.826667
CUST06650,22,Doctor,59240.0,4697.666667
CUST06651,39,Accountant,15898.59,1059.8825
CUST06652,22,Media_Manager,29132.58,2559.715
CUST06653,22,Manager,57101.1,4668.425
CUST06654,41,Mechanic,28062.39,2397.5325
CUST06655,41,Journalist,25434.13,2318.510833
CUST06656,48,Manager,22292.16,1560.68
CUST06657,31,Manager,84169.92,7221.16
CUST06658,21,Mechanic,36463.7,2845.641667
CUST06659,30,Musician,82995.82,7092.318333
CUST06660,44,Accountant,66012.28,5400.023333
CUST06661,44,Mechanic,72524.2,6005.683333
CUST06662,29,Architect,118184.92,9901.743333
CUST06663,39,Scientist,7518.71,505.5591667
CUST06664,29,Media_Manager,61711.89,5403.6575
CUST06665,25,Lawyer,14387.88,1165.99
CUST06666,27,Mechanic,35938.45,2830.870833
CUST06667,38,Writer,45188.52,3868.71
CUST06668,40,Musician,30839.77,2345.980833
CUST06669,24,Manager,52462.42,4315.868333
CUST06670,41,Accountant,172778.16,14626.18
CUST06671,36,Manager,83265.72,6899.81
CUST06672,27,Lawyer,18385.23,1413.1025
CUST06673,34,Writer,42366.0,3340.5
CUST06674,18,Mechanic,46230.26,3579.521667
CUST06675,52,Doctor,113196.54,9672.045
CUST06677,42,Musician,95949.4,7875.783333
CUST06678,37,Engineer,35185.56,2962.13
CUST06679,28,Engineer,30695.12,2610.926667
CUST06680,25,Manager,61102.78,4823.898333
CUST06681,54,Architect,23667.29,2082.274167
CUST06682,42,Doctor,40290.47,3617.539167
CUST06683,25,Developer,44447.88,3999.99
CUST06684,44,Accountant,17963.45,1328.954167
CUST06685,27,Scientist,57626.34,4906.733879
CUST06686,19,Engineer,15131.6,1505.966667
CUST06687,54,Teacher,83859.84,6759.32
CUST06688,32,Mechanic,73871.32,5985.943333
CUST06689,28,Journalist,8514.715,525.5595833
CUST06690,18,Accountant,68893.59,5989.1325
CUST06691,42,Engineer,37819.13,3185.594167
CUST06692,31,Journalist,33726.6,2860.55
CUST06693,46,Entrepreneur,78984.46,6360.038333
CUST06694,18,Lawyer,9531.25,594.2708333
CUST06695,30,Lawyer,20730.15,1661.5125
CUST06696,55,Teacher,89342.58,7644.215
CUST06697,25,Engineer,29374.77,2377.8975
CUST06698,33,Teacher,115649.52,9400.46
CUST06699,26,Journalist,31263.7,2812.308333
CUST06700,19,Developer,30936.69,2416.0575
CUST06702,34,Media_Manager,52385.58,4492.465
CUST06703,48,Musician,20662.84,1663.903333
CUST06704,19,Teacher,139144.84,11572.40333
CUST06705,45,Scientist,29313.3,2151.775
CUST06706,39,Manager,33891.6,3122.3
CUST06707,31,Mechanic,40196.9,3390.741667
CUST06708,45,Architect,20318.97,1463.2475
CUST06709,34,Architect,16784.74,1133.728333
CUST06710,38,Teacher,8475.64,794.3033333
CUST06711,39,Engineer,83384.2,7080.683333
CUST06712,48,Manager,85760.85,7172.7375
CUST06713,34,Lawyer,80661.32,6551.776667
CUST06714,30,Mechanic,79657.0,6610.083333
CUST06715,18,Media_Manager,79708.89,6593.4075
CUST06716,19,Entrepreneur,14363.23,1156.935833
CUST06717,24,Lawyer,16479.14,1077.261667
CUST06718,29,Manager,25389.26,1954.771667
CUST06719,36,Media_Manager,92705.84,7957.486667
CUST06720,21,Engineer,46841.92,3734.493333
CUST06721,34,Musician,19433.48,1682.456667
CUST06722,25,Writer,47456.32,4007.693333
CUST06723,35,Developer,18419.57,1243.964167
CUST06724,26,Architect,30976.75,2864.395833
CUST06725,40,Writer,61043.61,5052.9675
CUST06726,41,Developer,68078.6,5651.216667
CUST06727,41,Manager,88709.79,7636.4825
CUST06728,31,Developer,43900.02,3548.335
CUST06729,22,Scientist,17399.43,1485.9525
CUST06730,28,Mechanic,72886.08,5805.84
CUST06731,27,Accountant,16474.49,1165.874167
CUST06732,21,Media_Manager,25838.55,2163.2125
CUST06733,32,Teacher,9662.195,885.1829167
CUST06734,38,Mechanic,11850.985,930.5820833
CUST06735,30,Mechanic,30022.71,2684.8925
CUST06736,41,Mechanic,9221.27,794.4391667
CUST06737,20,Developer,47406.22,3726.518333
CUST06738,35,Engineer,89891.43,7459.9525
CUST06739,35,Musician,125155.2,10231.6
CUST06740,42,Entrepreneur,18675.65,1548.304167
CUST06741,54,Accountant,14566.335,1105.86125
CUST06742,44,Scientist,15990.655,1244.554583
CUST06744,21,Teacher,125280.36,10704.03
CUST06745,38,Journalist,113085.87,9531.8225
CUST06746,28,Scientist,61035.4,5140.283333
CUST06747,31,Scientist,132123.84,10895.32
CUST06748,34,Accountant,36802.82,2426.564168
CUST06749,50,Scientist,121962.9,10055.575
CUST06750,27,Developer,20043.26,1385.271667
CUST06751,37,Manager,28360.5,2086.375
CUST06752,42,Engineer,17468.19,1453.6825
CUST06753,47,Media_Manager,179078.28,15115.19
CUST06754,19,Musician,82659.32,6700.276667
CUST06755,32,Architect,119809.72,9939.143333
CUST06756,18,Journalist,73971.16,6051.263333
CUST06757,26,Accountant,14168.2,1054.683333
CUST06758,25,Media_Manager,87314.67,7121.2225
CUST06759,45,Accountant,16372.12,1648.343333
CUST06760,53,Scientist,21834.105,2071.50875
CUST06761,53,Entrepreneur,52205.88,4348.49
CUST06762,37,Engineer,16449.27,1089.7725
CUST06763,41,Musician,18314.09,1779.174167
CUST06764,32,Architect,14995.29,1138.6075
CUST06765,31,Entrepreneur,19363.33,1904.610833
CUST06766,34,Entrepreneur,29655.22,2635.268333
CUST06767,40,Architect,116346.93,9814.5775
CUST06768,52,Engineer,74766.86,6025.571667
CUST06769,28,Journalist,162590.56,13535.21333
CUST06770,41,Accountant,15153.54,1108.795
CUST06771,50,Lawyer,115735.76,9468.646667
CUST06772,43,Developer,14914.25,1510.854167
CUST06774,34,Teacher,44288.58,3390.715
CUST06775,51,Manager,38561.33,3289.444167
CUST06776,27,Writer,70968.8,5783.066667
CUST06777,23,Mechanic,78094.28,6755.856667
CUST06778,46,Doctor,78676.32,6710.36
CUST06779,34,Architect,155148.36,12909.03
CUST06780,32,Entrepreneur,152078.0,12435.16667
CUST06781,22,Entrepreneur,12837.245,837.7704167
CUST06782,29,Journalist,76652.88,6627.74
CUST06783,29,Developer,41810.59,2907.136029
CUST06784,40,Musician,19082.67,1495.2225
CUST06785,47,Mechanic,45461.54,3917.461667
CUST06786,37,Mechanic,32995.78,2540.648333
CUST06787,45,Mechanic,36154.22,3043.851667
CUST06788,25,Engineer,54430.71,4471.8925
CUST06789,39,Manager,21469.245,1809.10375
CUST06790,38,Media_Manager,128349.75,10903.8125
CUST06791,53,Architect,20875.67,1536.639167
CUST06792,26,Entrepreneur,44620.48,3421.373333
CUST06793,27,Mechanic,35540.74,3232.728333
CUST06794,34,Writer,63978.72,5065.56
CUST06795,19,Writer,50814.28,4517.523333
CUST06797,50,Entrepreneur,64871.14,5333.928333
CUST06798,30,Manager,89256.75,7379.0625
CUST06799,19,Entrepreneur,43913.46,3684.455
CUST06800,25,Writer,17164.13,1455.344167
CUST06801,23,Entrepreneur,170502.52,14489.54333
CUST06802,55,Entrepreneur,60244.72,5197.393333
CUST06803,20,Accountant,14231.42,1318.951667
CUST06804,47,Media_Manager,16520.865,1492.73875
CUST06805,30,Developer,20127.72,1689.31
CUST06807,30,Architect,28866.94,2682.578333
CUST06808,26,Mechanic,15475.91,908.4253371
CUST06810,31,Journalist,77047.4,6711.616667
CUST06811,19,Media_Manager,178113.84,14784.82
CUST06812,49,Scientist,101855.88,8446.99
CUST06813,42,Media_Manager,24688.88,2256.406667
CUST06815,34,Lawyer,28070.62,2437.218333
CUST06816,27,Scientist,18060.64,1280.053333
CUST06817,44,Scientist,32394.77,2614.564167
CUST06818,31,Scientist,145056.64,11965.05333
CUST06819,23,Teacher,33271.74,2537.645
CUST06820,55,Journalist,79710.09,6375.5075
CUST06821,33,Journalist,65635.12,5762.593333
CUST06822,29,Manager,8453.49,977.4575
CUST06823,41,Media_Manager,106602.63,8924.5525
CUST06824,37,Teacher,56227.47,4558.6225
CUST06825,43,Musician,55735.62,4939.635
CUST06826,23,Writer,57829.74,4689.145
CUST06827,38,Media_Manager,14388.68,1015.056667
CUST06828,51,Media_Manager,40639.06,3572.588333
CUST06829,54,Doctor,114597.04,9366.753333
CUST06830,26,Media_Manager,15591.37,1349.280833
CUST06831,38,Mechanic,21114.95,1478.579167
CUST06832,35,Accountant,8940.905,990.0754167
CUST06833,30,Architect,45012.72,3809.06
CUST06834,33,Architect,60195.36,4912.28
CUST06835,28,Accountant,10172.3,1046.691667
CUST06836,37,Doctor,31680.74,2670.061667
CUST06837,27,Developer,9389.1,950.425
CUST06838,38,Lawyer,32200.64,2552.386667
CUST06839,32,Writer,62574.16,5004.513333
CUST06840,26,Musician,21440.93,1555.744167
CUST06841,18,Writer,7371.05,403.2541667
CUST06842,40,Scientist,15366.215,996.5179167
CUST06843,19,Writer,79829.6,6618.466667
CUST06845,19,Accountant,64122.84,5053.57
CUST06846,23,Developer,47504.49,3760.7075
CUST06847,43,Doctor,10389.32,686.7766667
CUST06848,22,Entrepreneur,15777.945,1304.82875
CUST06849,40,Developer,10079.865,576.98875
CUST06850,22,Architect,66519.63,5759.3025
CUST06851,51,Manager,36868.13,3061.344167
CUST06852,34,Journalist,43549.86,3672.155
CUST06853,18,Scientist,81165.56,6867.796667
CUST06854,28,Musician,126732.6,10443.05
CUST06855,42,Journalist,104946.48,8701.54
CUST06856,37,Engineer,128502.39,10530.5325
CUST06857,25,Mechanic,8898.495,738.54125
CUST06858,22,Writer,62458.77,5426.8975
CUST06859,51,Engineer,34188.05,2821.004167
CUST06860,32,Lawyer,51568.11,4016.3425
CUST06861,19,Accountant,14920.97,1424.414167
CUST06862,21,Scientist,21595.875,2061.65625
CUST06863,38,Teacher,26029.41,1950.1175
CUST06864,34,Accountant,107808.63,9147.0525
CUST06865,37,Lawyer,86418.72,7085.56
CUST06866,48,Media_Manager,18290.89,1228.240833
CUST06867,22,Musician,9400.43,847.3691667
CUST06868,31,Scientist,9900.0,926.0
CUST06869,22,Teacher,17916.46,1127.075609
CUST06871,19,Doctor,38197.25,3191.104167
CUST06872,29,Engineer,17271.525,1269.29375
CUST06873,20,Mechanic,15620.91,1017.7425
CUST06874,37,Lawyer,133180.71,11114.3925
CUST06875,17,Accountant,19369.96,1791.163333
CUST06876,22,Engineer,9968.5,1123.708333
CUST06877,52,Writer,105295.08,8854.59
CUST06878,43,Writer,68611.44,5790.62
CUST06879,27,Writer,30738.51,2438.5425
CUST06880,27,Architect,7187.17,488.9308333
CUST06881,18,Teacher,76079.16,6462.93
CUST06882,37,Media_Manager,30111.3,2743.275
CUST06883,30,Lawyer,57617.88,4740.49
CUST06884,41,Architect,20346.15,1901.5125
CUST06885,44,Doctor,29378.06,2312.171667
CUST06886,44,Musician,15659.78,1132.981667
CUST06887,38,Lawyer,27947.42,2488.951667
CUST06888,50,Developer,12382.94,1061.911667
CUST06889,27,Journalist,98638.16,7996.846667
CUST06890,48,Entrepreneur,20849.95,1951.495833
CUST06891,51,Journalist,37452.59,2962.049167
CUST06892,37,Entrepreneur,66074.92,5221.243333
CUST06893,33,Scientist,32033.29,2674.440833
CUST06894,40,Teacher,28023.54,2532.295
CUST06895,37,Manager,30784.67,2682.389167
CUST06896,43,Architect,165368.56,13561.71333
CUST06897,33,Developer,115086.6,9779.55
CUST06898,18,Developer,17599.48,1202.623333
CUST06899,30,Doctor,48644.8,4142.733333
CUST06900,30,Journalist,28747.25,2523.604167
CUST06901,38,Engineer,15496.42,1059.368333
CUST06902,43,Media_Manager,57502.5,5055.875
CUST06903,44,Journalist,86865.84,7479.82
CUST06904,39,Mechanic,23923.54,1729.628333
CUST06905,40,Entrepreneur,73226.6,6192.216667
CUST06906,45,Architect,36760.86,2967.405
CUST06907,19,Writer,28059.97,2312.330833
CUST06909,25,Accountant,43428.47,3731.039167
CUST06910,26,Mechanic,40636.56,3460.38
CUST06911,22,Engineer,88556.58,7464.715
CUST06912,41,Media_Manager,11603.81,900.9841667
CUST06913,19,Musician,14840.5,1501.708333
CUST06914,44,Journalist,65163.0,5586.25
CUST06915,29,Accountant,79556.37,6378.6975
CUST06916,39,Accountant,66995.86,5384.988333
CUST06917,45,Developer,31185.98,2434.831667
CUST06918,26,Developer,25290.87,1868.5725
CUST06919,37,Journalist,69637.24,6059.103333
CUST06920,55,Lawyer,17199.795,1489.31625
CUST06921,27,Mechanic,85653.96,7211.83
CUST06922,23,Writer,20455.92,1935.66
CUST06924,41,Architect,7832.295,488.69125
CUST06925,17,Accountant,8886.055,544.5045833
CUST06926,46,Writer,83823.22,6841.268333
CUST06927,34,Doctor,47984.19,3718.6825
CUST06928,31,Accountant,31700.3,2444.691667
CUST06929,41,Mechanic,58871.28,5042.94
CUST06930,35,Lawyer,17074.51,1426.875833
CUST06931,30,Manager,21131.71,1882.975833
CUST06932,29,Lawyer,20637.2,1668.766667
CUST06933,39,Manager,122922.24,10210.52
CUST06934,52,Mechanic,89913.09,7648.7575
CUST06935,52,Doctor,81223.36,6859.613333
CUST06936,48,Mechanic,59861.2,4847.433333
CUST06937,33,Accountant,18292.21,1477.350833
CUST06938,37,Musician,131121.75,11211.8125
CUST06939,28,Mechanic,7567.63,672.6358333
CUST06940,37,Architect,14679.83,1183.319167
CUST06941,22,Accountant,37467.18,2920.265
CUST06942,24,Journalist,46586.8,4026.233333
CUST06943,43,Lawyer,34744.15,2784.345833
CUST06944,28,Media_Manager,69194.98,5657.248333
CUST06945,38,Doctor,55339.56,4648.63
CUST06946,18,Lawyer,20590.48,1704.873333
CUST06947,46,Writer,95460.81,7989.0675
CUST06948,38,Lawyer,7414.145,903.8454167
CUST06949,18,Architect,37024.7,3179.391667
CUST06950,50,Manager,92650.2,7909.85
CUST06951,34,Musician,30375.05,2426.254167
CUST06952,36,Architect,34710.6,3170.55
CUST06953,27,Journalist,86210.79,7142.2325
CUST06954,44,Musician,39513.84,2993.82
CUST06955,41,Developer,30352.11,2317.3425
CUST06956,47,Scientist,63199.96,5426.663333
CUST06957,36,Mechanic,93890.61,7717.2175
CUST06958,19,Journalist,21001.62,1452.135
CUST06959,52,Architect,29879.43,2450.9525
CUST06960,37,Developer,17559.88,1179.323333
CUST06961,24,Doctor,60287.61,5192.9675
CUST06962,43,Lawyer,154868.24,13051.68667
CUST06963,21,Engineer,8736.19,639.0158333
CUST06964,22,Engineer,13762.45,910.8708333
CUST06965,34,Writer,34435.82,2740.651667
CUST06966,31,Engineer,26690.13,2326.1775
CUST06967,44,Manager,59789.0,5119.416667
CUST06968,40,Mechanic,23129.88,1735.49
CUST06969,54,Doctor,60340.02,4946.335
CUST06970,34,Developer,16640.35,1253.695833
CUST06971,31,Manager,20804.18,1515.681667
CUST06972,29,Journalist,43200.9,3807.075
CUST06973,24,Engineer,17397.56,1681.796667
CUST06974,47,Accountant,104994.33,8703.5275
CUST06976,45,Mechanic,84833.62,6875.468333
CUST06977,26,Teacher,21178.31,1990.859167
CUST06978,32,Accountant,122053.2,10370.1
CUST06979,20,Architect,16365.59,1089.799167
CUST06980,37,Writer,17238.11,1599.509167
CUST06981,28,Scientist,65929.12,5649.093333
CUST06982,35,Entrepreneur,15334.13,1462.844167
CUST06983,25,Journalist,69136.54,5902.378333
CUST06984,46,Architect,61976.44,5027.703333
CUST06985,27,Entrepreneur,87416.52,7037.71
CUST06986,30,Journalist,16340.12,1275.676667
CUST06987,31,Developer,60878.97,5173.2475
CUST06988,40,Journalist,19723.82,1398.651667
CUST06989,29,Manager,14674.175,1199.847917
CUST06990,34,Doctor,14332.03,1117.335833
CUST06991,26,Doctor,16133.43,1283.4525
CUST06992,42,Scientist,61737.94,4888.828333
CUST06993,31,Accountant,160350.4,13274.53333
CUST06994,17,Journalist,7471.91,597.6591667
CUST06995,41,Doctor,61756.52,5312.376667
CUST06996,50,Developer,12766.425,1206.86875
CUST06997,23,Developer,22032.32,2074.026667
CUST06998,35,Media_Manager,60271.92,4782.66
CUST06999,38,Architect,10917.655,1175.804583
CUST07000,24,Accountant,20355.23,1978.269167
CUST07001,35,Accountant,14115.22,1309.268333
CUST07002,33,Media_Manager,43501.95,3418.1625
CUST07003,26,Accountant,20762.97,1651.2475
CUST07005,21,Accountant,57326.49,5042.2075
CUST07006,43,Teacher,61627.0,4863.583333
CUST07007,19,Architect,106215.04,8592.253333
CUST07008,43,Architect,93529.05,7775.0875
CUST07009,25,Accountant,16909.09,1254.090833
CUST07010,24,Doctor,43610.13,3640.1775
CUST07012,19,Architect,26922.65,2343.554167
CUST07013,17,Teacher,28356.18,2425.015
CUST07014,47,Engineer,24372.88,1981.073333
CUST07015,36,Media_Manager,24881.15,2304.429167
CUST07016,19,Teacher,72152.8,5849.733333
CUST07017,43,Journalist,26908.25,2254.354167
CUST07018,38,Architect,32919.12,2723.26
CUST07019,49,Lawyer,40656.6,3472.05
CUST07020,37,Musician,53143.17,4554.5975
CUST07021,48,Accountant,172534.16,14344.84667
CUST07022,18,Journalist,34315.71,3018.6425
CUST07023,44,Lawyer,70686.44,5805.536667
CUST07024,47,Manager,31280.63,2499.719167
CUST07025,43,Engineer,14031.25,1107.270833
CUST07026,38,Mechanic,17015.66,1332.971667
CUST07027,25,Developer,10307.97,625.9975
CUST07028,45,Developer,105675.6,8894.3
CUST07029,55,Lawyer,36368.55,2782.7125
CUST07031,26,Mechanic,12975.96,1036.33
CUST07032,28,Architect,45780.86,3541.071667
CUST07033,55,Media_Manager,158604.0,13273.0
CUST07034,21,Accountant,28184.28,2398.69
CUST07035,30,Engineer,24974.35,2166.195833
CUST07036,28,Journalist,9979.875,973.65625
CUST07037,41,Scientist,19205.485,1828.457083
CUST07038,50,Entrepreneur,19891.58,1515.631667
CUST07039,48,Accountant,114082.64,9508.886667
CUST07040,37,Manager,30247.7,2328.641667
CUST07041,22,Journalist,18207.375,1602.28125
CUST07042,36,Journalist,56340.6,4837.05
CUST07043,25,Engineer,62571.84,5440.32
CUST07044,21,Entrepreneur,81334.68,6766.89
CUST07045,54,Mechanic,36274.17,3106.8475
CUST07046,30,Doctor,61883.44,4914.953333
CUST07047,49,Developer,59703.46,4739.288333
CUST07048,41,Manager,119402.64,9679.22
CUST07049,41,Teacher,40740.44,3331.036667
CUST07050,38,Architect,7750.735,701.8945833
CUST07051,22,Teacher,8693.97,675.4975
CUST07052,52,Lawyer,76040.82,6323.735
CUST07053,34,Doctor,8922.155,957.5129167
CUST07054,17,Engineer,18191.86,1263.988333
CUST07055,26,Engineer,39630.92,3169.576667
CUST07056,36,Lawyer,32086.38,2793.865
CUST07057,42,Engineer,14562.32,1168.526667
CUST07058,18,Entrepreneur,58962.2,5086.516667
CUST07059,32,Media_Manager,35022.76,2646.563333
CUST07060,35,Media_Manager,30910.68,2374.89
CUST07061,26,Teacher,19956.75,1587.0625
CUST07062,20,Lawyer,49116.74,4343.061667
CUST07063,17,Writer,126578.8,10817.23333
CUST07064,27,Media_Manager,38218.3,3275.858333
CUST07065,17,Lawyer,73128.0,5796.0
CUST07066,24,Writer,19669.56,1880.13
CUST07067,31,Journalist,147894.56,12186.54667
CUST07068,43,Lawyer,142204.08,12141.34
CUST07069,18,Scientist,127594.92,10535.91
CUST07070,45,Musician,15131.11,1321.925833
CUST07071,44,Doctor,63733.54,5163.128333
CUST07073,46,Accountant,167258.04,14200.17
CUST07074,21,Accountant,10142.545,991.2120833
CUST07075,38,Mechanic,59513.44,5046.453333
CUST07076,51,Writer,40331.05,3106.920833
CUST07077,52,Lawyer,42586.46,3710.871667
CUST07078,31,Journalist,9533.995,797.4995833
CUST07079,18,Writer,33729.28,2826.773333
CUST07080,24,Entrepreneur,80857.56,6769.13
CUST07081,17,Architect,40314.54,3653.545
CUST07082,43,Architect,68214.9,5660.575
CUST07083,24,Teacher,20365.57,1642.130833
CUST07084,22,Architect,23767.59,2044.6325
CUST07085,27,Entrepreneur,48819.34,4181.278333
CUST07086,45,Writer,80574.12,6707.51
CUST07087,54,Architect,18140.575,1764.714583
CUST07088,19,Engineer,34860.05,2622.004167
CUST07089,21,Manager,18145.22,1459.101667
CUST07090,34,Doctor,18753.34,1623.778333
CUST07091,25,Teacher,60363.5,5277.291667
CUST07092,34,Architect,15807.59,1398.299167
CUST07093,28,Manager,37688.55,3317.7125
CUST07094,27,Scientist,16268.51,1447.709167
CUST07095,17,Lawyer,30625.94,2706.161667
CUST07096,28,Journalist,15383.46,1325.955
CUST07097,31,Entrepreneur,19506.72,1605.56
CUST07098,51,Accountant,56381.6,4535.466667
CUST07099,29,Engineer,7056.405,486.03375
CUST07100,44,Architect,70943.86,5981.988333
CUST07101,25,Developer,32520.93,2868.0775
CUST07102,42,Scientist,14297.72,1129.476667
CUST07103,51,Manager,102745.4,8615.116667
CUST07104,47,Engineer,161006.32,13449.19333
CUST07105,23,Entrepreneur,31217.34,2598.445
CUST07106,36,Doctor,63213.12,5233.76
CUST07107,24,Scientist,68354.84,5851.236667
CUST07108,43,Teacher,35531.83,2743.985833
CUST07109,20,Doctor,23838.09,2031.5075
CUST07110,24,Lawyer,73062.6,6267.55
CUST07111,20,Developer,64341.36,5621.78
CUST07112,42,Lawyer,28825.73,2648.144167
CUST07113,26,Journalist,22015.68,2037.64
CUST07114,23,Teacher,35805.25,3106.770833
CUST07115,32,Manager,51660.42,4311.035
CUST07116,24,Manager,61016.88,5090.74
CUST07117,36,Writer,68103.81,5940.3175
CUST07118,29,Writer,119223.09,10046.2575
CUST07119,18,Teacher,14394.435,1452.53625
CUST07120,26,Lawyer,34797.74,2911.811667
CUST07121,36,Entrepreneur,17840.72,1275.726667
CUST07122,27,Developer,67648.36,5626.363333
CUST07123,40,Lawyer,33930.63,3061.5525
CUST07124,21,Developer,17169.365,1282.780417
CUST07125,47,Architect,115023.36,9801.28
CUST07126,20,Doctor,60214.04,5034.836667
CUST07127,21,Developer,29041.4,2646.116667
CUST07128,25,Manager,16665.49,1311.790833
CUST07129,41,Lawyer,20028.04,1728.003333
CUST07130,28,Writer,14947.38,1191.615
CUST07131,55,Entrepreneur,37482.37,3182.530833
CUST07132,34,Lawyer,19140.25,1608.020833
CUST07133,23,Lawyer,19286.26,1703.188333
CUST07135,28,Teacher,71716.6,6098.383333
CUST07136,52,Mechanic,32021.48,2444.456667
CUST07137,19,Journalist,7282.885,568.9070833
CUST07138,37,Writer,9728.58,636.715
CUST07139,29,Entrepreneur,106839.09,9018.2575
CUST07140,35,Lawyer,28005.44,2582.786667
CUST07141,35,Architect,55670.07,4395.1725
CUST07142,28,Media_Manager,15349.54,1180.128333
CUST07143,26,Scientist,44577.26,3838.771667
CUST07144,26,Writer,113105.1,9278.425
CUST07145,54,Accountant,61169.82,4996.485
CUST07146,55,Teacher,79642.86,6509.905
CUST07147,25,Doctor,17182.5,1230.875
CUST07148,22,Writer,103938.16,8864.513333
CUST07149,34,Accountant,19543.44,1592.62
CUST07150,30,Musician,121944.2,10247.01667
CUST07151,24,Musician,44328.22,3710.018333
CUST07153,43,Media_Manager,39859.72,3102.643333
CUST07154,43,Scientist,15427.215,1253.60125
CUST07155,27,Musician,73509.02,5881.751667
CUST07156,19,Manager,16348.87,1573.405833
CUST07157,31,Lawyer,7711.97,395.6641667
CUST07158,32,Musician,54568.92,4452.41
CUST07159,40,Engineer,22195.605,2021.63375
CUST07160,26,Writer,61064.08,5053.673333
CUST07161,43,Manager,36127.64,2722.636667
CUST07162,23,Writer,61224.33,4862.0275
CUST07163,55,Journalist,23794.07,1771.839167
CUST07164,44,Teacher,94811.36,7999.946667
CUST07165,31,Mechanic,58427.31,4717.9425
CUST07166,30,Developer,32543.38,2902.948333
CUST07167,31,Media_Manager,18005.41,1213.450833
CUST07168,25,Media_Manager,141952.76,11726.39667
CUST07169,24,Journalist,34838.94,2895.245
CUST07170,25,Doctor,82651.74,6756.645
CUST07171,35,Writer,21699.13,1925.260833
CUST07172,32,Entrepreneur,8135.92,378.9933333
CUST07173,35,Scientist,35942.96,3081.246667
CUST07174,38,Lawyer,18102.96,1332.58
CUST07175,23,Developer,21434.2,1964.183333
CUST07176,40,Writer,14990.045,1131.170417
CUST07177,26,Entrepreneur,73420.92,6333.41
CUST07178,29,Architect,10339.53,747.6275
CUST07179,39,Engineer,82134.44,6671.536667
CUST07180,18,Entrepreneur,33189.02,2951.751667
CUST07181,28,Entrepreneur,9069.98,546.8316667
CUST07182,23,Entrepreneur,52561.62,4572.135
CUST07183,19,Musician,7979.775,531.98125
CUST07184,49,Accountant,61614.9,5364.575
CUST07185,39,Accountant,10496.255,1141.687917
CUST07186,23,Entrepreneur,100674.66,8435.555
CUST07187,25,Architect,9481.025,561.0854167
CUST07188,31,Musician,48706.1,4052.841667
CUST07189,44,Mechanic,53860.98,4260.415
CUST07190,25,Entrepreneur,105829.08,8729.09
CUST07191,47,Scientist,121197.9,10285.825
CUST07192,37,Teacher,73985.12,6207.426667
CUST07194,40,Musician,81571.88,6648.656667
CUST07195,33,Doctor,71391.78,5902.315
CUST07196,27,Engineer,65455.16,5194.596667
CUST07197,40,Manager,70277.22,5633.435
CUST07198,26,Architect,49077.12,4200.76
CUST07199,30,Writer,140114.0,11603.16667
CUST07201,18,Engineer,108818.2,9177.183333
CUST07202,28,Engineer,18995.54,1487.961667
CUST07203,55,Accountant,108625.29,9105.1075
CUST07204,35,Developer,41982.88,3263.573333
CUST07205,31,Scientist,8284.83,655.4025
CUST07208,30,Manager,16733.85,1612.4875
CUST07209,25,Accountant,94031.7,8115.975
CUST07210,33,Teacher,22239.0,1859.25
CUST07211,35,Doctor,14759.68,1021.973333
CUST07212,54,Developer,33778.42,2998.868333
CUST07213,25,Writer,15724.04,1094.336667
CUST07214,21,Engineer,26939.95,2466.995833
CUST07215,45,Teacher,108064.48,8933.373333
CUST07216,36,Scientist,60537.18,5182.765
CUST07217,44,Lawyer,8969.265,925.43875
CUST07218,27,Engineer,68900.64,5835.72
CUST07219,32,Entrepreneur,22188.45,2006.0375
CUST07220,21,Teacher,92519.61,7438.9675
CUST07222,36,Lawyer,30061.36,2480.113333
CUST07223,54,Doctor,29617.7,2358.141667
CUST07224,28,Entrepreneur,44614.56,3500.88
CUST07225,39,Manager,14982.63,1003.5525
CUST07226,32,Scientist,7200.035,540.0029167
CUST07227,19,Entrepreneur,21039.8,1875.316667
CUST07228,24,Journalist,17223.875,1684.322917
CUST07229,35,Accountant,87502.05,7589.8375
CUST07230,40,Teacher,26523.72,1915.31
CUST07231,50,Musician,25757.56,2205.463333
CUST07232,32,Scientist,113539.44,9276.62
CUST07233,54,Musician,18672.765,1557.06375
CUST07234,22,Developer,14274.32,907.5266667
CUST07235,21,Lawyer,31589.06,2894.421667
CUST07236,23,Media_Manager,47050.41,4117.8675
CUST07237,26,Mechanic,127581.0,10358.75
CUST07238,29,Media_Manager,16142.49,1239.2075
CUST07239,36,Entrepreneur,17869.29,1643.1075
CUST07240,28,Writer,69478.76,5902.896667
CUST07241,51,Writer,143552.0,11956.66667
CUST07242,20,Lawyer,49460.16,4270.68
CUST07243,41,Mechanic,8917.805,884.1504167
CUST07244,42,Teacher,7284.94,407.0783333
CUST07245,35,Media_Manager,35579.68,2864.973333
CUST07246,19,Architect,39511.0,3248.583333
CUST07247,40,Media_Manager,105239.46,8895.955
CUST07248,41,Architect,34076.32,3017.693333
CUST07249,53,Entrepreneur,15127.05,1542.5875
CUST07250,42,Teacher,34571.53,2854.960833
CUST07251,30,Media_Manager,53127.72,4655.31
CUST07252,36,Developer,18264.11,1621.009167
CUST07253,43,Entrepreneur,16750.82,1252.901667
CUST07254,24,Doctor,68299.04,5887.586667
CUST07255,41,Doctor,36439.06,3248.588333
CUST07256,21,Mechanic,18763.21,1752.600833
CUST07257,41,Architect,21380.065,2005.672083
CUST07258,47,Developer,24042.68,2223.556667
CUST07259,44,Lawyer,17296.485,1680.37375
CUST07260,25,Scientist,38612.19,2944.6825
CUST07261,33,Teacher,74647.47,6173.6225
CUST07262,43,Lawyer,81170.08,6638.173333
CUST07263,48,Media_Manager,60595.11,5106.5925
CUST07264,26,Journalist,43802.1,3468.175
CUST07265,25,Doctor,85248.15,6891.0125
CUST07266,38,Writer,17621.48,1401.456667
CUST07267,43,Developer,15859.47,1082.6225
CUST07268,32,Architect,50050.56,4406.88
CUST07269,20,Writer,32412.72,2887.06
CUST07270,55,Writer,39206.98,2969.248333
CUST07271,31,Engineer,32151.76,2591.313333
CUST07272,38,Accountant,61648.24,4845.353333
CUST07273,29,Developer,17946.85,1437.570833
CUST07274,47,Entrepreneur,38458.71,3116.8925
CUST07275,40,Accountant,60015.0,5064.25
CUST07276,20,Architect,17923.435,1203.619583
CUST07277,37,Entrepreneur,71830.0,5829.833333
CUST07278,45,Scientist,33531.29,2994.274167
CUST07280,41,Mechanic,51172.62,4221.385
CUST07281,17,Teacher,86200.8,7470.4
CUST07282,25,Lawyer,14646.28,1186.523333
CUST07283,23,Developer,106824.68,9088.056667
CUST07284,25,Lawyer,20823.28,1473.273333
CUST07286,35,Accountant,146861.12,12514.42667
CUST07287,33,Lawyer,20587.96,1953.663333
CUST07288,55,Teacher,72760.04,6085.336667
CUST07289,21,Teacher,34334.9,2999.241667
CUST07290,51,Entrepreneur,96943.47,8107.6225
CUST07291,23,Manager,14143.68,925.64
CUST07292,23,Entrepreneur,19181.19,1351.4325
CUST07294,48,Engineer,34053.28,2782.773333
CUST07295,45,Scientist,17092.69,1695.390833
CUST07296,45,Musician,41734.76,3688.896667
CUST07297,25,Writer,16100.17,1184.680833
CUST07298,20,Developer,104816.56,8769.713333
CUST07299,44,Mechanic,120333.04,10246.75333
CUST07300,32,Manager,31417.15,2664.095833
CUST07301,32,Doctor,89154.27,7223.5225
CUST07302,32,Mechanic,14804.08,979.6733333
CUST07303,24,Developer,88918.54,7657.878333
CUST07304,42,Scientist,7296.72,840.06
CUST07305,48,Lawyer,82230.76,6853.563333
CUST07306,21,Writer,16140.325,1309.027083
CUST07307,27,Entrepreneur,14817.665,1351.805417
CUST07308,23,Engineer,70015.36,6129.613333
CUST07309,29,Media_Manager,33312.69,3048.0575
CUST07310,29,Mechanic,45127.38,3466.615
CUST07311,26,Journalist,35664.22,2686.018333
CUST07312,27,Teacher,65668.78,5238.398333
CUST07313,41,Lawyer,8786.87,592.2391667
CUST07314,45,Journalist,69279.38,5836.281667
CUST07316,27,Teacher,82330.2,6731.85
CUST07318,26,Doctor,14562.88,1069.573333
CUST07319,43,Writer,17633.71,1489.475833
CUST07321,33,Entrepreneur,94559.73,7712.9775
CUST07322,28,Media_Manager,14089.595,1350.132917
CUST07323,20,Developer,79846.48,6576.873333
CUST07324,50,Teacher,36372.21,3269.0175
CUST07326,46,Doctor,28817.1,2191.425
CUST07329,38,Manager,10152.935,748.0779167
CUST07330,38,Developer,34134.78,2707.565
CUST07331,19,Scientist,46927.68,3725.64
CUST07332,36,Developer,37261.78,3361.148333
CUST07333,37,Media_Manager,28488.56,2182.046667
CUST07334,44,Engineer,15451.115,1495.592917
CUST07335,22,Musician,59978.52,4847.21
CUST07336,33,Teacher,93704.19,7905.6825
CUST07337,30,Writer,50352.39,4480.0325
CUST07338,31,Scientist,20986.9,1953.908333
CUST07339,33,Architect,8717.04,538.42
CUST07340,32,Media_Manager,33949.42,3102.118333
CUST07341,51,Musician,34640.23,2897.685833
CUST07342,21,Lawyer,106674.51,8657.5425
CUST07343,49,Doctor,11526.465,704.53875
CUST07344,33,Engineer,72690.44,5995.536667
CUST07345,39,Engineer,8707.38,456.615
CUST07346,21,Scientist,97612.14,8014.345
CUST07347,33,Accountant,14021.495,1077.457917
CUST07348,39,Scientist,71112.84,5885.07
CUST07349,54,Doctor,71878.92,6072.91
CUST07350,47,Scientist,18186.22,1761.518333
CUST07351,21,Manager,53709.66,4375.805
CUST07352,19,Manager,161689.72,13532.14333
CUST07353,25,Engineer,16465.61,1221.134167
CUST07354,40,Accountant,95895.72,7851.31
CUST07356,35,Manager,38821.54,3187.128333
CUST07357,18,Mechanic,42519.57,3734.2975
CUST07358,32,Accountant,16465.64,1672.136667
CUST07359,42,Musician,69035.64,5691.97
CUST07360,44,Accountant,18295.61,1456.634167
CUST07362,49,Media_Manager,19986.36,1864.53
CUST07363,27,Media_Manager,20487.1,1622.258333
CUST07364,24,Media_Manager,16399.77,1114.6475
CUST07365,45,Entrepreneur,30812.96,2422.746667
CUST07366,24,Journalist,38721.44,3340.786667
CUST07367,20,Engineer,19562.27,1877.189167
CUST07369,42,Entrepreneur,19833.55,1674.795833
CUST07370,38,Developer,57818.72,4864.226667
CUST07371,23,Entrepreneur,95933.68,7860.473333
CUST07372,20,Engineer,17902.265,1306.855417
CUST07373,36,Entrepreneur,103044.24,8310.02
CUST07374,39,Architect,8770.03,868.8358333
CUST07375,21,Engineer,76019.68,6602.973333
CUST07376,52,Lawyer,31950.94,2697.578333
CUST07377,49,Manager,107742.32,8761.526667
CUST07378,19,Engineer,59459.07,5061.9225
CUST07379,49,Lawyer,30912.86,2351.071667
CUST07380,33,Manager,39656.72,3369.726667
CUST07381,27,Accountant,54262.34,4625.861667
CUST07382,40,Entrepreneur,73678.88,6362.906667
CUST07383,20,Mechanic,32061.94,2373.828333
CUST07384,32,Engineer,60330.12,4952.51
CUST07385,28,Teacher,122028.48,9899.04
CUST07386,24,Musician,140770.16,11624.84667
CUST07387,55,Scientist,22425.52,2018.793333
CUST07388,34,Architect,19656.96,1339.08
CUST07390,46,Doctor,89057.64,7318.47
CUST07391,24,Doctor,17366.08,1365.173333
CUST07392,26,Manager,13461.25,1276.770833
CUST07393,18,Musician,24675.86,2126.321667
CUST07394,44,Manager,19418.475,1359.20625
CUST07395,19,Scientist,15991.02,1375.585
CUST07397,46,Journalist,22159.95,1739.6625
CUST07398,51,Mechanic,72740.96,6307.746667
CUST07399,21,Writer,47686.05,3963.8375
CUST07400,21,Doctor,95529.28,8151.773333
CUST07401,37,Teacher,38955.5,3544.291667
CUST07402,46,Journalist,135049.84,11162.15333
CUST07403,44,Doctor,38899.92,3459.66
CUST07404,45,Doctor,46390.56,3851.88
CUST07405,29,Entrepreneur,7315.235,379.6029167
CUST07406,17,Scientist,75857.6,6596.466667
CUST07407,52,Developer,35532.88,2874.073333
CUST07408,39,Media_Manager,116184.44,9454.036667
CUST07409,33,Accountant,10702.83,1108.9025
CUST07410,40,Media_Manager,97351.8,7912.65
CUST07411,25,Architect,41754.92,3679.576667
CUST07412,40,Scientist,71746.68,6107.89
CUST07413,48,Developer,101671.76,8340.646667
CUST07414,31,Scientist,73937.62,5980.468333
CUST07415,34,Writer,57107.44,4629.953333
CUST07416,32,Mechanic,7326.605,739.5504167
CUST07417,55,Architect,32073.31,2533.775833
CUST07418,54,Scientist,16620.755,1476.062917
CUST07419,32,Doctor,50109.76,4354.813333
CUST07420,54,Lawyer,87078.93,7554.5775
CUST07421,44,Engineer,38666.02,3070.168333
CUST07422,42,Engineer,17086.73,1157.894167
CUST07423,23,Journalist,17810.5,1200.208333
CUST07424,32,Doctor,33775.16,2800.004795
CUST07425,31,Engineer,28562.06,2610.171667
CUST07426,51,Accountant,36850.65,3266.8875
CUST07427,20,Architect,18120.72,1322.06
CUST07428,22,Engineer,89291.91,7740.9925
CUST07429,40,Musician,70154.85,5696.2375
CUST07430,43,Engineer,15835.495,1107.624583
CUST07431,48,Teacher,35917.16,3168.096667
CUST07432,55,Engineer,143239.84,12020.65333
CUST07433,55,Engineer,88363.86,7123.655
CUST07434,38,Journalist,28771.76,2497.646667
CUST07435,44,Accountant,88245.74,7424.811667
CUST07436,39,Manager,56313.96,4860.83
CUST07437,23,Lawyer,31707.73,2386.310833
CUST07438,42,Teacher,78658.16,6390.846667
CUST07439,33,Engineer,112812.24,9417.02
CUST07440,24,Scientist,73300.88,6140.406667
CUST07441,32,Engineer,17434.78,1214.898333
CUST07442,20,Engineer,115736.92,9541.743333
CUST07443,42,Manager,30984.66,2547.055
CUST07444,39,Lawyer,67791.98,5474.331667
CUST07445,31,Manager,50253.0,4356.75
CUST07446,34,Doctor,32753.05,2833.420833
CUST07447,24,Media_Manager,16618.17,1628.8475
CUST07448,37,Entrepreneur,99664.98,8482.415
CUST07449,39,Mechanic,18322.56,1796.88
CUST07450,46,Media_Manager,14707.375,1198.614583
CUST07451,45,Engineer,60226.16,5127.846667
CUST07452,45,Manager,72604.48,5951.373333
CUST07453,55,Writer,21989.265,1835.43875
CUST07454,55,Writer,39244.26,3079.355
CUST07455,49,Engineer,21905.095,1787.424583
CUST07456,25,Teacher,17337.8,1674.816667
CUST07457,42,Developer,38643.04,3506.253333
CUST07458,28,Lawyer,73600.26,6382.355
CUST07459,20,Entrepreneur,28549.94,2217.161667
CUST07460,43,Doctor,9844.975,824.4145833
CUST07461,44,Manager,28475.19,2090.9325
CUST07462,41,Mechanic,10542.045,1082.50375
CUST07463,19,Engineer,18796.03,1750.335833
CUST07464,35,Journalist,43960.19,3664.349167
CUST07465,29,Manager,31788.05,2792.004167
CUST07466,51,Media_Manager,18666.56,1323.546667
CUST07467,27,Journalist,44986.31,3925.859167
CUST07468,27,Media_Manager,16691.32,1292.943333
CUST07469,26,Journalist,63597.74,5359.811667
CUST07470,19,Media_Manager,62096.31,5151.6925
CUST07471,31,Entrepreneur,60856.6,5282.383333
CUST07472,31,Musician,12524.625,897.71875
CUST07473,22,Journalist,21467.56,1923.963333
CUST07474,32,Lawyer,74394.2,6393.516667
CUST07475,52,Teacher,16792.325,1292.360417
CUST07477,40,Accountant,57813.39,4781.7825
CUST07478,35,Teacher,44871.86,3646.321667
CUST07479,28,Teacher,81126.78,6885.565
CUST07480,32,Doctor,85770.42,7386.535
CUST07481,25,Doctor,125898.32,10565.52667
CUST07482,35,Accountant,132082.17,11174.8475
CUST07483,28,Manager,23956.27,1773.355833
CUST07484,43,Developer,17535.57,1628.2975
CUST07485,33,Teacher,53177.82,4453.485
CUST07486,21,Teacher,71846.32,5777.193333
CUST07487,22,Musician,33121.69,3009.140833
CUST07488,23,Manager,31115.76,2522.98
CUST07489,34,Manager,32434.64,2601.886667
CUST07490,53,Mechanic,43044.01,3679.000833
CUST07491,20,Architect,106525.29,9040.1075
CUST07492,35,Developer,54352.23,4593.3525
CUST07493,45,Architect,38436.68,2965.056667
CUST07494,18,Musician,17816.75,1623.729167
CUST07495,22,Manager,67863.92,5832.326667
CUST07496,20,Teacher,19266.77,1889.564167
CUST07497,38,Musician,34982.69,2851.224167
CUST07498,24,Accountant,34106.58,3126.215
CUST07499,48,Lawyer,32710.62,2835.885
CUST07501,41,Engineer,34899.22,2764.268333
CUST07502,30,Journalist,92114.68,7811.223333
CUST07503,47,Journalist,30789.41,2707.784167
CUST07505,40,Lawyer,38842.5,3136.875
CUST07506,32,Developer,48494.55,4155.2125
CUST07507,28,Journalist,53770.11,4666.8425
CUST07508,26,Engineer,112030.92,9368.91
CUST07509,39,Entrepreneur,71756.2,6258.683333
CUST07510,38,Entrepreneur,36140.12,3167.676667
CUST07511,44,Mechanic,65319.32,5616.276667
CUST07512,25,Scientist,73584.0,6205.0
CUST07513,33,Scientist,44382.88,3731.573333
CUST07514,38,Doctor,102432.51,8760.0425
CUST07515,46,Accountant,110607.09,8997.2575
CUST07516,43,Doctor,58918.47,5208.8725
CUST07517,53,Architect,100555.86,8133.655
CUST07518,49,Architect,144342.8,12040.56667
CUST07519,24,Lawyer,10004.805,984.73375
CUST07520,54,Musician,115105.56,9684.13
CUST07521,25,Engineer,57539.96,4636.996667
CUST07522,28,Media_Manager,73317.72,5823.81
CUST07523,42,Engineer,17908.15,1748.345833
CUST07524,48,Lawyer,93790.65,7644.8875
CUST07525,31,Journalist,73340.48,5945.706667
CUST07526,18,Writer,14439.78,959.315
CUST07527,32,Engineer,38839.22,3272.601667
CUST07528,39,Architect,19662.27,1351.5225
CUST07529,33,Entrepreneur,20653.25,1652.104167
CUST07531,42,Media_Manager,16509.01,1412.750833
CUST07532,42,Manager,34666.02,2946.835
CUST07533,53,Architect,21553.81,2065.150833
CUST07534,43,Scientist,30174.03,2664.5025
CUST07535,30,Media_Manager,49661.1,4408.425
CUST07536,24,Media_Manager,16955.675,1295.972917
CUST07537,24,Lawyer,117201.39,9712.7825
CUST07538,38,Musician,10485.62,633.8016667
CUST07539,38,Entrepreneur,18463.93,1795.660833
CUST07540,51,Mechanic,24778.8,2312.9
CUST07541,51,Musician,68948.32,5671.693333
CUST07542,18,Media_Manager,19183.53,1620.6275
CUST07543,25,Scientist,50807.44,4197.953333
CUST07544,30,Entrepreneur,56784.54,4948.045
CUST07545,29,Musician,160930.32,13484.86
CUST07546,44,Scientist,25703.34,1935.945
CUST07547,43,Accountant,7295.715,444.97625
CUST07548,31,Entrepreneur,151437.08,12361.75667
CUST07549,36,Entrepreneur,43790.4,3845.2
CUST07550,19,Accountant,14888.915,1343.742917
CUST07551,25,Accountant,100465.14,8279.095
CUST07553,21,Developer,20090.02,1570.168333
CUST07554,27,Teacher,94256.48,7558.706667
CUST07555,22,Mechanic,13000.735,1276.394583
CUST07556,53,Journalist,18500.54,1425.711667
CUST07557,38,Entrepreneur,70973.32,5741.443333
CUST07558,48,Media_Manager,121233.51,10393.7925
CUST07559,43,Doctor,75773.2,6248.433333
CUST07560,27,Teacher,48657.42,3979.785
CUST07561,42,Lawyer,70956.8,6064.066667
CUST07562,30,Journalist,97590.15,8321.5125
CUST07563,26,Manager,44632.44,3419.37
CUST07564,39,Writer,35317.81,2879.150833
CUST07565,18,Musician,37353.58,2926.798333
CUST07566,18,Journalist,13864.835,949.4029167
CUST07567,38,Writer,83552.12,6780.676667
CUST07568,36,Mechanic,43268.79,3351.7325
CUST07569,33,Developer,108638.76,9276.23
CUST07571,20,Entrepreneur,138920.84,11503.73667
CUST07572,40,Lawyer,7577.175,332.43125
CUST07573,34,Journalist,28431.06,2610.255
CUST07574,34,Manager,145932.04,11979.00333
CUST07575,33,Journalist,86668.74,7021.395
CUST07576,43,Mechanic,14535.305,1376.275417
CUST07577,46,Writer,66189.24,5437.77
CUST07578,28,Scientist,17642.275,1761.189583
CUST07579,53,Mechanic,20560.13,1881.344167
CUST07580,19,Teacher,14226.81,1238.5675
CUST07581,41,Teacher,20501.07,1731.4225
CUST07582,25,Accountant,98544.99,8379.0825
CUST07583,38,Manager,71518.92,5991.91
CUST07584,43,Journalist,16196.665,1565.722083
CUST07585,26,Scientist,18123.675,1326.30625
CUST07586,28,Scientist,90541.71,7607.1425
CUST07588,24,Journalist,17692.26,1380.355
CUST07589,41,Manager,82928.04,7117.67
CUST07590,45,Developer,53579.04,4355.92
CUST07591,36,Mechanic,36693.66,3144.805
CUST07592,38,Entrepreneur,33189.63,2688.8025
CUST07593,29,Developer,79494.4,6501.533333
CUST07594,43,Journalist,112484.68,9389.723333
CUST07595,27,Manager,39870.01,3578.500833
CUST07596,34,Architect,75455.34,6116.945
CUST07597,27,Musician,61131.36,4880.28
CUST07598,21,Doctor,28045.82,2434.151667
CUST07599,23,Teacher,20538.77,1957.564167
CUST07600,33,Musician,27324.7,2295.058333
CUST07601,21,Developer,35149.1,2935.091667
CUST07602,18,Mechanic,86171.52,7202.96
CUST07603,37,Entrepreneur,9944.365,742.6970833
CUST07605,20,Journalist,16212.015,1226.00125
CUST07606,25,Writer,50295.36,3893.28
CUST07607,54,Teacher,126004.2,10357.35
CUST07608,46,Accountant,21412.855,1708.404583
CUST07609,33,Media_Manager,16580.69,1332.724167
CUST07610,36,Teacher,22413.53,2165.794167
CUST07612,23,Architect,108142.14,9280.845
CUST07613,31,Mechanic,18776.84,1650.736667
CUST07614,40,Media_Manager,140271.4,11615.28333
CUST07615,38,Engineer,128363.64,10463.97
CUST07616,36,Developer,25580.34,1886.695
CUST07617,52,Teacher,134596.35,11481.3625
CUST07618,47,Architect,116624.4,9633.7
CUST07619,39,Engineer,40430.92,3489.243333
CUST07620,18,Writer,121041.21,10359.7675
CUST07621,18,Architect,71936.88,5906.74
CUST07622,40,Scientist,18770.3,1514.191667
CUST07623,24,Engineer,7604.185,612.6820833
CUST07624,28,Architect,35511.53,3154.294167
CUST07625,34,Manager,26408.13,2146.6775
CUST07626,40,Manager,42731.9,3459.991667
CUST07627,37,Manager,33701.99,2584.499167
CUST07628,38,Scientist,50608.23,4132.3525
CUST07630,19,Journalist,99984.48,8626.04
CUST07632,23,Architect,8356.44,503.37
CUST07633,36,Accountant,8128.065,467.33875
CUST07634,44,Entrepreneur,65522.84,5376.236667
CUST07635,36,Writer,18125.81,1545.484167
CUST07636,20,Developer,15363.22,1286.268333
CUST07637,30,Teacher,13691.91,936.9925
CUST07638,38,Accountant,97324.83,7869.4025
CUST07640,31,Media_Manager,88325.84,7622.486667
CUST07641,42,Musician,41975.0,3761.916667
CUST07642,23,Accountant,40759.86,3417.655
CUST07643,34,Architect,8291.51,961.9591667
CUST07645,27,Entrepreneur,74732.96,6181.746667
CUST07646,30,Manager,19532.06,1758.671667
CUST07647,32,Architect,85455.06,7125.255
CUST07648,28,Media_Manager,57132.48,4480.04
CUST07649,55,Writer,41810.62,3765.218333
CUST07650,35,Teacher,32077.74,2905.145
CUST07651,25,Teacher,32030.69,2292.015739
CUST07652,32,Engineer,19338.105,1569.50875
CUST07653,21,Accountant,12613.92,1155.16
CUST07654,52,Scientist,100884.81,8631.0675
CUST07655,26,Musician,34767.12,2737.26
CUST07656,38,Mechanic,88069.62,7552.135
CUST07657,32,Doctor,43925.79,3585.4825
CUST07658,35,Journalist,18630.47,1549.539167
CUST07660,44,Architect,9133.965,494.16375
CUST07661,55,Journalist,27987.5,2421.291667
CUST07662,30,Scientist,16380.325,1170.027083
CUST07663,34,Lawyer,15907.45,1405.620833
CUST07664,25,Doctor,48423.15,4044.2625
CUST07665,38,Mechanic,82816.48,6754.373333
CUST07666,52,Scientist,34269.74,2950.811667
CUST07667,18,Manager,58564.62,4752.385
CUST07668,48,Engineer,23848.02,2234.335
CUST07669,23,Mechanic,16559.985,1268.99875
CUST07670,44,Manager,64915.92,5245.66
CUST07671,35,Developer,28647.75,2161.3125
CUST07672,44,Doctor,18355.27,1408.605833
CUST07673,32,Lawyer,41757.44,3317.786667
CUST07674,31,Lawyer,79264.86,6863.405
CUST07675,39,Doctor,60379.28,4804.606667
CUST07677,40,Doctor,7023.16,767.2633333
CUST07678,33,Engineer,20374.59,1924.8825
CUST07679,45,Engineer,119875.35,9847.6125
CUST07680,39,Architect,63115.54,4981.628333
CUST07681,20,Musician,171572.16,14531.68
CUST07682,28,Accountant,33559.26,2732.605
CUST07683,42,Developer,7309.6,573.1333333
CUST07684,17,Engineer,28681.95,2308.1625
CUST07685,48,Developer,162688.28,13580.35667
CUST07686,35,Journalist,84050.5,7140.208333
CUST07687,53,Media_Manager,18995.115,1399.92625
CUST07688,18,Mechanic,73773.48,6307.79
CUST07689,31,Engineer,48305.18,4314.431667
CUST07690,36,Teacher,15668.4,1584.7
CUST07691,27,Accountant,10494.44,1048.536667
CUST07692,39,Scientist,38047.31,2891.609167
CUST07693,30,Teacher,7889.11,724.4258333
CUST07694,43,Media_Manager,69895.56,5893.63
CUST07695,40,Developer,43922.32,3869.193333
CUST07696,26,Media_Manager,36585.12,2853.76
CUST07697,27,Scientist,58728.06,4892.005
CUST07698,18,Doctor,50657.58,4471.465
CUST07699,24,Musician,14013.165,900.76375
CUST07700,51,Developer,21960.095,1732.007917
CUST07701,42,Musician,15081.42,1544.785
CUST07702,35,Scientist,120404.22,10107.685
CUST07703,30,Media_Manager,14432.87,1185.739167
CUST07704,44,Media_Manager,35911.33,3003.610833
CUST07705,46,Media_Manager,127160.94,10840.745
CUST07706,27,Manager,8446.24,970.8533333
CUST07707,19,Journalist,16931.7,1656.975
CUST07708,45,Entrepreneur,15685.095,1328.09125
CUST07709,38,Doctor,21585.13,1525.760833
CUST07710,48,Scientist,93898.05,7739.8375
CUST07711,43,Manager,124564.6,10207.38333
CUST07712,21,Writer,95596.35,8205.3625
CUST07713,23,Manager,82194.02,6799.501667
CUST07714,29,Media_Manager,130173.93,10703.8275
CUST07715,50,Mechanic,36549.68,3074.806667
CUST07716,45,Teacher,15381.59,1409.799167
CUST07717,18,Media_Manager,55235.76,4705.98
CUST07718,24,Accountant,69905.36,6090.446667
CUST07719,49,Scientist,42235.77,3664.6475
CUST07720,39,Journalist,10651.65,615.6375
CUST07721,45,Doctor,17641.87,1306.155833
CUST07723,41,Architect,19677.0,1659.144473
CUST07724,31,Scientist,9667.645,950.6370833
CUST07725,50,Scientist,116156.1,9448.675
CUST07726,35,Writer,70913.4,6126.45
CUST07727,19,Entrepreneur,29043.01,2326.250833
CUST07728,33,Media_Manager,20251.96,1476.663333
CUST07729,44,Musician,150256.72,12641.39333
CUST07730,39,Accountant,17153.69,1206.474167
CUST07731,51,Entrepreneur,32420.82,2605.735
CUST07732,39,Accountant,145175.4,12016.95
CUST07733,43,Accountant,106882.84,8882.903333
CUST07734,40,Accountant,99363.88,8222.323333
CUST07735,35,Architect,58176.6,4501.453268
CUST07736,18,Media_Manager,9221.875,598.4895833
CUST07737,49,Journalist,14528.37,1385.6975
CUST07738,35,Lawyer,61181.88,5192.49
CUST07739,32,Journalist,13961.155,1322.429583
CUST07740,50,Accountant,67691.12,5700.926667
CUST07741,45,Lawyer,20884.58,1855.381667
CUST07742,24,Writer,29570.45,2389.204167
CUST07743,28,Lawyer,110138.4,9419.2
CUST07745,40,Manager,11688.93,1239.0775
CUST07746,44,Media_Manager,67413.2,5824.766667
CUST07747,22,Lawyer,25659.34,2238.278333
CUST07748,46,Journalist,20574.87,1620.5725
CUST07749,41,Manager,73366.36,5950.863333
CUST07750,23,Scientist,82405.98,7093.165
CUST07751,48,Doctor,30804.39,2448.0325
CUST07752,43,Engineer,19148.93,1639.744167
CUST07753,28,Doctor,85583.02,7366.918333
CUST07754,19,Engineer,121698.48,9892.54
CUST07755,20,Mechanic,65735.46,5665.955
CUST07756,21,Doctor,20940.64,1874.053333
CUST07757,34,Scientist,17732.92,1343.743333
CUST07758,43,Musician,150625.48,12336.12333
CUST07759,34,Scientist,18708.73,1373.060833
CUST07760,41,Engineer,79090.74,6676.895
CUST07761,40,Engineer,52754.28,4205.19
CUST07762,38,Musician,35917.34,3159.111667
CUST07763,35,Doctor,11924.59,1156.715833
CUST07764,38,Lawyer,108457.74,9298.145
CUST07765,26,Doctor,7709.355,845.44625
CUST07766,28,Doctor,84001.66,6781.138333
CUST07767,41,Scientist,42121.92,3500.16
CUST07768,45,Engineer,19489.28,1388.106667
CUST07770,44,Entrepreneur,21370.185,2077.84875
CUST07771,53,Mechanic,115724.4,9868.7
CUST07772,18,Developer,28623.51,2281.2925
CUST07773,28,Engineer,57872.7,4669.725
CUST07774,26,Writer,36825.11,2997.759167
CUST07775,25,Developer,28835.68,2373.973333
CUST07776,22,Journalist,88062.28,7411.523333
CUST07777,23,Writer,17097.565,1461.797083
CUST07778,46,Journalist,61035.39,4821.2825
CUST07779,19,Doctor,19949.34,1378.445
CUST07780,32,Engineer,14828.19,1413.634591
CUST07781,55,Architect,81583.0,6687.583333
CUST07782,29,Journalist,37605.04,2868.753333
CUST07783,26,Developer,40739.49,3416.9575
CUST07784,24,Accountant,86255.8,7427.983333
CUST07785,36,Architect,15382.875,1522.90625
CUST07786,21,Lawyer,34565.73,2976.4775
CUST07787,55,Engineer,57260.5,4625.708333
CUST07788,30,Scientist,135200.12,11437.67667
CUST07789,28,Engineer,177947.28,15101.94
CUST07790,43,Entrepreneur,14667.26,1270.271667
CUST07791,51,Mechanic,33346.92,2997.91
CUST07792,29,Developer,91223.48,7475.956667
CUST07793,20,Entrepreneur,122434.23,10004.8525
CUST07794,17,Writer,44143.08,3912.59
CUST07795,39,Mechanic,33732.0,2730.0
CUST07796,24,Manager,7472.54,917.7116667
CUST07797,48,Lawyer,60865.05,5221.0875
CUST07798,26,Mechanic,50794.18,4089.848333
CUST07799,27,Lawyer,16873.115,1582.092917
CUST07800,24,Developer,18538.55,1379.879167
CUST07801,23,Manager,37679.19,3348.9325
CUST07802,45,Manager,57738.06,4881.505
CUST07803,33,Lawyer,59714.2,5136.183333
CUST07804,25,Doctor,19192.14,1655.345
CUST07805,23,Writer,34996.86,2886.405
CUST07806,25,Musician,20833.08,1607.09
CUST07807,18,Mechanic,62008.35,5256.3625
CUST07808,34,Entrepreneur,17831.05,1382.920833
CUST07809,44,Architect,77565.57,6663.7975
CUST07810,40,Scientist,29346.17,2368.514167
CUST07811,23,Teacher,136726.68,11299.89
CUST07812,25,Journalist,21884.0,1749.666667
CUST07814,25,Media_Manager,19695.09,1803.2575
CUST07815,34,Musician,36379.24,2838.603333
CUST07816,46,Lawyer,17228.775,1460.73125
CUST07817,55,Teacher,97635.87,7897.3225
CUST07818,19,Journalist,23265.78,2103.815
CUST07819,32,Teacher,82183.34,6731.611667
CUST07820,18,Architect,14146.59,1178.8825
CUST07821,35,Writer,10525.355,645.1129167
CUST07822,31,Lawyer,19633.03,1760.085833
CUST07823,52,Scientist,44895.61,3697.300833
CUST07824,37,Engineer,20175.44,1782.286667
CUST07825,26,Engineer,15125.64,1311.47
CUST07826,20,Lawyer,112924.72,9161.393333
CUST07827,44,Mechanic,17075.22,1538.935
CUST07828,39,Entrepreneur,98136.72,8433.06
CUST07829,38,Architect,24879.05,2085.254167
CUST07830,41,Scientist,95685.21,7864.7675
CUST07831,43,Writer,89937.72,7205.81
CUST07833,19,Accountant,9566.58,856.215
CUST07834,29,Architect,16726.62,1204.885
CUST07835,37,Accountant,62616.99,5271.0825
CUST07836,22,Developer,7890.515,932.5429167
CUST07837,36,Lawyer,20946.94,1837.578333
CUST07838,26,Scientist,67218.98,5738.581667
CUST07839,19,Engineer,132284.67,10726.7225
CUST07840,18,Entrepreneur,19375.76,1633.646667
CUST07841,37,Musician,8137.58,554.1316667
CUST07842,44,Lawyer,179239.6,15204.63333
CUST07843,51,Mechanic,22171.25,1638.604167
CUST07844,43,Scientist,29647.92,2329.66
CUST07845,36,Engineer,30296.0,2732.666667
CUST07848,34,Scientist,8291.845,946.9870833
CUST07849,45,Architect,99337.28,8563.106667
CUST07850,25,Doctor,10197.525,1015.79375
CUST07851,53,Scientist,109901.58,9423.465
CUST07852,42,Doctor,20039.58,1862.965
CUST07853,22,Accountant,14728.21,1480.350833
CUST07854,26,Developer,24390.29,1762.524167
CUST07855,38,Lawyer,32125.54,2559.128333
CUST07856,43,Developer,39135.0,3036.25
CUST07857,21,Musician,73020.54,6183.045
CUST07858,33,Journalist,16310.21,1565.184167
CUST07859,35,Teacher,16227.03,1646.2525
CUST07860,19,Manager,17565.58,1588.798333
CUST07861,24,Entrepreneur,58609.64,4763.136667
CUST07862,30,Scientist,23054.08,2052.173333
CUST07863,18,Developer,63402.2,5475.516667
CUST07864,42,Architect,16021.14,1583.095
CUST07865,21,Mechanic,29704.64,2365.386667
CUST07866,40,Architect,27738.99,2120.5825
CUST07869,38,Journalist,59893.26,5052.105
CUST07870,54,Teacher,177846.68,14855.55667
CUST07871,19,Accountant,63523.48,5438.623333
CUST07872,53,Accountant,56751.72,4572.31
CUST07873,27,Teacher,132324.18,11027.015
CUST07874,53,Doctor,66882.74,5656.561667
CUST07875,41,Doctor,124534.38,10621.865
CUST07876,30,Entrepreneur,14542.3,1480.858333
CUST07877,40,Doctor,24446.05,1813.170833
CUST07878,18,Entrepreneur,146729.64,12495.47
CUST07879,33,Entrepreneur,30386.2,2650.183333
CUST07880,41,Doctor,30117.42,2312.785
CUST07881,31,Journalist,30560.73,2692.7275
CUST07882,37,Teacher,15785.04,1369.42
CUST07883,38,Architect,132370.2,11263.85
CUST07884,32,Entrepreneur,63371.56,5533.963333
CUST07885,21,Doctor,18504.72,1757.06
CUST07886,47,Accountant,49652.52,3889.71
CUST07887,20,Entrepreneur,89864.28,7538.69
CUST07888,34,Mechanic,131253.81,11068.8175
CUST07889,40,Accountant,73948.04,6025.336667
CUST07890,46,Engineer,139631.08,11557.92333
CUST07891,27,Developer,68474.64,5431.22
CUST07892,53,Entrepreneur,127708.48,10389.37333
CUST07893,28,Engineer,9737.045,699.4204167
CUST07894,24,Manager,16416.38,1567.031667
CUST07895,49,Accountant,160057.96,13417.16333
CUST07896,35,Developer,35255.26,2667.938333
CUST07897,42,Manager,118717.64,9885.136667
CUST07898,33,Manager,44264.41,3755.700833
CUST07899,19,Writer,31346.22,2493.185
CUST07900,55,Doctor,93622.5,7975.875
CUST07901,31,Mechanic,76726.64,6098.886667
CUST07902,26,Musician,74203.38,5891.615
CUST07903,36,Lawyer,137048.56,11539.71333
CUST07904,34,Mechanic,21765.99,1942.8325
CUST07905,44,Lawyer,7844.045,767.6704167
CUST07906,22,Scientist,73665.33,6080.7775
CUST07907,19,Media_Manager,36178.94,2737.911667
CUST07909,35,Scientist,12421.12,1002.093333
CUST07910,27,Accountant,42387.54,3680.295
CUST07911,23,Lawyer,87939.04,7343.253333
CUST07912,29,Developer,29375.68,2728.973333
CUST07913,27,Entrepreneur,40735.3,3202.608333
CUST07914,52,Teacher,29709.73,2587.810833
CUST07915,21,Lawyer,8477.51,648.4591667
CUST07916,19,Accountant,38047.79,3344.649167
CUST07917,25,Teacher,74264.92,6137.743333
CUST07918,39,Lawyer,73937.4,6415.45
CUST07919,36,Musician,72307.32,5754.61
CUST07921,23,Doctor,167664.88,14007.07333
CUST07923,26,Accountant,60362.88,4916.24
CUST07924,34,Accountant,14968.48,1001.373333
CUST07925,43,Entrepreneur,36229.54,3012.128333
CUST07926,24,Accountant,39910.48,3529.873333
CUST07927,42,Media_Manager,33199.8,2507.65
CUST07928,29,Musician,144686.0,12306.16667
CUST07929,18,Architect,47183.94,3803.995
CUST07930,31,Writer,31589.9,2706.491667
CUST07931,32,Teacher,107572.72,9133.393333
CUST07934,43,Developer,106694.82,8959.235
CUST07935,30,Doctor,33131.6,2770.966667
CUST07936,28,Writer,9615.095,610.2579167
CUST07937,18,Developer,18184.81,1541.400833
CUST07938,30,Architect,67978.8,5803.9
CUST07939,53,Entrepreneur,72301.62,6100.135
CUST07940,52,Architect,24755.99,2327.999167
CUST07941,24,Media_Manager,68926.36,5593.863333
CUST07942,37,Media_Manager,58558.86,5123.905
CUST07943,54,Entrepreneur,100358.73,8504.2275
CUST07944,18,Journalist,62200.6,5104.383333
CUST07945,36,Manager,40341.38,3196.559142
CUST07947,31,Accountant,126253.65,10315.1375
CUST07948,45,Lawyer,15682.145,1412.845417
CUST07949,51,Teacher,57847.1,4808.591667
CUST07950,45,Lawyer,28485.76,2230.813333
CUST07951,37,Mechanic,21578.575,1499.214583
CUST07952,40,Accountant,58372.92,5067.41
CUST07953,35,Journalist,50010.9,4262.575
CUST07954,25,Journalist,16970.75,1685.229167
CUST07955,39,Mechanic,36446.26,2923.188333
CUST07956,23,Accountant,8605.54,722.1283333
CUST07957,38,Entrepreneur,16678.77,1101.8975
CUST07959,18,Journalist,33127.31,2484.609167
CUST07960,55,Lawyer,57724.36,4699.363333
CUST07961,23,Media_Manager,37813.29,2951.1075
CUST07962,22,Accountant,102046.83,8609.9025
CUST07963,24,Entrepreneur,42664.56,3700.38
CUST07964,45,Manager,87876.27,7232.0225
CUST07965,40,Lawyer,15363.115,1400.259583
CUST07966,32,Musician,14613.65,1334.804167
CUST07967,42,Journalist,58170.76,4861.563333
CUST07968,21,Developer,122782.95,10320.9125
CUST07969,42,Developer,35263.09,2808.590833
CUST07970,33,Media_Manager,59226.15,4780.5125
CUST07971,51,Teacher,125049.78,10426.815
CUST07972,43,Scientist,40575.26,3523.271667
CUST07973,34,Doctor,115104.72,9395.06
CUST07974,38,Lawyer,32167.36,2700.613333
CUST07975,44,Media_Manager,56414.52,4494.21
CUST07976,34,Developer,30256.85,2226.404167
CUST07978,32,Teacher,15566.55,1202.2125
CUST07979,44,Developer,65047.53,5550.6275
CUST07980,54,Developer,14709.335,1510.777917
CUST07981,44,Writer,15806.84,1140.236667
CUST07982,43,Accountant,19621.94,1851.161667
CUST07983,42,Teacher,70554.22,5856.518333
CUST07984,31,Developer,127672.24,10668.35333
CUST07985,39,Developer,19617.02,1624.751667
CUST07986,44,Scientist,29951.57,2254.964167
CUST07987,24,Journalist,16477.55,1226.129167
CUST07988,32,Media_Manager,30874.43,2595.869167
CUST07989,27,Developer,8171.11,886.9258333
CUST07990,44,Entrepreneur,37612.54,3145.378333
CUST07991,31,Entrepreneur,17443.94,1714.661667
CUST07992,54,Scientist,31199.43,2800.9525
CUST07993,44,Media_Manager,17096.25,1669.6875
CUST07994,39,Writer,56089.95,4875.1625
CUST07995,37,Writer,17971.0,1383.583333
CUST07996,41,Accountant,19104.75,1669.0625
CUST07997,35,Entrepreneur,125977.6,10426.13333
CUST07998,37,Lawyer,134124.0,10886.0
CUST07999,37,Scientist,34613.16,3001.43
CUST08000,22,Doctor,122135.12,10125.92667
CUST08001,38,Mechanic,60530.7,4962.225
CUST08002,45,Doctor,17426.71,1745.225833
CUST08003,24,Lawyer,116098.12,9402.843333
CUST08004,32,Scientist,71203.4,6132.616667
CUST08005,24,Media_Manager,15576.36,1351.03
CUST08006,53,Writer,87438.03,7354.5025
CUST08007,36,Lawyer,125179.95,10173.6625
CUST08008,32,Writer,20723.8,1611.983333
CUST08009,39,Mechanic,118151.16,9904.93
CUST08010,27,Accountant,35854.31,2737.859167
CUST08011,25,Media_Manager,81259.36,6998.613333
CUST08012,33,Developer,13207.76,822.6466667
CUST08013,50,Entrepreneur,65544.12,5311.01
CUST08014,29,Developer,33498.8,2567.566667
CUST08015,18,Lawyer,35389.89,2700.1575
CUST08016,38,Media_Manager,57810.68,4896.556667
CUST08017,37,Doctor,17214.01,1531.500833
CUST08018,49,Entrepreneur,133628.52,11298.71
CUST08019,22,Entrepreneur,81538.76,6963.896667
CUST08020,19,Journalist,40626.05,3516.504167
CUST08021,40,Developer,7710.84,927.57
CUST08022,17,Developer,73047.96,6253.33
CUST08023,20,Manager,25773.73,2359.810833
CUST08024,31,Manager,17685.73,1552.810833
CUST08025,17,Entrepreneur,31944.72,2417.06
CUST08026,40,Media_Manager,15005.31,1334.4425
CUST08027,20,Accountant,57563.94,4917.995
CUST08028,55,Musician,60323.34,4769.945
CUST08029,36,Developer,56052.42,4730.035
CUST08030,22,Doctor,18374.32,1391.193333
CUST08031,28,Musician,17951.3,1342.941667
CUST08032,35,Scientist,19047.36,1769.28
CUST08033,26,Architect,103136.76,8613.73
CUST08034,48,Developer,69563.34,5738.945
CUST08035,41,Teacher,16176.835,1585.069583
CUST08037,52,Accountant,21115.99,1730.665833
CUST08038,29,Teacher,83332.88,6667.406667
CUST08039,34,Doctor,144446.72,11874.22667
CUST08040,50,Developer,14957.52,1387.46
CUST08041,37,Accountant,39110.82,3374.235
CUST08042,27,Accountant,80595.48,6899.29
CUST08043,23,Developer,87337.08,7441.09
CUST08044,29,Doctor,18331.415,1722.617917
CUST08045,52,Doctor,55877.54,4477.461667
CUST08046,42,Journalist,29663.56,2715.963333
CUST08047,51,Writer,31527.53,2853.294167
CUST08048,19,Teacher,14311.59,1006.6325
CUST08049,34,Writer,75569.1,6458.425
CUST08050,22,Journalist,24859.96,2045.663333
CUST08051,21,Media_Manager,164189.48,13485.45667
CUST08052,45,Journalist,45848.86,3672.738333
CUST08053,44,Architect,34199.94,2730.995
CUST08054,30,Writer,36186.85,2797.570833
CUST08055,26,Architect,106002.32,8974.526667
CUST08056,31,Musician,37824.96,3104.08
CUST08057,32,Manager,9607.53,982.6275
CUST08058,40,Journalist,92459.1,7413.925
CUST08059,18,Mechanic,68917.94,5498.161667
CUST08060,45,Mechanic,75436.72,6052.393333
CUST08061,21,Accountant,28690.97,2657.914167
CUST08062,38,Musician,9464.405,875.7004167
CUST08063,28,Journalist,64416.46,5494.038333
CUST08064,30,Accountant,7991.33,736.9441667
CUST08066,19,Scientist,11949.505,774.7920833
CUST08067,18,Media_Manager,32300.85,2739.7375
CUST08068,34,Engineer,29902.22,2230.851667
CUST08069,19,Media_Manager,78096.39,6438.0325
CUST08070,26,Lawyer,56580.63,4660.0525
CUST08071,33,Manager,28472.92,2201.743333
CUST08072,20,Lawyer,11183.865,1066.98875
CUST08073,42,Entrepreneur,143829.16,12087.76333
CUST08074,29,Journalist,45827.74,3953.978333
CUST08075,33,Accountant,20668.71,1993.3925
CUST08076,46,Journalist,10316.45,811.7041667
CUST08077,24,Scientist,20785.41,1823.1175
CUST08078,32,Lawyer,16481.715,1537.47625
CUST08079,33,Journalist,16826.495,1555.207917
CUST08080,25,Teacher,9622.625,905.8854167
CUST08081,45,Doctor,17059.21,1574.600833
CUST08082,35,Media_Manager,39369.68,3044.806667
CUST08083,18,Lawyer,18490.14,1615.845
CUST08085,37,Media_Manager,19396.5,1441.375
CUST08087,18,Manager,76689.8,6683.816667
CUST08088,21,Doctor,14759.53,1394.960833
CUST08089,25,Writer,16293.385,1145.782083
CUST08090,32,Architect,43995.49,3927.290833
CUST08091,30,Musician,57864.6,4559.05
CUST08092,30,Scientist,106520.68,8789.723333
CUST08093,24,Engineer,16956.72,1696.06
CUST08094,42,Mechanic,52830.0,4506.5
CUST08095,27,Media_Manager,50600.01,3923.6675
CUST08096,52,Architect,67818.86,5373.571667
CUST08097,24,Lawyer,10805.56,627.4633333
CUST08098,25,Engineer,83210.28,7051.19
CUST08099,35,Journalist,19975.13,1466.594167
CUST08100,45,Writer,77672.34,6766.695
CUST08102,28,Lawyer,52639.65,4618.6375
CUST08103,28,Manager,62827.47,5441.6225
CUST08104,40,Developer,37443.81,2990.3175
CUST08106,54,Entrepreneur,25990.16,2193.846667
CUST08107,24,Manager,80230.68,6501.89
CUST08108,40,Media_Manager,88402.96,7497.913333
CUST08109,24,Developer,106529.8,8906.483333
CUST08110,49,Writer,39491.26,3129.938333
CUST08111,38,Developer,29777.3,2530.441667
CUST08112,22,Writer,74961.72,6421.81
CUST08113,41,Media_Manager,39979.96,3374.663333
CUST08114,49,Architect,72412.84,5913.403333
CUST08115,33,Media_Manager,34486.08,2914.84
CUST08116,54,Media_Manager,36966.76,2875.563333
CUST08117,34,Scientist,12875.73,818.9775
CUST08118,29,Engineer,12860.845,966.7370833
CUST08119,54,Architect,22283.07,1933.9225
CUST08120,25,Musician,124296.27,10111.0225
CUST08122,33,Writer,34319.66,2876.971667
CUST08123,36,Mechanic,17273.83,1276.485833
CUST08124,41,Entrepreneur,32265.26,2673.771667
CUST08125,53,Accountant,29988.93,2753.0775
CUST08126,38,Architect,32078.72,2874.226667
CUST08127,26,Engineer,10265.69,1112.474167
CUST08128,21,Media_Manager,18426.025,1513.502083
CUST08129,37,Architect,17756.42,1630.701667
CUST08130,49,Entrepreneur,34689.26,2608.771667
CUST08131,45,Accountant,42735.93,3632.3275
CUST08132,39,Mechanic,63851.24,5328.936667
CUST08133,45,Entrepreneur,47400.2,4192.016667
CUST08135,21,Developer,83164.8,6942.4
CUST08136,20,Media_Manager,18949.07,1562.089167
CUST08137,32,Teacher,56539.04,4780.586667
CUST08138,30,Engineer,36104.82,3294.735
CUST08139,23,Developer,18769.1,1460.091667
CUST08140,24,Doctor,40193.94,3403.495
CUST08142,20,Scientist,77104.47,6571.3725
CUST08144,52,Entrepreneur,27759.32,2419.276667
CUST08145,33,Journalist,31722.09,2577.5075
CUST08146,19,Teacher,113384.82,9507.735
CUST08147,44,Lawyer,21426.13,1562.510833
CUST08148,24,Writer,14180.48,956.7066667
CUST08149,46,Manager,29819.42,2413.951667
CUST08150,31,Lawyer,71676.0,5921.0
CUST08151,50,Engineer,40067.96,3619.996667
CUST08152,27,Journalist,46951.02,3725.585
CUST08153,39,Teacher,131701.12,10704.09333
CUST08154,41,Entrepreneur,71617.92,6009.16
CUST08155,22,Manager,17196.44,1438.036667
CUST08156,36,Media_Manager,32473.32,2875.11
CUST08157,18,Media_Manager,136399.96,11510.66333
CUST08158,34,Entrepreneur,123665.0,10145.41667
CUST08159,19,Accountant,28332.51,2536.0425
CUST08161,45,Architect,85062.63,6988.5525
CUST08162,53,Teacher,26175.52,1985.293333
CUST08163,22,Accountant,38655.1,3268.258333
CUST08164,38,Journalist,79050.88,6676.573333
CUST08165,47,Musician,88668.81,7565.0675
CUST08166,30,Musician,14878.675,1328.889583
CUST08167,50,Architect,123388.83,10405.4025
CUST08168,24,Musician,9955.465,887.6220833
CUST08169,20,Architect,25444.95,2342.4125
CUST08170,29,Entrepreneur,67271.24,5325.936667
CUST08171,27,Musician,16720.2,1471.35
CUST08172,47,Doctor,18369.33,1579.7775
CUST08173,27,Architect,31897.35,2908.1125
CUST08174,33,Musician,62348.46,4942.705
CUST08175,35,Writer,146399.88,12416.99
CUST08176,22,Lawyer,21787.63,1867.635833
CUST08177,42,Scientist,81506.32,7012.193333
CUST08178,51,Doctor,28169.69,2171.474167
CUST08179,36,Journalist,16770.91,1617.575833
CUST08180,38,Accountant,23727.45,2145.2875
CUST08181,50,Writer,19519.66,1400.638333
CUST08183,45,Developer,88203.74,7415.311667
CUST08184,28,Writer,75992.7,6407.725
CUST08185,18,Journalist,86015.16,6997.93
CUST08186,19,Lawyer,86093.4,6885.45
CUST08187,55,Media_Manager,60919.84,5373.653333
CUST08188,28,Accountant,19852.32,1413.36
CUST08189,54,Mechanic,41481.82,3598.818333
CUST08191,42,Engineer,53467.47,4461.6225
CUST08192,52,Entrepreneur,17127.3,1407.275
CUST08193,22,Accountant,36243.05,3235.254167
CUST08194,20,Doctor,38007.66,3320.305
CUST08195,32,Accountant,123523.6,10168.63333
CUST08196,26,Architect,36996.83,3152.069167
CUST08197,28,Architect,16860.705,1178.05875
CUST08198,25,Developer,17174.67,1349.2225
CUST08199,36,Manager,76324.68,6155.39
CUST08200,44,Lawyer,49657.92,4193.16
CUST08201,41,Media_Manager,60364.08,5045.34
CUST08202,20,Engineer,35295.07,2675.255833
CUST08203,55,Manager,32933.44,2574.453333
CUST08204,25,Developer,15476.64,1174.72
CUST08205,45,Manager,68636.44,5891.703333
CUST08206,30,Mechanic,33446.44,3058.203333
CUST08207,22,Writer,51411.1,4178.258333
CUST08208,49,Accountant,125033.0,10585.41667
CUST08209,17,Architect,33890.2,2557.183333
CUST08210,43,Doctor,53084.07,4525.6725
CUST08212,37,Writer,14792.57,1181.714167
CUST08213,32,Writer,66679.56,5522.63
CUST08214,38,Architect,126780.48,10443.04
CUST08215,33,Journalist,40165.72,3588.143333
CUST08216,38,Mechanic,9126.455,490.5379167
CUST08217,26,Journalist,56687.56,4514.963333
CUST08218,42,Architect,39849.72,3334.81
CUST08219,38,Developer,101996.79,8498.7325
CUST08220,26,Teacher,107808.0,9138.0
CUST08222,19,Mechanic,15678.385,1447.532083
CUST08223,34,Developer,35733.38,2807.781667
CUST08225,30,Doctor,77001.36,6561.78
CUST08226,40,Developer,46485.27,3874.7725
CUST08227,36,Writer,37963.16,3431.596667
CUST08228,38,Writer,69209.85,6047.4875
CUST08229,47,Musician,31318.22,2508.851667
CUST08230,20,Mechanic,18228.67,1734.055833
CUST08231,25,Journalist,26838.73,2020.560833
CUST08232,45,Manager,50545.74,4346.145
CUST08233,23,Architect,66693.51,5572.7925
CUST08234,24,Lawyer,20395.54,1909.628333
CUST08235,38,Teacher,19480.04,1365.336667
CUST08236,20,Scientist,111188.04,9318.67
CUST08237,28,Mechanic,7477.175,713.0979167
CUST08238,38,Mechanic,105740.97,8706.7475
CUST08239,28,Journalist,172952.32,14547.69333
CUST08240,36,Writer,31941.88,2526.823333
CUST08242,35,Manager,17312.45,1604.704167
CUST08243,42,Mechanic,16955.24,1693.936667
CUST08244,36,Musician,108268.23,9171.3525
CUST08245,39,Architect,16041.33,1281.7775
CUST08246,27,Teacher,71530.8,6197.9
CUST08247,32,Engineer,15186.175,1527.514583
CUST08248,55,Media_Manager,26918.64,2494.22
CUST08249,30,Writer,120629.04,9970.42
CUST08250,32,Teacher,170008.72,14178.39333
CUST08251,17,Journalist,9829.665,970.13875
CUST08252,35,Writer,57353.16,4738.43
CUST08253,45,Journalist,83627.12,6843.926667
CUST08254,31,Entrepreneur,7361.645,673.4704167
CUST08255,21,Developer,14938.01,985.8341667
CUST08256,19,Lawyer,54670.95,4798.9125
CUST08257,19,Engineer,67092.51,5767.0425
CUST08258,25,Teacher,15549.06,1589.755
CUST08259,46,Developer,53979.12,4792.26
CUST08260,24,Engineer,61056.3,5086.025
CUST08261,31,Journalist,44942.23,3926.185833
CUST08262,49,Musician,83923.24,6723.603333
CUST08263,40,Scientist,16827.15,1608.2625
CUST08264,20,Teacher,42321.5,3345.791667
CUST08265,19,Entrepreneur,8637.875,614.8229167
CUST08266,21,Architect,58184.67,4579.611397
CUST08267,31,Musician,20101.36,1520.113333
CUST08268,22,Musician,48434.66,4201.221667
CUST08269,40,Lawyer,19604.35,1715.695833
CUST08270,46,Mechanic,21112.76,1641.396667
CUST08271,29,Lawyer,36898.44,2957.87
CUST08272,48,Architect,67106.79,5858.2325
CUST08273,43,Doctor,30710.59,2529.748076
CUST08274,18,Entrepreneur,57921.74,4772.811667
CUST08275,20,Musician,99161.82,8055.485
CUST08276,22,Doctor,15298.94,1078.911667
CUST08277,40,Architect,35198.01,2864.1675
CUST08278,23,Developer,68281.18,5920.098333
CUST08279,36,Musician,12761.21,1026.434167
CUST08280,31,Journalist,85084.8,6997.4
CUST08281,46,Lawyer,55120.88,4465.406667
CUST08282,40,Scientist,43016.7,3853.725
CUST08283,29,Journalist,14269.42,1349.118333
CUST08284,31,Engineer,102339.96,8411.33
CUST08285,38,Accountant,19323.4,1749.283333
CUST08286,46,Scientist,40807.77,3399.6475
CUST08287,44,Accountant,36338.78,2908.231667
CUST08288,24,Developer,67204.1,5333.341667
CUST08289,24,Scientist,16185.63,1355.8025
CUST08290,27,Architect,33042.48,2942.54
CUST08291,53,Musician,123800.8,10116.73333
CUST08292,42,Writer,79824.64,6705.053333
CUST08293,29,Accountant,14656.68,1410.39
CUST08294,26,Journalist,61936.88,5216.406667
CUST08295,25,Accountant,33718.86,2928.905
CUST08296,25,Accountant,70646.64,6135.22
CUST08297,51,Mechanic,153147.64,12915.30333
CUST08298,26,Musician,51370.17,4042.8475
CUST08299,36,Manager,62995.92,5153.66
CUST08300,34,Musician,32808.09,2968.0075
CUST08301,32,Lawyer,57246.8,4492.566667
CUST08302,42,Architect,95596.35,8024.3625
CUST08303,41,Lawyer,18754.65,1588.8875
CUST08304,26,Engineer,23987.59,2087.965833
CUST08305,31,Lawyer,106949.49,8988.4575
CUST08306,35,Lawyer,14528.81,1106.734167
CUST08307,49,Architect,15217.59,999.1325
CUST08308,28,Accountant,16701.96,1599.83
CUST08309,54,Entrepreneur,113284.84,9516.403333
CUST08310,31,Manager,11032.075,790.3395833
CUST08311,39,Media_Manager,56070.92,4596.576667
CUST08312,47,Scientist,24460.96,2190.413333
CUST08313,41,Journalist,9269.99,598.4991667
CUST08314,39,Mechanic,67039.6,5869.633333
CUST08315,20,Developer,17328.675,1208.05625
CUST08316,35,Media_Manager,28378.94,2348.911667
CUST08317,24,Journalist,35342.98,2919.248333
CUST08318,45,Scientist,45764.14,3975.678333
CUST08319,36,Mechanic,10186.26,985.855
CUST08320,45,Engineer,110557.08,9210.09
CUST08321,29,Teacher,57303.36,4949.28
CUST08323,47,Architect,39477.34,3010.778333
CUST08324,20,Manager,41435.26,3639.938333
CUST08325,45,Architect,18124.175,1683.347917
CUST08326,40,Accountant,14417.71,1425.475833
CUST08327,24,Journalist,72629.12,5884.426667
CUST08328,22,Accountant,14702.05,1090.660971
CUST08329,50,Journalist,70968.06,5773.005
CUST08330,49,Manager,34058.47,2874.205833
CUST08331,50,Lawyer,22914.66,1746.555
CUST08332,42,Doctor,64175.56,5154.963333
CUST08333,31,Accountant,15971.515,1366.959583
CUST08334,39,Architect,52837.29,4230.1075
CUST08335,23,Lawyer,16406.08,1604.173333
CUST08336,45,Musician,80633.22,6463.435
CUST08337,44,Teacher,8787.9,491.325
CUST08338,34,Accountant,54265.54,4248.128333
CUST08339,52,Entrepreneur,88296.18,7386.015
CUST08340,34,Media_Manager,67408.06,5813.338333
CUST08341,43,Accountant,28274.64,2398.22
CUST08342,23,Architect,100697.64,8649.47
CUST08343,48,Media_Manager,28378.53,2228.8775
CUST08345,40,Entrepreneur,33717.92,2952.826667
CUST08346,19,Doctor,17055.61,1650.300833
CUST08347,21,Architect,8392.645,796.3870833
CUST08348,27,Architect,64845.8,5574.816667
CUST08349,36,Entrepreneur,125027.24,8912.983175
CUST08350,25,Developer,59375.22,4734.935
CUST08351,31,Manager,26305.91,1946.159167
CUST08352,36,Manager,33799.36,2944.613333
CUST08353,38,Scientist,20886.73,1725.560833
CUST08354,32,Lawyer,17640.42,1380.035
CUST08355,38,Media_Manager,19850.31,1688.1925
CUST08356,50,Journalist,56622.3,4469.525
CUST08357,33,Mechanic,16540.95,1106.4125
CUST08358,26,Architect,43269.35,3558.779167
CUST08359,34,Developer,105596.28,8565.69
CUST08360,20,Media_Manager,12928.24,1112.353333
CUST08361,29,Entrepreneur,111404.52,9473.71
CUST08362,35,Scientist,7110.93,843.5775
CUST08363,24,Manager,65536.74,5359.395
CUST08364,39,Doctor,19200.08,1678.006667
CUST08365,33,Doctor,17645.66,1671.471667
CUST08367,19,Media_Manager,8139.495,391.29125
CUST08368,40,Architect,32757.76,2631.813333
CUST08369,34,Developer,16596.385,1659.032083
CUST08370,29,Teacher,79630.14,6689.845
CUST08371,23,Entrepreneur,22222.15,1814.845833
CUST08372,25,Writer,45472.2,3693.35
CUST08373,44,Doctor,57953.82,4606.485
CUST08374,28,Accountant,40369.07,3186.089167
CUST08375,42,Lawyer,33181.3,2739.108333
CUST08376,26,Mechanic,179166.48,14929.54
CUST08377,53,Lawyer,32972.8,2836.733333
CUST08378,18,Engineer,7632.555,476.04625
CUST08379,55,Manager,27223.1,2363.591667
CUST08380,25,Engineer,33574.44,2864.87
CUST08381,33,Manager,34798.82,3019.901667
CUST08382,20,Lawyer,26460.7,2295.058333
CUST08383,48,Journalist,28975.42,2391.618333
CUST08384,31,Teacher,49405.92,4019.16
CUST08385,47,Musician,175972.0,14771.33333
CUST08386,23,Journalist,105151.32,8861.61
CUST08387,34,Architect,29902.72,2676.893333
CUST08388,41,Scientist,99573.12,8240.76
CUST08389,27,Writer,39453.74,3254.811667
CUST08390,31,Lawyer,75988.68,6419.39
CUST08391,42,Musician,46256.34,4048.695
CUST08392,39,Musician,8057.43,561.4525
CUST08393,19,Musician,22815.0,2071.25
CUST08395,34,Architect,34700.16,3075.68
CUST08396,23,Journalist,7788.985,622.0820833
CUST08397,48,Accountant,88165.12,7547.093333
CUST08398,19,Media_Manager,107591.79,8769.9825
CUST08399,21,Manager,32394.38,2631.531667
CUST08400,22,Scientist,67082.16,5622.18
CUST08401,28,Accountant,68367.8,5147.070967
CUST08402,18,Scientist,17670.52,1529.543333
CUST08403,33,Accountant,42337.39,3545.115833
CUST08404,18,Developer,73530.48,6301.54
CUST08405,28,Media_Manager,38269.83,3010.1525
CUST08406,47,Writer,27240.07,2065.005833
CUST08407,41,Mechanic,15120.0,1447.0
CUST08409,39,Scientist,49880.68,3936.723333
CUST08411,29,Lawyer,8393.96,780.4966667
CUST08412,31,Accountant,106790.32,8961.193333
CUST08413,35,Developer,20063.56,1832.963333
CUST08414,38,Scientist,29410.64,2712.886667
CUST08415,27,Accountant,29416.81,2742.400833
CUST08417,27,Architect,8983.515,968.62625
CUST08418,50,Media_Manager,110437.2,9401.1
CUST08419,30,Entrepreneur,39928.5,3375.375
CUST08420,18,Mechanic,18282.34,1769.528333
CUST08421,23,Accountant,27138.97,2453.580833
CUST08422,30,Scientist,9081.535,842.7945833
CUST08423,44,Teacher,83132.28,7022.69
CUST08424,22,Entrepreneur,36270.25,2846.520833
CUST08425,46,Writer,20867.67,1489.9725
CUST08426,21,Manager,37361.02,3280.418333
CUST08427,32,Lawyer,41709.64,3739.803333
CUST08428,44,Teacher,9967.82,684.6516667
CUST08429,54,Lawyer,44083.28,3703.606667
CUST08430,33,Doctor,82565.52,6917.46
CUST08431,50,Journalist,39561.48,3455.79
CUST08432,26,Musician,18122.59,1233.215833
CUST08433,28,Lawyer,83453.72,6718.476667
CUST08434,28,Developer,16718.645,1270.220417
CUST08435,43,Architect,51266.34,4089.195
CUST08436,50,Lawyer,100188.84,8459.07
CUST08437,22,Teacher,104849.82,8744.485
CUST08438,50,Engineer,151373.04,12901.42
CUST08439,52,Mechanic,141262.48,11833.87333
CUST08440,23,Scientist,63528.7,5132.058333
CUST08441,38,Accountant,29948.76,2398.73
CUST08442,41,Teacher,35848.82,3219.401667
CUST08443,37,Doctor,34733.44,3163.453333
CUST08444,22,Accountant,20843.43,1774.9525
CUST08445,45,Mechanic,20730.55,1598.545833
CUST08446,41,Teacher,14619.585,1005.29875
CUST08447,28,Media_Manager,65085.76,5702.813333
CUST08448,32,Journalist,90370.96,7517.913333
CUST08449,33,Developer,111117.6,9378.8
CUST08450,42,Architect,22502.24,2120.186667
CUST08451,34,Writer,33836.13,2589.6775
CUST08452,28,Doctor,18965.08,1602.423333
CUST08453,32,Teacher,29768.44,2448.703333
CUST08454,27,Musician,44928.27,3700.0225
CUST08455,23,Developer,8357.98,693.4983333
CUST08456,20,Media_Manager,9771.77,652.3141667
CUST08457,37,Mechanic,43825.16,3852.096667
CUST08458,21,Scientist,10340.695,694.7245833
CUST08459,20,Doctor,116780.6,9854.716667
CUST08460,52,Writer,79300.22,6354.351667
CUST08461,37,Lawyer,139291.92,11560.66
CUST08462,31,Engineer,25696.65,1879.3875
CUST08463,47,Musician,38650.73,2983.894167
CUST08464,20,Scientist,124020.44,10163.03667
CUST08465,26,Architect,33740.62,2954.718333
CUST08467,24,Musician,29669.28,2534.44
CUST08468,18,Engineer,60314.22,5004.185
CUST08469,34,Mechanic,80132.13,6829.6775
CUST08470,29,Journalist,9869.175,536.43125
CUST08471,29,Scientist,63675.12,5352.26
CUST08472,40,Lawyer,90292.28,7258.356667
CUST08473,27,Musician,21454.79,1720.899167
CUST08474,40,Engineer,23621.48,2158.456667
CUST08475,21,Teacher,23939.93,2156.994167
CUST08476,25,Architect,141477.56,12012.79667
CUST08477,54,Accountant,21338.55,1506.2125
CUST08478,39,Manager,17532.55,1675.045833
CUST08479,22,Mechanic,9807.79,1071.315833
CUST08480,24,Developer,66252.0,5261.0
CUST08481,20,Doctor,35075.33,3213.944167
CUST08482,41,Writer,24326.28,2137.19
CUST08483,24,Lawyer,74248.72,6285.485352
CUST08484,48,Teacher,17039.415,1616.95125
CUST08485,29,Mechanic,21523.025,1974.585417
CUST08486,42,Architect,22803.84,1845.32
CUST08487,43,Developer,9555.665,957.3054167
CUST08488,48,Lawyer,31016.6,2653.716667
CUST08490,43,Journalist,10460.245,995.6870833
CUST08491,40,Media_Manager,152796.76,12845.06333
CUST08492,30,Lawyer,38735.57,3187.964167
CUST08493,37,Accountant,79524.64,6626.053333
CUST08495,39,Teacher,87078.48,7535.54
CUST08497,44,Engineer,18702.5,1736.541667
CUST08498,41,Writer,14220.28,1404.023333
CUST08499,49,Lawyer,69712.46,6075.371667
CUST08500,27,Architect,98227.08,8441.59
CUST08501,19,Accountant,177696.92,15090.07667
CUST08502,44,Developer,18048.88,1669.073333
CUST08503,54,Doctor,49217.68,4154.473333
CUST08504,19,Entrepreneur,99934.89,8261.9075
CUST08505,30,Musician,69332.9,5695.741667
CUST08506,21,Teacher,21825.32,2088.776667
CUST08507,38,Mechanic,14884.29,1205.3575
CUST08508,44,Lawyer,20828.2,1870.683333
CUST08509,29,Lawyer,76924.38,6587.365
CUST08510,51,Writer,89177.01,7517.4175
CUST08511,55,Writer,14311.415,1472.617917
CUST08512,20,Scientist,34975.73,2779.644167
CUST08513,39,Architect,33355.81,2981.650833
CUST08514,26,Musician,8501.93,745.4941667
CUST08515,22,Media_Manager,34526.09,2908.174167
CUST08516,22,Engineer,9141.63,1056.8025
CUST08517,38,Writer,22143.31,2110.275833
CUST08518,27,Developer,32701.56,2930.13
CUST08519,32,Accountant,48276.66,4146.055
CUST08520,34,Writer,14634.1,1406.508333
CUST08521,24,Media_Manager,59134.0,4669.833333
CUST08523,35,Manager,32129.0,2514.416667
CUST08524,25,Teacher,49650.36,3995.53
CUST08525,24,Lawyer,41403.34,3730.278333
CUST08526,33,Scientist,42514.56,3780.88
CUST08527,52,Accountant,78435.64,6794.303333
CUST08528,39,Journalist,31439.74,2432.978333
CUST08529,53,Architect,24629.46,1703.865521
CUST08530,35,Entrepreneur,16511.455,1554.954583
CUST08531,36,Mechanic,8394.57,818.5475
CUST08532,35,Accountant,34087.65,2900.6375
CUST08533,42,Scientist,64270.12,5500.843333
CUST08534,44,Journalist,9759.375,813.28125
CUST08535,27,Developer,38726.47,3467.205833
CUST08536,21,Media_Manager,59102.91,4975.2425
CUST08537,49,Developer,34981.59,2695.1325
CUST08538,45,Teacher,10324.26,708.355
CUST08539,25,Accountant,36661.93,2915.160833
CUST08540,44,Musician,31980.14,2924.011667
CUST08541,32,Musician,22918.52,1840.876667
CUST08542,29,Accountant,45379.77,3995.6475
CUST08543,20,Developer,7724.425,631.7020833
CUST08544,22,Manager,46301.96,3680.496667
CUST08545,51,Doctor,17767.86,1592.655
CUST08546,50,Lawyer,121831.0,9912.583333
CUST08547,20,Writer,10355.675,901.9729167
CUST08548,26,Teacher,20314.65,1926.8875
CUST08550,44,Teacher,59119.74,4846.645
CUST08552,26,Media_Manager,21468.16,2066.013333
CUST08553,28,Architect,54060.45,4302.0375
CUST08554,22,Journalist,83358.3,6896.525
CUST08555,22,Journalist,12246.215,1181.517917
CUST08557,49,Media_Manager,30984.3,2385.025
CUST08558,55,Scientist,73490.5,6231.208333
CUST08559,23,Accountant,58211.85,4727.9875
CUST08560,28,Accountant,87477.45,7427.7875
CUST08561,44,Accountant,118884.0,9665.0
CUST08562,36,Entrepreneur,15217.1,1448.091667
CUST08564,51,Lawyer,23012.43,1781.7025
CUST08565,26,Mechanic,82394.16,6776.18
CUST08566,31,Media_Manager,8165.37,471.4475
CUST08567,35,Engineer,9743.96,889.9966667
CUST08568,32,Journalist,8002.575,644.88125
CUST08569,37,Writer,146999.24,12110.93667
CUST08570,33,Entrepreneur,127253.4,10686.45
CUST08571,20,Engineer,77108.98,6528.748333
CUST08572,22,Journalist,18623.07,1746.9225
CUST08573,30,Doctor,16562.55,1678.2125
CUST08574,38,Manager,37045.78,3267.148333
CUST08575,29,Entrepreneur,30652.38,2836.365
CUST08576,26,Teacher,31429.81,2723.150833
CUST08577,25,Journalist,33376.81,2890.400833
CUST08578,24,Journalist,34570.08,3102.84
CUST08579,42,Mechanic,32176.68,2399.39
CUST08580,27,Media_Manager,112270.59,9138.8825
CUST08581,37,Developer,123936.16,10558.01333
CUST08582,18,Media_Manager,38992.57,3144.380833
CUST08583,45,Manager,17324.7,1273.725
CUST08584,21,Lawyer,103190.84,8400.236667
CUST08585,24,Manager,15878.09,1068.174167
CUST08586,52,Lawyer,54426.18,4546.515
CUST08587,37,Accountant,35033.11,3041.425833
CUST08591,25,Architect,32613.98,2688.831667
CUST08592,51,Entrepreneur,94070.2,7846.183333
CUST08593,46,Accountant,103316.76,8473.73
CUST08594,27,Writer,69289.4,5817.116667
CUST08595,39,Mechanic,13999.185,932.59875
CUST08596,28,Accountant,70883.44,5663.953333
CUST08597,40,Scientist,47521.56,4128.13
CUST08598,30,Mechanic,130293.36,10618.78
CUST08599,20,Entrepreneur,97735.08,8376.59
CUST08600,26,Doctor,33906.16,2668.513333
CUST08601,23,Architect,21897.505,1986.792083
CUST08602,32,Manager,157814.32,13087.19333
CUST08603,20,Architect,33635.72,2937.976667
CUST08604,49,Mechanic,12165.52,1176.793333
CUST08605,27,Journalist,33133.71,2679.1425
CUST08607,20,Accountant,19307.9,1898.991667
CUST08608,54,Media_Manager,26861.89,2074.490833
CUST08609,46,Developer,14834.445,1082.20375
CUST08611,21,Scientist,115832.24,9902.686667
CUST08612,54,Entrepreneur,82969.92,6694.16
CUST08613,53,Engineer,88818.56,7139.546667
CUST08615,28,Accountant,20397.51,1413.7925
CUST08616,29,Architect,134951.25,11014.9375
CUST08617,18,Doctor,9381.05,559.7541667
CUST08618,20,Architect,40167.84,3532.32
CUST08619,31,Manager,19863.68,1709.306667
CUST08620,19,Musician,19608.98,1408.081667
CUST08621,40,Manager,131091.12,10855.26
CUST08622,37,Teacher,17288.425,1530.702083
CUST08623,42,Lawyer,38392.87,3343.405833
CUST08624,54,Writer,17651.515,1528.959583
CUST08625,50,Doctor,14585.47,1043.455833
CUST08626,45,Scientist,31968.28,2620.023333
CUST08627,38,Accountant,103495.68,8611.64
CUST08628,41,Architect,16048.76,1623.396667
CUST08629,37,Engineer,44968.15,3528.345833
CUST08630,18,Scientist,61352.64,5014.72
CUST08631,45,Teacher,49963.65,4456.6375
CUST08632,39,Writer,14067.58,920.2983333
CUST08633,39,Writer,81438.56,6989.546667
CUST08634,43,Engineer,35251.49,2831.624167
CUST08635,31,Teacher,66949.68,5802.14
CUST08636,41,Writer,29715.16,2044.231426
CUST08637,21,Engineer,15645.89,1434.824167
CUST08638,39,Doctor,15301.71,1087.1425
CUST08641,47,Lawyer,84358.5,6730.875
CUST08642,34,Mechanic,171462.56,14270.54667
CUST08643,53,Scientist,64752.4,5652.033333
CUST08644,27,Teacher,137625.04,11731.75333
CUST08645,22,Engineer,16956.9,1480.075
CUST08646,19,Engineer,41695.76,3401.646667
CUST08647,22,Lawyer,16106.84,1368.236667
CUST08648,24,Journalist,89995.59,7546.6325
CUST08649,26,Lawyer,20012.87,1830.739167
CUST08650,20,Journalist,16380.17,1441.014167
CUST08651,20,Engineer,40702.96,3536.913333
CUST08653,42,Media_Manager,38456.2,3086.683333
CUST08654,55,Musician,143829.56,11755.79667
CUST08655,54,Journalist,31467.58,2763.298333
CUST08656,26,Accountant,168682.56,14118.88
CUST08657,44,Mechanic,84504.51,7135.0425
CUST08658,48,Lawyer,169710.52,14181.54333
CUST08659,24,Media_Manager,14616.91,1206.075833
CUST08660,51,Entrepreneur,22336.27,1776.355833
CUST08661,20,Engineer,132273.75,10800.8125
CUST08662,43,Teacher,134327.56,11411.96333
CUST08663,48,Accountant,41009.96,3671.496667
CUST08664,39,Doctor,18694.99,1657.915833
CUST08665,43,Mechanic,95933.64,8167.47
CUST08666,37,Accountant,19204.93,1515.410833
CUST08667,41,Doctor,69712.2,5841.35
CUST08668,26,Architect,43704.55,3481.045833
CUST08669,37,Lawyer,35142.57,3074.5475
CUST08670,35,Writer,69240.72,5670.06
CUST08671,31,Teacher,20804.74,1881.728333
CUST08672,24,Musician,18946.07,1592.839167
CUST08673,25,Scientist,20759.32,1528.943333
CUST08674,32,Musician,15725.7,1165.475
CUST08675,31,Developer,38035.76,3052.646667
CUST08676,43,Media_Manager,14535.49,998.2908333
CUST08678,29,Mechanic,35613.25,3016.770833
CUST08679,27,Journalist,115614.27,9443.5225
CUST08680,26,Manager,92652.09,7635.0075
CUST08681,38,Lawyer,17135.68,1628.973333
CUST08682,35,Developer,36984.76,3073.063333
CUST08683,28,Lawyer,28901.07,2145.4225
CUST08684,40,Architect,17151.19,1625.265833
CUST08685,24,Manager,178283.68,14835.97333
CUST08686,38,Media_Manager,9221.745,758.47875
CUST08687,36,Musician,140124.8,11870.06667
CUST08688,55,Media_Manager,136542.08,11242.50667
CUST08689,35,Accountant,14471.785,1086.982083
CUST08690,36,Architect,16698.08,1438.506667
CUST08691,21,Entrepreneur,28191.89,2540.324167
CUST08692,29,Doctor,38324.72,3167.726667
CUST08693,29,Developer,64404.16,5370.013333
CUST08694,20,Architect,104509.53,8791.1275
CUST08695,19,Mechanic,50212.71,4341.3925
CUST08696,49,Manager,75490.22,6502.851667
CUST08697,42,Media_Manager,78626.49,6682.2075
CUST08698,45,Musician,15219.08,1505.256667
CUST08699,34,Musician,42177.9,3780.825
CUST08700,37,Writer,74169.76,6174.813333
CUST08701,21,Manager,26454.21,2200.5175
CUST08702,45,Architect,36403.98,3012.665
CUST08703,20,Entrepreneur,66482.2,5340.183333
CUST08704,30,Doctor,62804.55,5022.7125
CUST08706,27,Scientist,28027.52,2046.626667
CUST08707,55,Journalist,17510.865,1277.23875
CUST08708,23,Entrepreneur,84384.96,6862.08
CUST08709,23,Journalist,64269.24,5112.77
CUST08710,44,Developer,14705.9,1479.491667
CUST08711,39,Doctor,71558.72,6058.226667
CUST08712,45,Teacher,29627.53,2179.960833
CUST08713,29,Architect,45144.8,3980.066667
CUST08714,37,Accountant,31021.08,2500.09
CUST08715,24,Manager,125079.04,10197.25333
CUST08717,42,Teacher,14225.96,1422.496667
CUST08718,24,Media_Manager,58233.58,4702.798333
CUST08719,31,Architect,100791.57,8436.2975
CUST08720,23,Musician,40305.02,3545.751667
CUST08721,22,Writer,127524.81,10918.0675
CUST08722,19,Musician,7367.11,616.9258333
CUST08723,33,Architect,16009.6,1532.133333
CUST08724,26,Scientist,24482.38,2242.198333
CUST08725,32,Accountant,18426.65,1692.554167
CUST08726,40,Developer,21652.195,1510.349583
CUST08727,36,Doctor,42877.62,3446.135
CUST08728,43,Mechanic,10077.135,626.76125
CUST08729,38,Journalist,17698.23,1744.8525
CUST08730,44,Engineer,32507.89,2784.990833
CUST08731,35,Teacher,108205.0,9019.083333
CUST08732,20,Mechanic,15051.065,1156.255417
CUST08733,50,Media_Manager,82929.96,6872.83
CUST08734,25,Musician,48706.59,4170.8825
CUST08735,52,Architect,147519.72,12393.31
CUST08736,45,Engineer,122710.12,10368.84333
CUST08737,33,Teacher,34758.2,2979.516667
CUST08738,24,Engineer,83521.24,7162.103333
CUST08739,38,Accountant,26405.15,1911.429167
CUST08740,34,Writer,17346.16,1607.513333
CUST08741,34,Developer,16113.89,1454.824167
CUST08742,52,Mechanic,150339.96,12614.33
CUST08743,38,Writer,42355.28,3512.606667
CUST08745,25,Accountant,28146.26,2599.521667
CUST08746,19,Mechanic,76887.92,6445.326667
CUST08747,27,Doctor,7531.855,573.6545833
CUST08748,31,Architect,29986.48,2655.873333
CUST08749,50,Musician,15318.095,1200.507917
CUST08750,27,Accountant,28849.66,2142.138333
CUST08751,20,Manager,152574.76,12547.56333
CUST08752,25,Writer,30912.38,2613.031667
CUST08753,27,Scientist,58132.12,4944.343333
CUST08754,33,Manager,69061.0,5518.083333
CUST08755,33,Developer,32908.26,2504.355
CUST08756,34,Lawyer,61634.54,4957.211667
CUST08757,30,Accountant,33445.01,2663.084167
CUST08758,27,Musician,93131.94,7871.995
CUST08759,33,Lawyer,115324.62,9772.385
CUST08760,38,Accountant,41802.42,3731.535
CUST08761,35,Accountant,35771.08,3024.923333
CUST08762,24,Writer,118041.39,9709.7825
CUST08763,37,Musician,65630.66,5341.221667
CUST08764,36,Media_Manager,29357.85,2665.4875
CUST08765,46,Engineer,21177.51,1527.7925
CUST08766,43,Accountant,40881.38,3323.781667
CUST08767,26,Lawyer,18670.22,1301.851667
CUST08768,26,Developer,9283.17,807.5975
CUST08769,23,Lawyer,115247.16,9744.93
CUST08770,44,Writer,36080.59,2858.715833
CUST08771,41,Scientist,19191.52,1872.293333
CUST08772,47,Engineer,79016.06,6561.671667
CUST08773,30,Doctor,51582.54,4016.545
CUST08774,18,Scientist,32543.41,2962.950833
CUST08775,44,Doctor,84687.54,6839.295
CUST08776,37,Writer,31748.67,2388.7225
CUST08777,27,Accountant,18323.175,1504.93125
CUST08778,33,Accountant,20607.78,1453.315
CUST08779,25,Lawyer,70446.63,5900.5525
CUST08780,31,Journalist,174226.68,14396.89
CUST08781,33,Mechanic,106605.6,8687.8
CUST08782,36,Scientist,36573.8,2809.816667
CUST08784,35,Scientist,106615.44,9016.62
CUST08785,19,Accountant,29167.68,2138.64
CUST08787,39,Accountant,30366.04,2395.503333
CUST08788,33,Teacher,35822.34,2995.195
CUST08789,43,Musician,16578.29,1423.524167
CUST08790,53,Writer,17329.075,1167.089583
CUST08791,49,Entrepreneur,90875.56,7538.963333
CUST08792,48,Doctor,22431.61,1775.300833
CUST08793,29,Writer,18333.79,1576.815833
CUST08794,34,Entrepreneur,7200.005,482.0004167
CUST08795,21,Architect,107854.84,9245.903333
CUST08796,55,Accountant,100097.19,8455.4325
CUST08797,45,Scientist,93233.73,7762.4775
CUST08798,29,Journalist,10439.97,1103.9975
CUST08799,24,Writer,54667.1,4804.591667
CUST08800,22,Journalist,69324.2,5896.016667
CUST08801,23,Teacher,8884.17,874.3475
CUST08802,34,Doctor,9643.265,829.6054167
CUST08803,47,Scientist,58210.38,4681.865
CUST08804,23,Engineer,19016.29,1771.690833
CUST08805,36,Architect,98198.07,8079.1725
CUST08806,44,Lawyer,40667.32,3398.943333
CUST08807,36,Architect,66095.88,5541.99
CUST08808,37,Architect,46469.28,4038.44
CUST08809,22,Musician,42577.86,3782.155
CUST08810,50,Developer,60390.8,5136.566667
CUST08811,22,Doctor,14618.9,1214.241667
CUST08812,53,Doctor,115380.18,9418.015
CUST08814,23,Manager,131723.24,10841.93667
CUST08815,41,Manager,49224.84,4225.07
CUST08816,45,Mechanic,75291.12,6221.26
CUST08817,40,Entrepreneur,16496.82,1076.735
CUST08818,29,Architect,44616.7,4008.058333
CUST08819,48,Manager,22978.67,1954.889167
CUST08820,43,Doctor,78769.32,6277.11
CUST08821,29,Musician,20900.51,1879.709167
CUST08822,48,Mechanic,40021.11,3233.0925
CUST08823,40,Manager,85724.7,7074.725
CUST08824,29,Entrepreneur,20483.84,1811.986667
CUST08825,43,Doctor,10426.84,991.9033333
CUST08826,28,Teacher,14174.36,924.1966667
CUST08827,54,Entrepreneur,12859.76,1133.646667
CUST08828,18,Developer,19397.6,1539.466667
CUST08829,26,Doctor,12525.745,1004.812083
CUST08830,39,Accountant,123941.64,10499.47
CUST08831,40,Musician,19164.19,1352.015833
CUST08832,51,Developer,34593.98,3060.831667
CUST08833,25,Scientist,71460.32,6038.026667
CUST08834,44,Musician,15599.88,1324.99
CUST08835,53,Developer,30635.16,2658.93
CUST08836,49,Mechanic,95267.49,7974.9575
CUST08837,25,Musician,171126.04,14431.50333
CUST08838,39,Doctor,16108.46,1334.371667
CUST08839,40,Journalist,15046.85,1022.904167
CUST08840,45,Lawyer,79241.12,6587.426667
CUST08841,38,Journalist,101230.32,8273.86
CUST08842,25,Journalist,17887.47,1542.6225
CUST08843,21,Mechanic,49949.84,4002.486667
CUST08844,25,Writer,14388.79,1356.065833
CUST08845,39,Entrepreneur,27356.1,1998.675
CUST08846,27,Entrepreneur,23625.55,2147.795833
CUST08847,41,Media_Manager,47093.32,3950.443333
CUST08848,52,Scientist,86372.43,6986.7025
CUST08850,31,Manager,93957.36,8044.78
CUST08851,38,Teacher,31122.32,2299.526667
CUST08852,27,Architect,16232.14,1496.678333
CUST08853,42,Lawyer,98208.78,8313.065
CUST08854,45,Engineer,19493.51,1662.459167
CUST08855,42,Scientist,101785.08,8402.09
CUST08856,28,Accountant,14395.83,1027.6525
CUST08857,27,Manager,9709.325,670.1104167
CUST08858,41,Lawyer,67672.4,5878.366667
CUST08859,22,Doctor,19193.42,1589.451667
CUST08860,47,Doctor,143883.28,12131.27333
CUST08861,46,Media_Manager,38551.09,3380.590833
CUST08862,32,Engineer,32635.06,2954.588333
CUST08863,27,Writer,36320.13,3271.6775
CUST08864,34,Media_Manager,57744.68,4824.056667
CUST08865,29,Lawyer,28308.78,2552.065
CUST08866,27,Scientist,46174.58,3652.881667
CUST08867,23,Doctor,32889.64,2687.803333
CUST08868,43,Engineer,130091.08,10826.92333
CUST08869,38,Accountant,67101.52,5318.793333
CUST08870,26,Scientist,19551.36,1489.28
CUST08871,45,Musician,16254.6,1187.55
CUST08872,20,Developer,58367.36,4921.946667
CUST08873,41,Lawyer,74614.64,6205.886667
CUST08874,33,Accountant,43340.44,3521.703333
CUST08875,48,Doctor,25376.73,2387.7275
CUST08876,31,Manager,117566.96,9813.246667
CUST08877,24,Developer,133538.68,10955.22333
CUST08878,52,Teacher,69605.0,5543.416667
CUST08879,31,Writer,95389.71,7658.1425
CUST08880,52,Journalist,47165.44,3782.453333
CUST08881,38,Accountant,14958.54,1192.545
CUST08882,49,Media_Manager,81365.07,6899.4225
CUST08883,18,Accountant,8934.615,617.55125
CUST08884,19,Writer,19358.37,1658.1975
CUST08885,44,Scientist,18964.73,1571.394167
CUST08886,48,Musician,116742.54,9924.545
CUST08887,44,Journalist,24127.22,1765.601667
CUST08888,19,Journalist,9260.58,1018.715
CUST08889,19,Developer,69348.7,5512.058333
CUST08890,54,Architect,31647.02,2725.251667
CUST08891,27,Engineer,17296.94,1254.411667
CUST08892,34,Media_Manager,78244.68,6483.39
CUST08893,30,Media_Manager,11944.675,1010.389583
CUST08894,41,Architect,30617.62,2533.468333
CUST08895,37,Musician,47195.19,3749.9325
CUST08896,45,Architect,8744.865,693.73875
CUST08897,18,Engineer,136359.64,11493.30333
CUST08898,23,Engineer,21404.24,1887.686667
CUST08899,53,Teacher,78113.56,6486.463333
CUST08900,33,Lawyer,31049.54,2374.461667
CUST08901,31,Teacher,39357.45,3125.7875
CUST08902,24,Journalist,119024.04,10121.67
CUST08903,23,Lawyer,66149.48,5230.456667
CUST08904,42,Doctor,16287.14,1097.261667
CUST08905,49,Journalist,30199.19,2741.599167
CUST08906,27,Teacher,20817.92,1647.826667
CUST08907,42,Media_Manager,33461.24,2695.436667
CUST08908,32,Architect,34357.96,2632.163333
CUST08909,51,Writer,30936.76,2311.063333
CUST08910,32,Accountant,31696.73,2363.394167
CUST08911,37,Developer,97549.92,8275.16
CUST08912,26,Manager,53315.28,4242.94
CUST08913,45,Developer,71367.5,5860.291667
CUST08914,49,Musician,28630.01,2637.834167
CUST08915,45,Lawyer,34534.82,3165.901667
CUST08916,33,Developer,117827.22,9684.935
CUST08917,19,Scientist,7423.97,881.6641667
CUST08918,35,Developer,16864.18,1474.348333
CUST08919,40,Manager,26738.26,2058.188333
CUST08920,30,Journalist,17150.52,1191.21
CUST08921,43,Developer,69571.3,5805.608333
CUST08922,37,Entrepreneur,70088.36,6090.696667
CUST08923,49,Developer,29745.08,2434.756667
CUST08924,34,Media_Manager,8108.77,535.7308333
CUST08925,30,Architect,58992.92,4986.076667
CUST08926,21,Lawyer,14249.04,1442.42
CUST08927,19,Engineer,60489.88,4996.823333
CUST08928,28,Engineer,15709.22,1290.101667
CUST08929,47,Musician,106770.21,9132.5175
CUST08930,25,Writer,59390.4,4948.2
CUST08931,37,Scientist,14007.82,1206.318333
CUST08932,34,Mechanic,123085.89,10334.1575
CUST08933,44,Architect,33226.58,2928.881667
CUST08935,25,Journalist,17414.72,1381.226667
CUST08936,21,Developer,26223.67,2387.305833
CUST08937,35,Mechanic,35076.16,3166.013333
CUST08938,29,Writer,129758.24,10865.18667
CUST08939,51,Mechanic,125415.96,10271.33
CUST08940,30,Architect,52977.54,4711.795
CUST08941,34,Lawyer,65076.0,5160.0
CUST08942,18,Musician,146880.84,12372.07
CUST08943,43,Scientist,54259.42,4620.618333
CUST08944,51,Lawyer,114364.52,9692.376667
CUST08945,32,Accountant,108223.71,7841.023964
CUST08947,42,Engineer,16574.41,1183.200833
CUST08948,44,Architect,44620.44,3496.37
CUST08949,44,Developer,47506.8,4053.9
CUST08950,47,Developer,42193.03,3375.085833
CUST08951,41,Mechanic,77457.32,6161.776667
CUST08952,47,Lawyer,32283.05,2845.254167
CUST08953,45,Engineer,38834.79,3045.2325
CUST08954,53,Accountant,105488.68,8848.723333
CUST08955,49,Developer,17830.415,1229.867917
CUST08956,49,Engineer,76325.67,6644.4725
CUST08957,55,Lawyer,99166.77,8305.8975
CUST08958,55,Lawyer,134328.9,11330.075
CUST08959,27,Writer,43831.6,3506.633333
CUST08960,22,Accountant,19013.31,1571.4425
CUST08961,44,Engineer,28805.89,2507.490833
CUST08962,24,Mechanic,48302.48,4325.206667
CUST08963,46,Scientist,38670.08,3459.506667
CUST08964,43,Lawyer,18726.61,1840.550833
CUST08965,31,Engineer,32194.56,2663.88
CUST08966,25,Scientist,38073.2,3367.766667
CUST08967,32,Entrepreneur,17423.69,1707.974167
CUST08968,21,Doctor,29180.37,2409.6975
CUST08969,28,Writer,50818.83,4114.9025
CUST08970,52,Mechanic,10458.16,1103.513333
CUST08971,39,Scientist,40793.33,3174.444167
CUST08972,42,Engineer,8733.57,672.7975
CUST08973,26,Teacher,15781.52,1105.126667
CUST08974,47,Mechanic,129575.12,10795.92667
CUST08975,31,Doctor,21505.64,1548.136667
CUST08976,26,Media_Manager,36886.06,3292.838333
CUST08977,19,Teacher,12416.06,1171.671667
CUST08978,26,Mechanic,30320.06,2507.671667
CUST08979,43,Mechanic,87745.92,7166.16
CUST08980,28,Engineer,78056.04,6384.67
CUST08981,28,Scientist,15201.0,976.75
CUST08982,38,Lawyer,91390.92,7710.91
CUST08983,42,Doctor,15096.85,1033.070833
CUST08984,23,Journalist,17340.775,1468.064583
CUST08985,32,Lawyer,61796.0,5025.666667
CUST08987,48,Media_Manager,17880.045,1580.00375
CUST08988,40,Scientist,58051.53,4819.6275
CUST08989,33,Entrepreneur,17685.03,1358.7525
CUST08990,34,Writer,9706.79,580.8991667
CUST08991,43,Accountant,18598.17,1575.8475
CUST08992,44,Musician,87659.42,7399.951667
CUST08993,52,Engineer,124782.2,10123.51667
CUST08994,43,Doctor,18192.4,1473.033333
CUST08995,35,Musician,7166.995,685.2495833
CUST08997,25,Developer,40782.69,3157.5575
CUST08998,42,Journalist,27581.59,2021.465833
CUST08999,35,Entrepreneur,28033.88,2571.156667
CUST09000,50,Engineer,22330.07,1755.839167
CUST09001,45,Architect,80011.64,6824.636667
CUST09002,32,Musician,119491.24,9782.603333
CUST09003,21,Entrepreneur,9762.175,751.5145833
CUST09004,46,Teacher,14842.65,1053.8875
CUST09005,34,Architect,17785.93,1684.160833
CUST09006,37,Accountant,75503.88,6513.99
CUST09007,29,Teacher,100505.49,8538.4575
CUST09008,33,Musician,8906.93,780.2441667
CUST09009,43,Lawyer,91825.8,7836.15
CUST09010,22,Media_Manager,61238.94,5395.245
CUST09011,26,Media_Manager,10222.15,899.8458333
CUST09012,51,Entrepreneur,31151.46,2479.955
CUST09013,33,Accountant,122332.04,10310.33667
CUST09014,49,Engineer,100887.72,8271.31
CUST09015,52,Developer,84402.42,7044.535
CUST09017,53,Writer,31306.48,2431.873333
CUST09018,19,Entrepreneur,44297.43,3701.4525
CUST09019,26,Lawyer,26978.17,2540.180833
CUST09021,38,Media_Manager,37002.58,3124.548333
CUST09022,54,Accountant,77963.9,6711.991667
CUST09023,19,Architect,61632.99,4856.0825
CUST09024,18,Writer,53266.23,4310.8525
CUST09025,46,Media_Manager,124847.49,10225.9575
CUST09026,40,Musician,16451.96,1243.996667
CUST09027,25,Journalist,30385.56,2374.13
CUST09028,44,Developer,44328.93,3452.0775
CUST09029,29,Scientist,14638.38,1295.865
CUST09030,31,Lawyer,25415.42,2339.951667
CUST09031,34,Media_Manager,15277.06,1225.088333
CUST09032,21,Developer,18413.13,1283.4275
CUST09033,33,Doctor,10701.525,651.79375
CUST09034,33,Scientist,16218.32,1098.526667
CUST09035,34,Engineer,64977.54,5189.795
CUST09036,37,Entrepreneur,14235.22,975.2683333
CUST09037,25,Writer,41048.83,3379.735833
CUST09038,33,Writer,37029.04,3308.753333
CUST09039,41,Writer,47422.23,4077.8525
CUST09040,53,Journalist,114300.32,9644.026667
CUST09041,44,Scientist,42785.88,3671.49
CUST09043,25,Musician,16043.16,1224.93
CUST09044,35,Teacher,44599.14,3719.595
CUST09045,30,Entrepreneur,10196.61,574.7175
CUST09046,21,Lawyer,81418.74,7065.895
CUST09047,22,Musician,41933.1,3726.425
CUST09048,24,Engineer,114987.15,9517.2625
CUST09049,38,Manager,44732.58,3602.715
CUST09050,39,Developer,17692.555,1711.379583
CUST09051,18,Doctor,16252.485,1514.37375
CUST09052,53,Accountant,16243.105,1111.592083
CUST09054,39,Media_Manager,14977.93,1293.160833
CUST09055,24,Developer,129200.12,10841.67667
CUST09056,19,Mechanic,20969.505,1622.45875
CUST09057,40,Journalist,49465.98,4256.165
CUST09058,19,Scientist,32179.72,2828.643333
CUST09059,39,Teacher,14482.5,1363.875
CUST09060,39,Journalist,104455.02,8892.585
CUST09061,21,Mechanic,83619.16,7268.263333
CUST09062,31,Manager,57396.72,5074.06
CUST09063,36,Mechanic,58979.34,4918.945
CUST09064,40,Entrepreneur,33694.79,2999.899167
CUST09065,50,Doctor,29042.27,2273.189167
CUST09067,34,Accountant,14985.46,1049.788333
CUST09068,48,Mechanic,97838.31,8150.1925
CUST09069,30,Journalist,60882.9,5157.575
CUST09070,54,Accountant,20868.005,1574.000417
CUST09071,41,Architect,100127.82,8277.985
CUST09072,37,Mechanic,32154.28,2523.523333
CUST09073,27,Writer,18771.54,1670.295
CUST09074,48,Manager,41898.87,3669.5725
CUST09075,45,Lawyer,10024.955,941.4129167
CUST09076,45,Doctor,101607.27,8655.2725
CUST09077,22,Accountant,12585.205,919.7670833
CUST09078,20,Teacher,58729.36,5114.113333
CUST09079,50,Scientist,70175.78,5580.981667
CUST09080,44,Engineer,52110.56,4521.546667
CUST09081,35,Musician,64721.58,5129.465
CUST09082,22,Developer,45455.94,3917.995
CUST09084,20,Entrepreneur,33012.39,2793.0325
CUST09085,36,Scientist,60783.45,5104.2875
CUST09086,45,Lawyer,83477.58,6718.465
CUST09087,31,Engineer,54378.51,4369.5425
CUST09088,36,Manager,35648.94,2742.745
CUST09089,18,Scientist,38883.92,3163.326667
CUST09090,19,Manager,19821.65,1364.804167
CUST09091,44,Scientist,19595.95,1686.995833
CUST09092,49,Scientist,63362.6,5036.216667
CUST09093,35,Architect,50155.74,4312.645
CUST09094,55,Musician,64193.97,5530.4975
CUST09095,34,Mechanic,19303.21,1437.600833
CUST09096,34,Media_Manager,31780.12,2473.343333
CUST09097,36,Mechanic,103221.21,8699.7675
CUST09098,48,Architect,20455.28,1407.606667
CUST09099,30,Doctor,15440.42,1496.701667
CUST09100,24,Teacher,40197.28,3415.773333
CUST09101,46,Entrepreneur,123526.8,10241.9
CUST09102,35,Entrepreneur,55563.4,4550.283333
CUST09103,40,Mechanic,63661.6,5598.133333
CUST09104,27,Writer,12498.945,1173.57875
CUST09105,32,Developer,69073.65,5560.763864
CUST09106,37,Media_Manager,108073.04,9117.086667
CUST09107,50,Manager,32297.67,2924.4725
CUST09108,29,Developer,57857.1,4812.425
CUST09109,21,Manager,14666.23,1145.185833
CUST09110,27,Entrepreneur,36631.98,3336.665
CUST09111,44,Musician,44749.97,3452.164167
CUST09112,36,Engineer,54201.99,4535.8325
CUST09113,23,Writer,60400.17,5010.3475
CUST09114,38,Entrepreneur,78443.48,6358.956667
CUST09115,36,Mechanic,89122.38,7241.865
CUST09116,38,Entrepreneur,20378.795,1428.232917
CUST09117,54,Scientist,22205.61,2037.4675
CUST09118,17,Media_Manager,15344.79,1311.7325
CUST09119,39,Doctor,17267.895,1639.99125
CUST09120,31,Lawyer,47119.29,3637.6075
CUST09121,36,Doctor,94110.06,7920.505
CUST09122,32,Lawyer,18849.55,1795.795833
CUST09123,38,Journalist,36982.36,2808.863333
CUST09124,25,Musician,142106.96,11621.24667
CUST09125,27,Engineer,20355.43,1621.285833
CUST09126,20,Developer,25191.69,2190.3075
CUST09127,25,Doctor,14444.875,1398.739583
CUST09128,17,Lawyer,33884.76,2895.73
CUST09129,18,Manager,57544.23,4672.3525
CUST09130,25,Entrepreneur,71479.6,6184.633333
CUST09131,20,Engineer,59986.0,4800.833333
CUST09132,39,Writer,19296.63,1820.0525
CUST09133,20,Writer,69078.64,5712.553333
CUST09134,54,Lawyer,14726.775,1366.23125
CUST09135,27,Architect,15843.23,1520.269167
CUST09136,44,Lawyer,28300.37,2078.364167
CUST09137,29,Journalist,25347.26,2072.271667
CUST09138,35,Lawyer,56952.63,5019.0525
CUST09139,41,Engineer,52266.76,4316.563333
CUST09140,27,Entrepreneur,38957.34,3038.445
CUST09141,43,Writer,26848.21,2022.350833
CUST09142,53,Developer,116058.44,9503.536667
CUST09144,34,Journalist,10392.095,1127.007917
CUST09145,27,Engineer,101066.4,8547.2
CUST09146,37,Doctor,96960.21,7934.0175
CUST09147,37,Architect,19718.92,1676.243333
CUST09148,27,Writer,9547.825,839.6520833
CUST09149,31,Lawyer,19334.83,1721.235833
CUST09150,22,Entrepreneur,16844.13,1156.6775
CUST09151,44,Developer,122161.96,10153.16333
CUST09152,34,Doctor,49056.09,4254.0075
CUST09153,43,Mechanic,16117.63,1322.135833
CUST09154,55,Teacher,72579.72,5916.31
CUST09155,21,Media_Manager,101978.19,8422.1825
CUST09156,52,Lawyer,60180.09,5218.0075
CUST09157,35,Manager,11938.1,1197.841667
CUST09158,23,Teacher,109323.4,9180.283333
CUST09159,29,Musician,67188.58,5758.048333
CUST09160,47,Doctor,28227.45,2401.2875
CUST09161,41,Musician,129299.0,10765.91667
CUST09162,28,Engineer,7112.665,753.7220833
CUST09163,25,Lawyer,81287.66,6550.971667
CUST09164,18,Musician,32989.45,2637.120833
CUST09165,29,Writer,107392.95,8999.4125
CUST09166,30,Entrepreneur,41296.81,3680.400833
CUST09167,28,Journalist,34176.53,2584.044167
CUST09168,49,Mechanic,26326.96,2114.913333
CUST09169,43,Scientist,126559.52,10248.62667
CUST09170,32,Accountant,58892.86,5106.738333
CUST09171,34,Mechanic,61614.58,5325.548333
CUST09172,40,Manager,7919.535,875.96125
CUST09173,21,Lawyer,107864.34,8852.695
CUST09174,48,Mechanic,102085.2,8751.1
CUST09175,39,Developer,58380.6,4891.05
CUST09176,27,Musician,20707.77,1610.6475
CUST09177,30,Architect,106879.71,8676.6425
CUST09178,31,Doctor,20501.72,1619.476667
CUST09179,35,Developer,59125.84,4933.153333
CUST09180,21,Scientist,131844.32,10874.02667
CUST09181,30,Entrepreneur,32488.7,2456.391667
CUST09182,18,Architect,14733.99,1462.8325
CUST09183,34,Developer,22311.99,1577.3325
CUST09184,42,Engineer,20204.27,1847.689167
CUST09185,24,Engineer,74576.76,6196.73
CUST09186,41,Entrepreneur,17625.23,1542.769167
CUST09187,52,Musician,134282.84,11126.23667
CUST09188,45,Mechanic,23882.98,2271.248333
CUST09189,35,Media_Manager,8858.405,1022.200417
CUST09190,20,Journalist,34500.97,3046.080833
CUST09191,43,Doctor,7136.905,842.7420833
CUST09192,35,Doctor,14185.66,1216.138333
CUST09193,52,Doctor,107438.88,9233.24
CUST09194,30,Mechanic,80541.51,6460.7925
CUST09195,35,Journalist,74524.88,6195.406667
CUST09196,24,Doctor,14154.255,1467.52125
CUST09197,20,Architect,60829.8,5207.15
CUST09198,46,Entrepreneur,56615.1,4908.925
CUST09199,51,Teacher,11513.045,864.4204167
CUST09201,20,Manager,117283.35,9669.6125
CUST09202,38,Accountant,40925.46,3152.455
CUST09203,20,Mechanic,38840.78,3431.731667
CUST09204,34,Media_Manager,69955.56,5675.63
CUST09205,29,Mechanic,20511.16,1922.263333
CUST09206,20,Doctor,44103.18,3416.265
CUST09207,18,Media_Manager,40846.36,3614.863333
CUST09209,44,Architect,28824.3,2673.025
CUST09210,29,Lawyer,176956.6,14880.38333
CUST09211,38,Lawyer,56545.44,4619.12
CUST09212,39,Teacher,33960.07,3080.005833
CUST09213,28,Lawyer,31500.55,2665.045833
CUST09214,35,Engineer,108472.35,9233.3625
CUST09215,22,Scientist,25208.64,2352.72
CUST09216,18,Doctor,58477.59,5005.1325
CUST09217,29,Developer,42032.76,3569.73
CUST09218,33,Journalist,57047.52,4526.96
CUST09219,41,Entrepreneur,67500.54,5642.045
CUST09220,42,Manager,15599.95,1024.995833
CUST09221,44,Scientist,44046.21,3466.5175
CUST09222,44,Musician,168502.68,13760.89
CUST09223,36,Musician,31795.48,2895.623333
CUST09225,25,Lawyer,58782.24,4635.52
CUST09226,34,Developer,136765.92,11577.16
CUST09227,52,Lawyer,42359.24,3756.936667
CUST09228,42,Mechanic,84261.3,6772.775
CUST09229,19,Mechanic,41191.6,3384.633333
CUST09230,22,Mechanic,28491.46,2273.288333
CUST09231,53,Manager,41675.64,3451.97
CUST09232,32,Media_Manager,171399.84,14098.32
CUST09233,25,Doctor,19982.93,1651.244167
CUST09234,44,Scientist,9766.965,800.91375
CUST09235,45,Engineer,9925.3,761.1083333
CUST09236,35,Writer,84721.6,6943.133333
CUST09237,23,Entrepreneur,7152.2,665.0166667
CUST09238,38,Developer,62030.64,4883.22
CUST09239,47,Developer,41715.11,3395.259167
CUST09240,19,Scientist,84621.39,7171.7825
CUST09241,33,Entrepreneur,13309.51,836.1258333
CUST09242,49,Manager,21129.93,1840.8275
CUST09243,28,Musician,11372.9,1174.741667
CUST09244,42,Doctor,71536.52,5715.376667
CUST09245,34,Media_Manager,21509.645,1639.470417
CUST09246,33,Lawyer,158848.76,13006.39667
CUST09247,25,Writer,33467.15,3039.929167
CUST09248,35,Lawyer,15364.1,1530.341667
CUST09249,22,Scientist,14147.38,1091.948333
CUST09250,37,Accountant,34144.14,3029.345
CUST09251,37,Journalist,18431.8,1543.983333
CUST09252,31,Mechanic,19568.09,1765.674167
CUST09253,30,Writer,10622.485,722.2070833
CUST09254,54,Media_Manager,19797.895,1816.824583
CUST09255,46,Musician,30696.33,2617.0275
CUST09256,38,Journalist,28286.24,2273.186667
CUST09257,43,Developer,10100.48,1129.706667
CUST09258,49,Musician,20675.475,1899.95625
CUST09259,31,Entrepreneur,52862.85,4575.2375
CUST09260,45,Developer,151854.56,12446.54667
CUST09261,20,Teacher,67867.24,5389.603333
CUST09262,21,Musician,19998.33,1810.5275
CUST09263,37,Writer,109563.36,9271.28
CUST09264,35,Journalist,33580.53,2667.3775
CUST09265,38,Scientist,73826.31,5929.1925
CUST09266,26,Musician,13164.265,1034.022083
CUST09267,23,Teacher,7123.915,756.6595833
CUST09268,19,Engineer,44872.3,3927.358333
CUST09269,35,Scientist,38631.06,3046.255
CUST09270,51,Manager,49497.34,4201.778333
CUST09271,33,Developer,10732.78,1117.398333
CUST09272,36,Architect,36047.13,3115.9275
CUST09273,48,Teacher,61630.4,5075.866667
CUST09274,35,Architect,11840.105,763.6754167
CUST09275,43,Teacher,18922.23,1801.8525
CUST09276,53,Scientist,85023.9,7109.325
CUST09277,26,Accountant,42062.81,3372.234167
CUST09278,42,Media_Manager,31236.78,2335.065
CUST09279,23,Entrepreneur,39909.36,3393.78
CUST09280,38,Media_Manager,115012.4,9838.366667
CUST09281,24,Manager,10482.305,1114.525417
CUST09282,21,Journalist,81617.68,6601.473333
CUST09284,43,Media_Manager,10242.055,1100.504583
CUST09285,43,Accountant,114007.88,9685.656667
CUST09287,40,Scientist,20078.47,1447.205833
CUST09288,25,Journalist,20132.77,1690.730833
CUST09289,51,Architect,12221.185,853.4320833
CUST09290,30,Teacher,47404.02,3883.335
CUST09291,39,Teacher,32291.88,2876.99
CUST09292,19,Manager,32128.47,2386.3725
CUST09293,37,Accountant,42588.14,3368.011667
CUST09294,38,Manager,29343.05,2701.254167
CUST09295,40,Architect,36311.46,2747.955
CUST09296,38,Media_Manager,126603.51,10711.2925
CUST09297,20,Entrepreneur,16944.54,1689.045
CUST09298,20,Engineer,49596.42,4334.035
CUST09299,30,Journalist,18873.52,1625.793333
CUST09300,28,Manager,28431.46,2378.288333
CUST09301,41,Manager,144390.2,12080.51667
CUST09302,27,Journalist,34341.62,3150.801667
CUST09303,22,Writer,10456.235,1090.352917
CUST09304,48,Accountant,136179.04,11324.25333
CUST09305,24,Journalist,159327.84,13543.32
CUST09306,35,Media_Manager,38087.0,2898.916667
CUST09307,33,Architect,15784.29,1147.3575
CUST09308,19,Mechanic,14531.07,1027.9225
CUST09309,25,Musician,77856.36,6623.03
CUST09310,23,Teacher,19896.89,1434.074167
CUST09311,53,Developer,12741.58,1234.798333
CUST09312,41,Developer,37057.58,3063.131667
CUST09315,55,Manager,54054.18,4296.515
CUST09316,53,Scientist,29536.93,2329.410833
CUST09317,45,Manager,44624.66,3696.721667
CUST09319,35,Accountant,41310.18,3269.515
CUST09320,19,Manager,130940.76,10918.73
CUST09321,21,Musician,80678.55,7017.2125
CUST09322,37,Doctor,120061.95,9934.1625
CUST09323,40,Mechanic,17379.88,1657.323333
CUST09324,23,Media_Manager,138079.96,11349.66333
CUST09325,40,Writer,24312.94,2040.078333
CUST09326,30,Lawyer,17924.07,1303.6725
CUST09327,42,Engineer,10629.93,1096.8275
CUST09328,27,Lawyer,90661.35,7346.1125
CUST09329,35,Developer,14360.31,973.6925
CUST09330,54,Entrepreneur,33280.45,2525.370833
CUST09331,39,Musician,64551.12,5393.26
CUST09333,47,Scientist,35217.02,2882.751667
CUST09334,32,Entrepreneur,20618.07,1434.1725
CUST09335,26,Manager,7091.66,835.9716667
CUST09336,40,Architect,17646.92,1359.576667
CUST09337,24,Journalist,71172.68,5685.056667
CUST09338,25,Developer,82892.52,6786.71
CUST09339,55,Manager,161710.32,13555.86
CUST09340,26,Manager,14414.25,1351.1875
CUST09341,38,Musician,21275.22,1665.935
CUST09342,36,Manager,29337.5,2321.791667
CUST09343,28,Lawyer,31241.2,2719.433333
CUST09344,29,Writer,17282.84,1326.236667
CUST09345,26,Architect,31615.0,2657.583333
CUST09346,23,Journalist,14821.995,1064.16625
CUST09347,47,Doctor,34766.91,2790.2425
CUST09348,43,Accountant,88968.9,7176.075
CUST09349,31,Entrepreneur,178053.4,15066.78333
CUST09350,28,Musician,38083.18,2924.598333
CUST09351,43,Scientist,9328.895,641.4079167
CUST09352,21,Mechanic,120368.32,10210.69333
CUST09353,31,Teacher,157577.0,12912.41667
CUST09354,22,Journalist,43493.93,3516.494167
CUST09355,38,Developer,29510.87,2560.239167
CUST09356,45,Lawyer,30207.15,2272.2625
CUST09357,25,Teacher,29987.16,2557.93
CUST09358,30,Lawyer,14773.3,1432.108333
CUST09359,38,Entrepreneur,64790.24,5235.186667
CUST09360,45,Teacher,15428.39,1405.699167
CUST09361,22,Accountant,8412.555,853.04625
CUST09362,55,Doctor,102131.04,8631.92
CUST09363,32,Lawyer,28836.83,2269.069167
CUST09364,55,Musician,14337.56,1422.796667
CUST09365,22,Writer,110675.88,8922.99
CUST09366,38,Accountant,19704.16,1740.013333
CUST09367,25,Developer,72674.76,6099.23
CUST09369,40,Developer,7645.095,632.09125
CUST09370,23,Media_Manager,117502.8,9935.9
CUST09373,45,Mechanic,146101.28,12012.10667
CUST09374,40,Developer,52958.43,4313.2025
CUST09375,40,Developer,110758.68,9389.89
CUST09376,28,Musician,12731.78,1246.981667
CUST09377,20,Entrepreneur,20535.05,1905.254167
CUST09378,28,Lawyer,40317.5,3140.791667
CUST09379,37,Engineer,52643.34,4595.945
CUST09380,17,Lawyer,18888.46,1368.038333
CUST09381,44,Accountant,95210.2,7743.183333
CUST09382,42,Engineer,73365.72,6194.81
CUST09383,33,Engineer,29409.66,2579.805
CUST09384,29,Doctor,76593.92,6402.826667
CUST09385,29,Developer,7756.465,516.3720833
CUST09386,33,Engineer,80968.04,6894.336667
CUST09387,28,Doctor,15855.34,1198.278333
CUST09388,38,Accountant,91771.29,7547.6075
CUST09389,38,Doctor,66554.31,5744.1925
CUST09390,53,Scientist,114128.44,9743.703333
CUST09391,35,Developer,123802.52,10498.87667
CUST09392,19,Musician,50513.12,4239.426667
CUST09393,54,Media_Manager,116428.12,9740.343333
CUST09395,20,Accountant,102665.07,8737.4225
CUST09396,27,Scientist,59110.84,5210.903333
CUST09397,32,Developer,75175.46,6492.621667
CUST09398,21,Writer,17515.75,1691.645833
CUST09399,20,Entrepreneur,16047.01,1361.250833
CUST09400,44,Entrepreneur,32520.18,2928.015
CUST09401,20,Media_Manager,14749.06,1008.088333
CUST09402,36,Lawyer,113561.2,9580.433333
CUST09403,20,Journalist,101399.13,8535.9275
CUST09404,25,Mechanic,71208.16,6029.013333
CUST09405,30,Scientist,110209.68,9011.14
CUST09406,33,Architect,17131.345,1569.612083
CUST09407,29,Mechanic,60904.59,5080.3825
CUST09408,39,Journalist,151623.56,12461.29667
CUST09409,19,Doctor,16334.61,1499.2175
CUST09410,31,Mechanic,9491.02,865.9183333
CUST09411,27,Developer,41467.22,3174.601667
CUST09412,30,Manager,104367.21,8486.2675
CUST09413,20,Scientist,93143.58,7584.965
CUST09414,45,Developer,66571.1,5511.591667
CUST09415,31,Doctor,53260.38,4342.365
CUST09416,37,Teacher,10021.72,501.9621113
CUST09417,41,Lawyer,8103.425,572.2854167
CUST09418,33,Engineer,122309.67,9999.4725
CUST09419,19,Media_Manager,47733.06,3789.755
CUST09420,31,Developer,20022.29,1607.524167
CUST09421,47,Architect,105750.3,9037.525
CUST09422,19,Teacher,27323.11,2111.925833
CUST09423,32,Lawyer,127760.4,10721.7
CUST09424,55,Entrepreneur,25793.11,2322.425833
CUST09425,31,Mechanic,14318.26,1043.188333
CUST09426,32,Journalist,15836.57,1552.714167
CUST09427,53,Media_Manager,125873.84,10669.48667
CUST09428,24,Doctor,72219.48,5866.29
CUST09429,43,Accountant,48948.57,3845.0475
CUST09430,33,Teacher,61204.77,5057.3975
CUST09431,42,Architect,19711.14,1490.595
CUST09432,43,Entrepreneur,144624.92,11986.07667
CUST09433,38,Media_Manager,13543.805,1035.650417
CUST09434,26,Engineer,20014.91,1376.909167
CUST09435,34,Developer,76249.74,6299.145
CUST09436,32,Architect,66979.76,5398.646667
CUST09437,22,Doctor,61017.93,5054.8275
CUST09438,42,Doctor,38239.44,3485.62
CUST09439,31,Architect,78666.57,6485.5475
CUST09440,30,Architect,31517.47,2484.455833
CUST09441,40,Developer,15907.91,1272.659167
CUST09442,17,Doctor,34888.64,2771.386667
CUST09443,40,Writer,128919.96,10511.33
CUST09444,29,Engineer,17180.82,1669.735
CUST09445,40,Writer,18485.235,1469.43625
CUST09446,49,Entrepreneur,16204.64,1596.386667
CUST09447,19,Journalist,132398.13,11130.1775
CUST09448,44,Journalist,36354.02,3062.501667
CUST09449,31,Architect,16895.24,1509.936667
CUST09451,41,Scientist,9559.285,789.6070833
CUST09452,21,Engineer,34365.96,2993.83
CUST09453,45,Mechanic,8790.85,986.5708333
CUST09454,27,Architect,10667.73,1027.9775
CUST09455,43,Engineer,112287.51,9097.2925
CUST09456,39,Mechanic,43516.38,3635.365
CUST09457,25,Mechanic,118831.62,9625.635
CUST09458,44,Developer,43456.5,3437.375
CUST09459,42,Journalist,138206.04,11568.17
CUST09460,22,Mechanic,18254.505,1605.20875
CUST09461,46,Scientist,58464.06,4655.005
CUST09462,41,Entrepreneur,55100.76,4763.73
CUST09463,49,Journalist,36603.85,3204.320833
CUST09464,29,Teacher,65804.04,5189.73517
CUST09465,24,Scientist,33029.66,2994.471667
CUST09466,30,Manager,43391.96,3688.996667
CUST09467,42,Doctor,171547.24,14241.60333
CUST09468,30,Lawyer,14145.77,974.8141667
CUST09469,18,Doctor,21480.965,1750.080417
CUST09470,31,Lawyer,16501.39,1101.115833
CUST09471,28,Architect,87232.86,7118.405
CUST09472,28,Accountant,33444.19,2868.015833
CUST09474,26,Engineer,33208.95,3034.4125
CUST09475,32,Writer,122452.65,10140.3875
CUST09476,41,Lawyer,7664.315,918.6929167
CUST09477,22,Architect,20655.07,1726.255833
CUST09478,40,Musician,58063.48,4759.623333
CUST09479,31,Entrepreneur,156608.6,13319.71667
CUST09480,33,Manager,40924.81,3469.400833
CUST09481,31,Teacher,8107.295,809.6079167
CUST09483,35,Architect,20344.02,1950.335
CUST09484,18,Manager,17896.2,1597.35
CUST09485,36,Writer,134569.35,10979.1125
CUST09486,17,Doctor,8628.61,530.0508333
CUST09487,18,Media_Manager,11755.91,710.6591667
CUST09488,39,Journalist,17373.39,1550.7825
CUST09489,22,Journalist,16614.765,1424.56375
CUST09490,38,Accountant,23026.48,1789.873333
CUST09491,38,Architect,127206.66,10631.555
CUST09492,18,Journalist,146724.36,12276.03
CUST09493,54,Mechanic,34963.82,3195.651667
CUST09494,53,Teacher,120404.72,10145.72667
CUST09495,29,Writer,32506.42,2948.868333
CUST09496,31,Developer,107449.74,9022.145
CUST09497,41,Developer,21120.835,1790.069583
CUST09498,20,Manager,17738.32,1715.193333
CUST09499,25,Media_Manager,15905.25,1075.4375
CUST09500,41,Architect,89705.92,7678.493333
CUST09501,22,Scientist,17805.21,1600.7675
CUST09502,45,Lawyer,13139.855,1015.987917
CUST09503,26,Teacher,22419.74,1760.311667
CUST09504,51,Scientist,73562.46,5888.205
CUST09505,37,Architect,41131.36,3589.613333
CUST09506,35,Accountant,39843.14,3401.261667
CUST09507,54,Doctor,146746.12,12277.84333
CUST09508,35,Mechanic,20503.21,1430.600833
CUST09509,28,Accountant,37182.62,3200.551667
CUST09510,45,Engineer,28828.86,2631.405
CUST09511,26,Media_Manager,21873.68,2051.806667
CUST09512,48,Scientist,10682.245,689.1870833
CUST09513,42,Mechanic,38266.44,3282.87
CUST09514,31,Doctor,34217.66,2794.471667
CUST09515,18,Entrepreneur,82684.62,6603.385
CUST09516,50,Teacher,35774.38,2777.198333
CUST09518,26,Doctor,62313.54,5120.795
CUST09519,29,Lawyer,147378.96,12131.58
CUST09520,32,Journalist,60371.84,5006.986667
CUST09521,38,Musician,12821.555,932.4629167
CUST09522,52,Journalist,89607.24,7256.27
CUST09523,36,Developer,57293.49,4610.4575
CUST09524,31,Teacher,117355.48,9757.623333
CUST09525,38,Media_Manager,115645.65,9434.1375
CUST09526,27,Writer,68561.31,5594.4425
CUST09527,50,Developer,22879.52,1704.626667
CUST09529,45,Engineer,40985.48,3329.456667
CUST09530,35,Entrepreneur,94739.7,7838.975
CUST09531,30,Scientist,16162.13,1208.844167
CUST09532,40,Writer,135478.36,11380.86333
CUST09533,36,Writer,32152.97,2602.414167
CUST09534,24,Writer,12833.68,1300.473333
CUST09535,25,Mechanic,14117.27,1400.439167
CUST09536,17,Entrepreneur,64324.36,5421.363333
CUST09537,35,Media_Manager,104527.6,8900.633333
CUST09538,41,Developer,29778.94,2448.578333
CUST09539,27,Mechanic,58508.76,4722.73
CUST09540,39,Entrepreneur,65050.32,5626.86
CUST09541,36,Developer,37475.07,3073.9225
CUST09542,51,Developer,17217.28,1629.773333
CUST09543,44,Lawyer,20272.23,1776.3525
CUST09544,39,Mechanic,15605.73,1505.4775
CUST09545,44,Lawyer,31672.76,2854.396667
CUST09546,23,Engineer,88905.0,7199.75
CUST09547,37,Media_Manager,14620.51,1176.375833
CUST09548,38,Developer,32273.01,2800.4175
CUST09549,30,Manager,19995.55,1695.295833
CUST09550,36,Media_Manager,35719.4,2802.616667
CUST09551,34,Teacher,15093.63,1479.8025
CUST09552,36,Entrepreneur,36898.49,2827.874167
CUST09553,40,Journalist,31775.41,2787.950833
CUST09554,51,Architect,133236.36,11042.03
CUST09555,42,Teacher,44998.71,3916.8925
CUST09556,19,Mechanic,81338.16,6642.18
CUST09557,44,Musician,36637.1,3069.091667
CUST09558,20,Teacher,19491.84,1858.32
CUST09560,19,Doctor,17227.16,1398.596667
CUST09562,34,Architect,17738.305,1419.192083
CUST09563,37,Developer,54315.46,4473.288333
CUST09564,30,Manager,68130.21,5903.5175
CUST09565,21,Manager,151649.36,12823.44667
CUST09566,28,Accountant,93226.5,7755.875
CUST09567,28,Accountant,71498.38,6100.198333
CUST09568,33,Architect,78399.12,6568.26
CUST09569,43,Mechanic,57030.99,4986.5825
CUST09570,39,Architect,119047.52,9924.626667
CUST09571,51,Scientist,125883.99,10508.3325
CUST09572,31,Lawyer,78937.47,6308.1225
CUST09573,29,Developer,50787.69,4209.3075
CUST09574,24,Journalist,82135.84,6699.653333
CUST09575,51,Developer,29368.56,2483.38
CUST09576,30,Mechanic,130393.96,10618.16333
CUST09577,43,Mechanic,15302.74,1408.228333
CUST09578,45,Accountant,61540.56,5352.38
CUST09579,43,Mechanic,131573.6,11159.46667
CUST09580,44,Developer,10381.565,1024.130417
CUST09581,41,Entrepreneur,131199.12,11146.26
CUST09582,40,Mechanic,16997.715,1201.47625
CUST09583,30,Doctor,22434.16,2166.513333
CUST09584,21,Media_Manager,122566.59,10323.8825
CUST09585,22,Engineer,22934.45,1619.204167
CUST09586,32,Scientist,28603.64,2539.636667
CUST09587,39,Manager,53869.44,4359.12
CUST09588,35,Manager,20107.21,1631.600833
CUST09590,21,Architect,9336.935,887.0779167
CUST09591,35,Mechanic,35062.63,2995.885833
CUST09592,45,Teacher,56135.76,4974.98
CUST09593,36,Lawyer,19749.04,1544.753333
CUST09594,50,Accountant,129695.72,10589.97667
CUST09595,27,Mechanic,37889.06,3034.421667
CUST09596,26,Doctor,80673.3,6822.775
CUST09598,23,Teacher,16311.665,1184.305417
CUST09599,32,Accountant,41905.36,3299.113333
CUST09600,28,Engineer,77142.69,6617.5575
CUST09601,43,Developer,7388.705,441.7254167
CUST09602,35,Teacher,73542.28,5907.523333
CUST09603,38,Manager,66858.27,5770.5225
CUST09604,38,Manager,20818.74,1762.895
CUST09605,22,Developer,34113.61,2552.800833
CUST09606,33,Media_Manager,14629.52,1309.126667
CUST09607,29,Accountant,44667.5,3545.291667
CUST09608,30,Entrepreneur,141347.32,11676.94333
CUST09609,36,Manager,32100.8,2962.066667
CUST09610,29,Manager,24424.7,2051.391667
CUST09611,54,Writer,32495.66,2594.971667
CUST09612,48,Lawyer,73180.2,6146.35
CUST09613,38,Accountant,31530.76,2676.563333
CUST09614,32,Writer,28703.71,2625.975833
CUST09615,37,Media_Manager,55444.56,4815.38
CUST09616,33,Accountant,19810.745,1506.895417
CUST09617,51,Teacher,30961.62,2283.135
CUST09618,23,Writer,77253.54,6301.795
CUST09619,44,Engineer,41541.8,3199.816667
CUST09620,37,Scientist,28518.76,2290.563333
CUST09621,38,Doctor,87727.05,7056.5875
CUST09622,43,Musician,59039.52,4840.96
CUST09623,22,Lawyer,88290.45,7323.5375
CUST09624,28,Developer,57107.12,4462.926667
CUST09625,30,Teacher,117801.12,9988.76
CUST09626,28,Media_Manager,8905.45,487.1208333
CUST09627,25,Mechanic,30196.64,2590.386667
CUST09628,25,Engineer,171379.8,14351.65
CUST09629,55,Developer,77019.08,6138.256667
CUST09630,40,Engineer,43903.54,3377.628333
CUST09632,40,Architect,67712.26,5480.688333
CUST09633,21,Writer,9760.495,1111.374583
CUST09634,22,Writer,15820.755,1606.39625
CUST09635,35,Teacher,139702.24,11866.85333
CUST09636,31,Teacher,99617.76,8095.48
CUST09637,23,Lawyer,54815.73,4866.9775
CUST09638,37,Media_Manager,35701.42,2752.118333
CUST09639,44,Accountant,66429.24,5413.77
CUST09640,44,Entrepreneur,79178.76,6302.23
CUST09641,44,Mechanic,58468.08,4592.34
CUST09642,20,Lawyer,9470.255,1077.187917
CUST09643,22,Lawyer,88326.72,7328.56
CUST09644,39,Accountant,19240.3,1869.358333
CUST09645,44,Developer,34872.34,2751.028333
CUST09646,38,Developer,35435.81,3052.984167
CUST09647,25,Manager,14330.89,950.2408333
CUST09648,21,Media_Manager,55762.11,4583.8425
CUST09649,46,Lawyer,88088.07,7248.6725
CUST09650,54,Developer,32910.92,2895.576667
CUST09651,23,Teacher,39704.19,3295.6825
CUST09652,45,Media_Manager,132606.69,11291.5575
CUST09653,45,Accountant,18771.66,1844.305
CUST09655,18,Teacher,16500.96,1528.08
CUST09656,37,Media_Manager,62046.96,5103.58
CUST09657,55,Mechanic,39327.92,3233.326667
CUST09658,35,Musician,69942.5,6015.541667
CUST09659,20,Doctor,85481.48,7128.456667
CUST09660,40,Developer,14304.01,1394.000833
CUST09661,38,Musician,14544.03,1314.0025
CUST09662,52,Teacher,36564.35,3294.029167
CUST09663,42,Manager,30617.5,2348.458333
CUST09665,36,Writer,9477.76,911.8133333
CUST09666,19,Accountant,70674.6,5665.55
CUST09667,32,Manager,85426.68,7024.89
CUST09668,44,Engineer,27318.32,2158.526667
CUST09669,53,Accountant,87017.92,7397.493333
CUST09670,55,Engineer,95849.16,7822.43
CUST09671,39,Architect,58528.3,4661.358333
CUST09672,27,Media_Manager,22418.63,2136.219167
CUST09673,36,Engineer,34204.39,2792.365833
CUST09674,24,Engineer,17868.11,1510.009167
CUST09675,18,Lawyer,16279.715,1647.642917
CUST09676,43,Mechanic,55128.27,4854.0225
CUST09677,33,Engineer,79504.56,6542.38
CUST09678,35,Manager,132643.71,11028.6425
CUST09679,37,Entrepreneur,89446.38,7278.865
CUST09680,32,Mechanic,19741.36,1543.113333
CUST09681,32,Teacher,165798.2,14104.51667
CUST09682,39,Mechanic,32283.52,2840.293333
CUST09683,36,Musician,21863.8,1895.983333
CUST09684,23,Doctor,41037.94,3129.828333
CUST09685,25,Architect,24497.42,1840.451667
CUST09686,28,Entrepreneur,28942.36,2670.863333
CUST09688,31,Manager,28559.25,2185.9375
CUST09689,28,Doctor,30063.42,2509.285
CUST09690,39,Musician,29367.88,2249.323333
CUST09692,44,Musician,88165.8,7271.15
CUST09693,35,Scientist,19129.26,1858.105
CUST09694,44,Architect,41771.02,3293.918333
CUST09695,55,Developer,20257.28,1916.106667
CUST09696,38,Lawyer,18221.965,1247.497083
CUST09697,26,Accountant,8927.89,461.9908333
CUST09698,51,Accountant,143351.28,12014.94
CUST09699,28,Engineer,17723.52,1329.96
CUST09700,29,Media_Manager,36309.76,3097.813333
CUST09701,43,Mechanic,68898.0,5588.5
CUST09702,42,Entrepreneur,18170.075,1785.172917
CUST09703,20,Lawyer,10409.755,823.4795833
CUST09704,38,Manager,61141.24,5253.103333
CUST09705,25,Doctor,10120.28,645.3566667
CUST09706,33,Engineer,32296.78,2655.398333
CUST09707,43,Writer,21719.56,1868.963333
CUST09708,42,Teacher,51182.85,3983.2375
CUST09709,22,Doctor,30623.61,2599.067862
CUST09710,21,Manager,109472.91,9180.7425
CUST09711,49,Musician,60744.86,5261.071667
CUST09712,41,Journalist,17561.27,1561.439167
CUST09713,20,Musician,54025.95,4426.1625
CUST09714,40,Accountant,14717.28,1069.44
CUST09715,36,Musician,102333.28,8306.773333
CUST09716,37,Teacher,17172.14,1381.011667
CUST09717,30,Mechanic,9970.16,625.8466667
CUST09718,19,Developer,39448.67,3400.389167
CUST09720,55,Architect,14230.995,1381.91625
CUST09721,48,Writer,170986.72,14137.89333
CUST09722,46,Musician,77923.0,6306.583333
CUST09723,47,Mechanic,103838.72,8605.226667
CUST09724,42,Media_Manager,16054.06,1416.838333
CUST09725,38,Media_Manager,20382.97,1451.580833
CUST09726,21,Entrepreneur,18014.3,1734.191667
CUST09727,33,Developer,80182.28,6684.856667
CUST09728,21,Teacher,36568.05,3011.3375
CUST09729,23,Teacher,17709.31,1732.775833
CUST09730,18,Writer,140042.28,11399.19
CUST09731,44,Manager,94330.83,8076.9025
CUST09732,27,Doctor,16805.54,1451.461667
CUST09733,35,Media_Manager,95111.1,7724.925
CUST09734,42,Manager,19249.61,1377.134167
CUST09735,40,Engineer,71297.02,6028.418333
CUST09736,43,Lawyer,30564.96,2263.08
CUST09737,18,Doctor,36933.77,3324.814167
CUST09738,52,Media_Manager,32504.22,2643.685
CUST09739,18,Teacher,16888.405,1564.367083
CUST09740,36,Mechanic,14061.55,1371.795833
CUST09741,30,Mechanic,36456.72,3163.06
CUST09742,51,Scientist,24376.73,1926.394167
CUST09743,22,Musician,128503.64,10803.63667
CUST09744,50,Lawyer,131080.8,11015.4
CUST09745,43,Mechanic,19399.32,1680.61
CUST09746,28,Doctor,33999.48,2730.29
CUST09747,51,Manager,170614.28,14463.85667
CUST09748,29,Mechanic,8753.205,919.43375
CUST09749,40,Accountant,18979.35,1712.6125
CUST09750,35,Lawyer,7957.91,563.1591667
CUST09751,21,Manager,17143.76,1451.646667
CUST09752,31,Teacher,68538.88,5562.573333
CUST09753,33,Journalist,60694.74,4976.895
CUST09754,54,Musician,22209.0,2117.75
CUST09755,52,Engineer,32013.46,2595.788333
CUST09756,43,Architect,12683.275,938.9395833
CUST09757,35,Media_Manager,67422.8,5435.566667
CUST09758,53,Architect,32455.1,2973.591667
CUST09759,38,Media_Manager,142725.8,11867.81667
CUST09760,53,Engineer,44330.2,3744.183333
CUST09761,28,Doctor,31969.22,2946.101667
CUST09762,31,Scientist,67151.6,5497.966667
CUST09763,54,Lawyer,57524.56,5035.713333
CUST09764,44,Journalist,10427.44,629.9533333
CUST09765,32,Doctor,69026.56,5970.213333
CUST09766,41,Scientist,35350.24,3085.853333
CUST09767,28,Writer,8504.55,934.7125
CUST09768,43,Writer,17556.41,1192.034167
CUST09769,36,Engineer,45608.14,3912.678333
CUST09770,24,Manager,16490.75,1616.229167
CUST09771,37,Scientist,14829.17,1033.764167
CUST09772,53,Media_Manager,46346.68,3907.223333
CUST09773,22,Entrepreneur,22320.325,1966.027083
CUST09774,23,Scientist,86470.84,7060.903333
CUST09775,52,Journalist,170824.68,14489.39
CUST09776,34,Media_Manager,31820.56,2520.713333
CUST09777,28,Media_Manager,78066.48,6673.54
CUST09778,19,Doctor,31204.74,2888.395
CUST09779,37,Mechanic,14599.89,1464.6575
CUST09781,42,Developer,36806.84,2827.236667
CUST09782,37,Writer,28443.42,2314.285
CUST09783,46,Journalist,24363.78,1792.315
CUST09784,34,Architect,40295.72,3627.976667
CUST09785,24,Entrepreneur,10060.015,1103.334583
CUST09786,30,Doctor,32943.66,2811.305
CUST09788,28,Accountant,88957.38,7433.115
CUST09789,53,Media_Manager,65869.24,5702.103333
CUST09790,39,Manager,56483.64,4900.97
CUST09791,20,Lawyer,81769.35,6995.1125
CUST09792,20,Teacher,109480.98,9031.415
CUST09793,54,Mechanic,166741.48,14131.12333
CUST09794,27,Mechanic,8246.71,557.2258333
CUST09795,28,Engineer,19557.1,1423.758333
CUST09796,39,Entrepreneur,19227.17,1371.264167
CUST09797,39,Entrepreneur,43981.4,3431.116667
CUST09798,25,Musician,34202.45,2627.204167
CUST09799,23,Manager,17891.16,1583.93
CUST09800,34,Developer,58248.33,4722.0275
CUST09801,53,Entrepreneur,96604.14,8223.345
CUST09802,44,Doctor,22530.97,1684.580833
CUST09803,52,Engineer,23338.83,2105.9025
CUST09805,43,Developer,43074.48,3315.54
CUST09806,23,Scientist,32612.36,2670.696667
CUST09807,39,Scientist,92067.99,7455.3325
CUST09808,53,Mechanic,17250.52,1682.543333
CUST09809,21,Writer,63861.36,5487.78
CUST09810,48,Doctor,19641.665,1795.805417
CUST09812,27,Doctor,10436.12,656.6766667
CUST09813,35,Journalist,37233.5,2822.791667
CUST09814,47,Developer,113192.68,9376.723333
CUST09815,21,Developer,25428.7,2016.058333
CUST09817,40,Developer,9615.485,607.2904167
CUST09818,45,Teacher,9400.2,719.35
CUST09819,25,Developer,35023.49,2651.624167
CUST09820,21,Accountant,14233.31,1044.109167
CUST09821,24,Manager,68484.44,5684.036667
CUST09822,26,Entrepreneur,98703.99,8350.3325
CUST09824,28,Musician,13618.87,1332.905833
CUST09825,55,Mechanic,32876.7,2541.725
CUST09826,44,Manager,33401.1,2701.425
CUST09827,22,Scientist,43788.75,3394.0625
CUST09829,21,Entrepreneur,147058.64,12319.88667
CUST09830,51,Manager,18710.74,1363.228333
CUST09831,39,Accountant,80402.72,6780.226667
CUST09833,43,Scientist,15361.32,1362.11
CUST09834,40,Scientist,54072.94,4700.078333
CUST09835,51,Manager,109349.31,9191.4425
CUST09836,41,Architect,96583.71,7998.6425
CUST09837,33,Engineer,45705.04,3722.753333
CUST09839,41,Media_Manager,19006.52,1551.876667
CUST09840,40,Musician,70825.76,5814.146667
CUST09841,30,Entrepreneur,13815.325,1133.277083
CUST09842,55,Journalist,21702.87,1794.5725
CUST09843,25,Architect,34105.84,3093.153333
CUST09844,37,Developer,42252.7,3381.058333
CUST09845,27,Teacher,97363.36,8059.613333
CUST09846,38,Doctor,22387.125,1677.59375
CUST09847,32,Doctor,21903.85,1940.320833
CUST09848,49,Musician,93068.88,7497.74
CUST09849,41,Accountant,20579.45,1814.954167
CUST09850,28,Mechanic,32057.3,2606.441667
CUST09851,23,Scientist,70851.84,5947.32
CUST09853,35,Teacher,11780.935,1274.744583
CUST09854,23,Engineer,48854.85,3957.2375
CUST09855,35,Musician,28810.71,2367.8925
CUST09856,50,Media_Manager,95534.61,8015.2175
CUST09857,19,Manager,7290.88,406.5733333
CUST09858,23,Entrepreneur,29038.58,2382.881667
CUST09859,18,Teacher,164027.12,13711.92667
CUST09860,37,Doctor,16862.88,1273.24
CUST09861,29,Musician,9555.94,792.3283333
CUST09862,40,Mechanic,35917.12,2815.093333
CUST09865,28,Developer,72503.56,5974.963333
CUST09866,22,Manager,58214.12,4710.176667
CUST09867,50,Writer,16965.3,1247.775
CUST09868,31,Accountant,65454.36,5400.53
CUST09869,39,Scientist,31256.02,2841.668333
CUST09870,36,Architect,18261.36,1485.78
CUST09871,37,Engineer,34433.18,2671.431667
CUST09872,30,Engineer,9302.125,835.1770833
CUST09873,44,Mechanic,87966.96,7564.58
CUST09874,47,Developer,22323.28,2009.273333
CUST09875,22,Manager,19989.65,1563.804167
CUST09876,51,Media_Manager,123485.04,10299.42
CUST09877,18,Developer,30638.28,2257.19
CUST09878,30,Architect,21639.39,1633.2825
CUST09879,45,Writer,18829.82,1578.151667
CUST09880,42,Media_Manager,16481.42,1514.451667
CUST09881,25,Engineer,93550.95,7847.9125
CUST09882,18,Manager,18587.64,1578.97
CUST09883,26,Accountant,36190.17,3259.8475
CUST09884,26,Developer,15503.02,1250.285375
CUST09885,49,Lawyer,12763.795,1220.649583
CUST09886,19,Scientist,53057.64,4695.47
CUST09887,19,Teacher,16868.34,1570.695
CUST09888,41,Accountant,60218.28,5293.19
CUST09889,39,Doctor,16833.105,1542.75875
CUST09890,47,Scientist,54936.2,4420.016667
CUST09891,29,Scientist,7186.5,850.875
CUST09892,39,Scientist,10068.97,840.0808333
CUST09893,53,Media_Manager,21963.845,1662.320417
CUST09894,20,Engineer,121277.0,9884.416667
CUST09895,28,Manager,30883.32,2311.61
CUST09896,21,Developer,53075.22,4278.935
CUST09897,24,Musician,34150.84,2946.903333
CUST09898,40,Accountant,33856.86,2744.405
CUST09899,53,Doctor,69886.64,5673.886667
CUST09900,41,Scientist,86415.56,7104.296667
CUST09901,49,Manager,93817.62,7785.135
CUST09902,53,Entrepreneur,20292.46,1974.038333
CUST09903,18,Doctor,25454.67,2058.2225
CUST09904,26,Media_Manager,35180.42,2695.701667
CUST09905,53,Accountant,24041.97,2276.4975
CUST09906,25,Lawyer,33940.0,2883.333333
CUST09907,38,Architect,11073.6,699.8
CUST09908,41,Lawyer,9299.105,1068.925417
CUST09909,28,Musician,27685.04,2595.086667
CUST09910,38,Journalist,9026.645,599.2204167
CUST09912,40,Engineer,33828.19,2917.015833
CUST09913,28,Lawyer,40633.86,3572.155
CUST09914,55,Lawyer,131254.8,11039.9
CUST09915,31,Manager,95854.5,8126.875
CUST09916,38,Lawyer,173126.12,14289.17667
CUST09917,37,Teacher,30951.64,2291.303333
CUST09918,36,Mechanic,29473.28,2163.106667
CUST09919,23,Manager,36755.36,3038.946667
CUST09920,26,Manager,121755.92,10157.32667
CUST09921,19,Accountant,10302.59,888.5491667
CUST09922,38,Manager,9958.505,531.8754167
CUST09923,23,Scientist,16069.92,1115.16
CUST09924,18,Media_Manager,28151.81,2152.984167
CUST09925,40,Media_Manager,18397.87,1417.155833
CUST09926,27,Doctor,44934.45,3898.5375
CUST09927,17,Writer,37976.68,2997.723333
CUST09928,43,Musician,16431.535,1431.294583
CUST09929,39,Entrepreneur,61732.23,5031.3525
CUST09930,54,Musician,78937.1,6605.091667
CUST09931,41,Writer,90285.33,7342.7775
CUST09932,40,Mechanic,18163.26,1787.605
CUST09933,39,Media_Manager,142395.12,12049.26
CUST09934,37,Musician,19631.51,1790.959167
CUST09935,28,Manager,37551.78,3413.315
CUST09936,39,Entrepreneur,22655.88,1972.99
CUST09937,26,Teacher,92939.49,8014.9575
CUST09938,33,Engineer,18302.33,1483.194167
CUST09939,49,Developer,20817.455,1657.787917
CUST09940,49,Engineer,43995.95,3432.329167
CUST09942,19,Media_Manager,84479.67,6799.9725
CUST09943,44,Entrepreneur,37986.18,3046.515
CUST09944,50,Musician,124183.56,10156.63
CUST09945,41,Manager,14335.46,1087.621667
CUST09946,44,Scientist,80377.68,6807.14
CUST09947,51,Musician,32469.29,2738.774167
CUST09948,37,Journalist,28194.8,2427.566667
CUST09949,19,Accountant,34230.0,2902.5
CUST09951,38,Manager,24709.33,1933.468718
CUST09952,34,Engineer,38742.26,3029.521667
CUST09953,50,Musician,21761.49,1615.4575
CUST09954,32,Writer,75742.32,6361.86
CUST09955,26,Accountant,72159.9,6048.325
CUST09956,34,Musician,8956.355,812.3629167
CUST09957,35,Entrepreneur,23957.75,1736.479167
CUST09958,22,Manager,32543.38,2417.948333
CUST09959,52,Teacher,12997.515,1211.12625
CUST09960,24,Lawyer,23035.15,1901.595833
CUST09961,44,Engineer,55604.31,4372.6925
CUST09962,18,Entrepreneur,81094.96,6594.913333
CUST09963,22,Lawyer,69014.48,5467.206667
CUST09964,19,Architect,120539.8,10051.98333
CUST09965,19,Teacher,39269.97,3446.4975
CUST09966,29,Lawyer,9732.57,810.0475
CUST09967,41,Media_Manager,78860.2,6332.683333
CUST09968,35,Teacher,84292.18,7108.348333
CUST09969,31,Developer,65278.92,5402.91
CUST09970,19,Teacher,72690.14,6129.511667
CUST09971,31,Manager,73849.54,6250.128333
CUST09972,37,Musician,21212.42,1910.701667
CUST09973,29,Doctor,34531.8,3077.65
CUST09974,50,Mechanic,29750.77,2518.230833
CUST09975,33,Manager,89992.98,7659.415
CUST09976,41,Developer,62896.78,5323.398333
CUST09977,37,Manager,60770.22,4924.185
CUST09978,49,Manager,41370.82,3656.568333
CUST09979,24,Musician,73446.68,6101.556667
CUST09980,31,Journalist,19215.26,1353.271667
CUST09981,44,Engineer,102261.27,8731.7725
CUST09982,43,Accountant,82489.92,7055.16
CUST09983,38,Lawyer,28941.24,2474.77
CUST09985,51,Writer,112400.24,9657.686667
CUST09986,23,Manager,18122.8,1608.233333
CUST09987,52,Entrepreneur,34053.4,2670.783333
CUST09988,26,Teacher,86765.12,7492.426667
CUST09989,36,Architect,78953.92,6663.493333
CUST09990,45,Engineer,71734.24,5906.853333
CUST09991,41,Mechanic,106550.19,8804.1825
CUST09992,43,Journalist,92807.49,7862.9575
CUST09993,42,Scientist,8169.385,887.7820833
CUST09994,42,Manager,144962.44,11940.20333
CUST09995,28,Mechanic,107633.88,9121.49
CUST09996,36,Engineer,60255.9,5024.325
CUST09997,41,Writer,32639.9,2457.991667
CUST09998,31,Lawyer,7369.03,421.0858333
CUST09999,25,Journalist,16159.51,1363.625833
CUST10000,51,Writer,93589.48,7895.123333
CUST10001,39,Entrepreneur,36115.92,2716.66
CUST10002,19,Journalist,26862.64,2409.553333
CUST10003,20,Mechanic,10037.5,577.4583333
CUST10004,43,Doctor,7006.035,421.83625
CUST10005,33,Doctor,15126.8,1019.566667
CUST10006,45,Developer,68105.6,5636.466667
CUST10007,22,Doctor,90794.28,7737.19
CUST10008,35,Mechanic,33946.77,2723.8975
CUST10009,23,Manager,16230.82,1423.568333
CUST10010,37,Journalist,14850.16,976.5133333
CUST10011,21,Writer,81998.84,6900.236667
CUST10012,46,Manager,83595.72,7214.31
CUST10013,34,Scientist,17823.25,1638.270833
CUST10014,46,Musician,36016.78,2758.398333
CUST10015,45,Writer,86617.16,7250.096667
CUST10016,30,Engineer,35320.99,2867.415833
CUST10017,40,Manager,106789.36,8673.113333
CUST10018,19,Engineer,60014.04,5107.17
CUST10019,38,Engineer,33816.41,2772.034167
CUST10020,19,Mechanic,48776.85,4077.7375
CUST10021,31,Journalist,35746.07,2979.839167
CUST10022,34,Teacher,56404.84,4600.403333
CUST10023,45,Doctor,16372.05,1284.3375
CUST10024,18,Scientist,14351.21,1274.934167
CUST10025,46,Doctor,147848.64,12274.72
CUST10026,40,Engineer,18836.23,1280.685833
CUST10027,40,Doctor,9024.455,713.0379167
CUST10028,53,Scientist,22453.67,1637.139167
CUST10029,34,Media_Manager,78156.39,6526.0325
CUST10030,23,Media_Manager,40246.16,3340.846667
CUST10031,21,Doctor,160838.32,13290.19333
CUST10032,43,Teacher,40403.35,3340.945833
CUST10033,34,Journalist,38542.22,3351.851667
CUST10034,49,Manager,57462.92,4531.576667
CUST10035,35,Mechanic,22539.91,2100.325833
CUST10036,19,Media_Manager,14639.215,1209.934583
CUST10038,49,Entrepreneur,29470.76,2251.896667
CUST10039,27,Manager,15441.2,1248.766667
CUST10040,38,Mechanic,10389.19,833.7658333
CUST10041,55,Mechanic,21028.91,1823.409167
CUST10042,28,Manager,19526.92,1482.243333
CUST10043,20,Lawyer,14337.64,1405.803333
CUST10044,19,Journalist,91545.15,7344.7625
CUST10045,36,Developer,14914.01,1504.834167
CUST10046,32,Lawyer,120017.12,9763.426667
CUST10047,31,Developer,19720.36,1666.363333
CUST10048,37,Manager,69788.08,5969.673333
CUST10049,33,Doctor,19124.4,1859.7
CUST10050,23,Teacher,25173.4,1829.783333
CUST10052,21,Doctor,9831.865,557.3220833
CUST10053,42,Manager,39191.16,3238.93
CUST10054,20,Developer,81822.8,6808.566667
CUST10055,38,Musician,38873.38,3124.448333
CUST10056,38,Developer,167922.52,14257.54333
CUST10057,54,Doctor,43008.33,3332.0275
CUST10058,35,Musician,16645.16,1458.239999
CUST10059,38,Writer,126308.43,10523.7025
CUST10060,53,Journalist,30958.06,2758.838333
CUST10061,25,Developer,66755.64,5556.97
CUST10062,36,Accountant,96027.16,7723.263333
CUST10063,30,Developer,125285.32,10508.44333
CUST10064,47,Musician,17950.55,1646.879167
CUST10065,33,Journalist,31302.34,2855.528333
CUST10066,26,Entrepreneur,37754.78,3395.231667
CUST10067,40,Doctor,28698.06,2326.505
CUST10068,34,Mechanic,69956.92,5530.743333
CUST10069,52,Accountant,30365.13,2353.4275
CUST10070,39,Entrepreneur,86571.09,7370.2575
CUST10071,54,Lawyer,19261.21,1883.100833
CUST10072,46,Engineer,83192.64,7106.72
CUST10073,49,Lawyer,40330.08,3271.84
CUST10074,17,Architect,34343.96,2897.996667
CUST10075,36,Architect,121256.4,9022.691765
CUST10076,17,Engineer,59348.64,4685.72
CUST10077,18,Accountant,34849.62,3202.135
CUST10078,38,Entrepreneur,20139.19,1664.265833
CUST10079,38,Engineer,18105.32,1692.776667
CUST10080,21,Engineer,60381.32,5154.776667
CUST10081,24,Lawyer,9413.305,1072.442083
CUST10082,35,Journalist,172441.08,14565.09
CUST10083,43,Scientist,33199.13,2703.594167
CUST10084,19,Teacher,9173.61,986.4675
CUST10085,38,Mechanic,44983.95,3958.6625
CUST10087,28,Engineer,71290.06,6199.838333
CUST10088,37,Doctor,9299.05,1033.920833
CUST10089,36,Scientist,117116.32,9821.693333
CUST10090,33,Teacher,21803.94,1782.995
CUST10091,31,Musician,28826.14,2167.178333
CUST10092,53,Doctor,91965.39,7877.7825
CUST10093,51,Lawyer,136738.56,11324.88
CUST10094,26,Musician,15434.1,1288.175
CUST10095,50,Engineer,129308.52,10979.71
CUST10096,34,Architect,60574.48,5338.873333
CUST10097,27,Writer,20975.39,1572.949167
CUST10098,38,Manager,33498.79,2995.565833
CUST10099,51,Engineer,13738.735,1328.894583
CUST10100,31,Manager,33032.46,2842.705
CUST10101,42,Accountant,31700.12,2635.676667
CUST10102,23,Teacher,32755.49,2765.624167
CUST10103,47,Lawyer,28199.86,2090.988333
CUST10105,48,Accountant,35341.99,2935.165833
CUST10106,37,Media_Manager,48234.04,4288.503333
CUST10107,25,Doctor,28337.76,2132.48
CUST10108,48,Doctor,140606.8,11876.23333
CUST10109,29,Mechanic,28550.84,2654.236667
CUST10110,20,Architect,81609.78,7084.815
CUST10111,32,Musician,63563.88,5272.99
CUST10112,24,Media_Manager,55263.82,4881.318333
CUST10113,20,Manager,86584.74,7228.395
CUST10114,42,Scientist,37760.22,3393.685
CUST10115,19,Media_Manager,135178.44,11542.87
CUST10116,32,Lawyer,20558.68,1899.223333
CUST10117,34,Musician,10329.855,1121.82125
CUST10118,38,Media_Manager,107991.54,8763.295
CUST10119,35,Entrepreneur,15279.43,1254.285833
CUST10120,33,Media_Manager,38299.84,3461.653333
CUST10121,30,Developer,73052.94,5909.745
CUST10122,45,Journalist,42331.14,3280.595
CUST10123,20,Entrepreneur,14773.91,1423.159167
CUST10124,43,Developer,132387.52,10844.29333
CUST10125,36,Scientist,62683.59,5047.6325
CUST10126,33,Doctor,53671.92,4588.66
CUST10127,18,Engineer,16599.58,1424.298333
CUST10128,26,Architect,19504.32,1554.36
CUST10129,31,Architect,76769.58,6203.465
CUST10130,19,Developer,14258.85,1135.2375
CUST10131,23,Musician,73314.6,6180.55
CUST10132,44,Architect,15028.515,1417.37625
CUST10133,55,Lawyer,27061.84,2148.153333
CUST10134,54,Developer,23455.12,2006.593333
CUST10135,40,Scientist,17689.64,1286.136667
CUST10136,28,Teacher,39284.17,3072.680833
CUST10137,34,Architect,144497.44,11813.45333
CUST10138,52,Media_Manager,40380.18,3607.015
CUST10139,24,Media_Manager,18194.8,1695.233333
CUST10140,39,Engineer,14592.03,947.0025
CUST10142,19,Developer,18937.61,1536.134167
CUST10143,45,Media_Manager,72034.86,5780.905
CUST10144,28,Architect,91561.26,7708.105
CUST10145,25,Musician,29228.18,2695.681667
CUST10147,32,Teacher,59032.8,4601.724308
CUST10148,40,Musician,104273.04,8980.42
CUST10149,29,Accountant,31392.94,2782.078333
CUST10150,29,Lawyer,70976.46,6061.705
CUST10151,29,Doctor,107545.2,9149.1
CUST10152,47,Accountant,11274.515,689.5429167
CUST10154,26,Journalist,19841.34,1680.445
CUST10155,36,Writer,88147.53,7477.6275
CUST10156,29,Architect,101453.49,8620.4575
CUST10157,26,Entrepreneur,47013.78,3678.815
CUST10158,28,Mechanic,7905.96,683.83
CUST10159,19,Mechanic,47898.39,3936.5325
CUST10160,45,Entrepreneur,15335.38,1429.948333
CUST10161,52,Musician,27131.46,2251.955
CUST10162,44,Teacher,20397.855,1690.82125
CUST10163,47,Media_Manager,42074.42,3587.201667
CUST10164,21,Lawyer,70142.36,5817.196667
CUST10165,35,Media_Manager,141164.6,11545.71667
CUST10166,34,Architect,21709.07,2078.089167
CUST10167,29,Entrepreneur,122725.48,10059.12333
CUST10168,22,Teacher,31206.11,2862.509167
CUST10169,44,Architect,17077.4,1583.116667
CUST10170,21,Doctor,76650.12,6558.51
CUST10171,44,Teacher,39594.66,3534.555
CUST10172,37,Media_Manager,20269.93,1617.160833
CUST10173,20,Musician,7314.55,794.5458333
CUST10174,29,Manager,71534.68,6009.223333
CUST10175,27,Developer,55593.99,4874.8325
CUST10176,35,Writer,18995.89,1597.990833
CUST10177,22,Writer,42870.09,3782.5075
CUST10179,46,Lawyer,27589.12,2343.093333
CUST10180,32,Lawyer,12050.595,1159.21625
CUST10181,43,Manager,14791.06,1499.588333
CUST10182,21,Teacher,96040.56,7814.38
CUST10183,32,Musician,61607.34,5192.945
CUST10184,38,Musician,57242.61,4625.2175
CUST10185,53,Writer,15617.35,1579.445833
CUST10186,25,Teacher,23977.89,1834.1575
CUST10187,31,Media_Manager,10484.96,1091.746667
CUST10188,27,Lawyer,7534.185,892.84875
CUST10189,46,Doctor,21809.35,1672.445833
CUST10190,38,Writer,145114.16,12010.84667
CUST10191,53,Doctor,17411.26,1267.938333
CUST10192,27,Musician,39593.77,3308.480833
CUST10193,55,Lawyer,88044.6,7073.05
CUST10194,35,Media_Manager,33352.41,2812.3675
CUST10195,30,Engineer,14000.59,1383.715833
CUST10196,35,Mechanic,102885.75,8543.8125
CUST10197,45,Entrepreneur,18756.78,1400.065
CUST10198,29,Journalist,20488.29,1811.3575
CUST10199,51,Mechanic,142544.36,12086.69667
CUST10200,49,Manager,22158.995,1597.582917
CUST10201,49,Engineer,81049.77,6817.1475
CUST10202,44,Writer,8776.715,485.3929167
CUST10203,25,Teacher,62855.32,5115.943333
CUST10204,24,Writer,29280.44,2458.036667
CUST10205,18,Accountant,36368.77,3229.730833
CUST10206,44,Lawyer,18897.13,1345.760833
CUST10207,27,Journalist,38378.18,3057.181667
CUST10208,32,Media_Manager,37885.46,3047.121667
CUST10209,22,Musician,37968.01,3190.000833
CUST10210,42,Musician,40517.81,3215.484167
CUST10211,31,Teacher,55246.77,4390.8975
CUST10212,37,Manager,122579.04,10510.92
CUST10213,20,Scientist,14176.215,1016.35125
CUST10214,30,Journalist,8820.825,1013.06875
CUST10215,34,Developer,66092.25,5563.6875
CUST10216,39,Teacher,9436.415,550.3679167
CUST10217,21,Developer,14006.745,1017.22875
CUST10218,35,Accountant,33785.2,2713.433333
CUST10219,40,Developer,60515.32,5148.943333
CUST10220,26,Teacher,73627.68,6280.64
CUST10221,18,Entrepreneur,24883.01,1828.584167
CUST10222,25,Architect,7269.655,494.8045833
CUST10223,40,Writer,35462.52,2718.21
CUST10224,34,Media_Manager,16609.08,1524.09
CUST10225,37,Entrepreneur,34102.64,2742.886667
CUST10226,31,Architect,55209.81,4303.8175
CUST10227,32,Mechanic,29818.78,2257.898333
CUST10228,30,Doctor,57776.52,5080.71
CUST10229,43,Musician,18968.18,1557.681667
CUST10230,51,Journalist,60733.7,5189.141667
CUST10231,41,Architect,54908.22,4440.685
CUST10232,39,Scientist,133670.48,11076.20667
CUST10233,50,Doctor,173721.16,14635.76333
CUST10234,21,Manager,15910.33,1111.860833
CUST10236,34,Journalist,20058.555,1817.54625
CUST10237,41,Media_Manager,17725.57,1691.130833
CUST10238,45,Mechanic,156470.0,12849.16667
CUST10239,31,Accountant,11889.26,736.7716667
CUST10240,54,Engineer,73579.8,6200.65
CUST10241,22,Architect,35970.54,2728.545
CUST10242,26,Engineer,83642.91,7031.2425
CUST10243,32,Doctor,35479.47,2927.6225
CUST10244,48,Media_Manager,14180.935,1172.744583
CUST10245,32,Architect,51886.18,4454.848333
CUST10246,37,Musician,75605.82,6507.485
CUST10247,35,Lawyer,10263.79,590.3158333
CUST10248,19,Musician,36938.82,2782.235
CUST10249,50,Developer,40038.58,3358.548333
CUST10250,52,Accountant,59494.14,5162.845
CUST10251,39,Teacher,58774.86,4796.905
CUST10252,26,Doctor,9527.09,604.9241667
CUST10254,37,Teacher,20592.97,1843.080833
CUST10255,51,Scientist,72783.06,6241.255
CUST10256,24,Entrepreneur,50051.28,3934.94
CUST10257,43,Media_Manager,53956.32,4514.36
CUST10258,30,Engineer,49099.68,4014.64
CUST10260,33,Scientist,133547.25,11322.9375
CUST10261,37,Entrepreneur,78956.73,6523.7275
CUST10262,38,Developer,62536.32,5174.36
CUST10263,55,Architect,87621.78,7385.815
CUST10264,21,Engineer,91610.4,7499.2
CUST10265,34,Lawyer,31506.9,2448.575
CUST10266,22,Developer,40923.34,3429.278333
CUST10267,31,Lawyer,37896.71,2885.059167
CUST10269,18,Accountant,57786.12,4686.51
CUST10270,33,Scientist,74005.12,5941.093333
CUST10271,40,Writer,19026.7,1869.558333
CUST10272,43,Engineer,79794.6,6927.55
CUST10273,26,Entrepreneur,14403.39,922.2825
CUST10274,38,Engineer,31762.34,2557.861667
CUST10275,53,Engineer,29491.67,2178.639167
CUST10276,31,Architect,33599.08,2749.923333
CUST10277,45,Musician,83930.72,7257.226667
CUST10278,37,Teacher,8906.395,878.1995833
CUST10279,49,Accountant,127855.83,10511.6525
CUST10280,50,Scientist,32637.88,2514.823333
CUST10281,43,Media_Manager,8177.41,803.4508333
CUST10282,47,Engineer,58853.46,4889.455
CUST10283,20,Engineer,55473.22,4598.768333
CUST10284,24,Mechanic,16229.86,1216.488333
CUST10285,42,Architect,20597.09,1848.424167
CUST10286,26,Architect,39089.09,3089.424167
CUST10287,26,Teacher,33411.91,2723.325833
CUST10288,35,Developer,36787.05,3351.5875
CUST10289,26,Developer,36685.74,2807.145
CUST10290,40,Manager,17150.815,1345.234583
CUST10291,35,Accountant,64930.47,5286.8725
CUST10292,25,Mechanic,23681.87,1826.489167
CUST10293,41,Mechanic,7243.44,614.62
CUST10294,44,Scientist,32361.61,2604.800833
CUST10295,38,Doctor,75069.09,6382.7575
CUST10296,52,Musician,78261.62,6373.801667
CUST10297,45,Developer,34146.86,2986.571667
CUST10298,24,Journalist,94498.95,7950.9125
CUST10299,43,Accountant,20799.59,1435.299167
CUST10300,41,Doctor,59703.03,5080.2525
CUST10301,46,Mechanic,50298.42,4391.535
CUST10302,37,Mechanic,63601.48,5400.123333
CUST10303,35,Developer,14387.47,981.9558333
CUST10304,50,Writer,20203.625,1722.635417
CUST10305,33,Developer,76992.72,6558.06
CUST10306,43,Mechanic,56001.15,4662.7625
CUST10307,31,Writer,21205.82,1880.151667
CUST10308,49,Engineer,16199.955,1140.99625
CUST10309,34,Doctor,88606.92,7517.91
CUST10311,23,Accountant,46783.08,4058.59
CUST10313,31,Manager,88072.59,7511.3825
CUST10314,40,Manager,145545.36,11984.78
CUST10315,40,Musician,146771.72,12197.97667
CUST10316,29,Developer,20521.36,1721.113333
CUST10317,19,Manager,15197.25,979.4375
CUST10318,32,Accountant,32763.42,2819.285
CUST10319,20,Teacher,16832.68,1516.723333
CUST10320,35,Accountant,65000.73,5588.7275
CUST10321,46,Media_Manager,33929.89,2649.490833
CUST10322,18,Scientist,18083.015,1780.917917
CUST10323,27,Architect,68487.03,5867.2525
CUST10324,46,Engineer,79716.94,6372.078333
CUST10325,23,Manager,44438.41,3974.200833
CUST10326,36,Developer,41509.62,3413.135
CUST10327,25,Accountant,114919.56,9619.63
CUST10328,20,Developer,91532.61,7564.7175
CUST10329,48,Doctor,29112.32,2333.026667
CUST10330,34,Journalist,9916.865,1073.405417
CUST10331,24,Musician,28195.29,2044.223399
CUST10332,44,Musician,33276.28,2826.023333
CUST10333,42,Scientist,29086.41,2236.8675
CUST10334,54,Lawyer,43754.32,3938.193333
CUST10335,48,Engineer,84114.6,6873.55
CUST10336,55,Mechanic,107677.98,8856.165
CUST10337,27,Engineer,130210.2,10971.85
CUST10339,45,Accountant,10482.625,912.5520833
CUST10340,32,Architect,10344.865,969.0720833
CUST10341,20,Entrepreneur,17844.19,1723.015833
CUST10342,30,Mechanic,143570.8,12000.23333
CUST10343,27,Engineer,59992.12,5265.343333
CUST10344,32,Journalist,7184.235,848.68625
CUST10345,36,Architect,77594.48,6637.206667
CUST10346,35,Developer,84604.8,6899.4
CUST10347,50,Developer,26596.91,2350.409167
CUST10348,21,Media_Manager,73675.65,6073.6375
CUST10349,22,Developer,22380.18,1620.015
CUST10350,42,Scientist,12144.58,1006.048333
CUST10351,21,Journalist,19627.93,1339.660833
CUST10352,22,Teacher,35007.33,3158.2775
CUST10353,37,Journalist,21093.41,1677.784167
CUST10354,24,Manager,31977.44,2547.786667
CUST10355,38,Manager,25876.18,2293.348333
CUST10356,31,Teacher,43442.97,3748.2475
CUST10357,40,Engineer,28079.86,2103.988333
CUST10358,18,Writer,24922.12,2175.843333
CUST10359,28,Manager,44332.62,3691.385
CUST10360,31,Engineer,26053.36,2059.113333
CUST10361,18,Architect,42491.46,3770.955
CUST10362,24,Media_Manager,63847.8,5156.65
CUST10363,44,Engineer,62475.66,5214.305
CUST10364,38,Developer,140254.92,11929.91
CUST10365,44,Journalist,61990.52,4900.876667
CUST10366,29,Writer,18949.48,1569.123333
CUST10367,36,Developer,23304.3,2000.025
CUST10368,40,Manager,57321.36,4666.78
CUST10369,21,Doctor,22433.46,1493.442041
CUST10370,34,Entrepreneur,55938.51,4904.5425
CUST10371,32,Manager,41998.55,3435.879167
CUST10372,31,Mechanic,20162.26,1872.188333
CUST10373,27,Musician,18525.13,1761.760833
CUST10374,42,Doctor,18008.65,1601.720833
CUST10375,46,Lawyer,162687.32,13421.27667
CUST10376,36,Teacher,50473.8,4144.15
CUST10377,26,Mechanic,106108.53,8686.3775
CUST10378,28,Manager,16090.31,1079.859167
CUST10379,37,Writer,47032.8,3906.4
CUST10380,27,Architect,9817.065,1095.08875
CUST10381,30,Engineer,79691.7,6704.975
CUST10382,44,Mechanic,8215.87,637.6558333
CUST10383,21,Lawyer,125734.16,10388.84667
CUST10384,31,Accountant,59519.79,4966.9825
CUST10385,34,Entrepreneur,51323.52,4227.96
CUST10386,38,Musician,14623.83,1302.6525
CUST10387,27,Journalist,144396.68,11791.05667
CUST10388,23,Manager,81288.36,6765.03
CUST10390,27,Doctor,9510.225,933.51875
CUST10391,43,Entrepreneur,26980.83,2363.4025
CUST10392,39,Accountant,33049.87,2955.155833
CUST10393,34,Doctor,27880.82,2145.401667
CUST10394,18,Media_Manager,20111.74,1736.978333
CUST10395,30,Teacher,29661.88,2435.823333
CUST10396,19,Mechanic,63730.08,5606.84
CUST10397,39,Manager,64110.51,5217.5425
CUST10398,36,Teacher,51433.89,4374.1575
CUST10399,35,Engineer,19603.315,1533.609583
CUST10400,34,Lawyer,16234.66,1084.888333
CUST10401,24,Entrepreneur,24995.92,2099.993333
CUST10402,44,Lawyer,82668.78,6930.065
CUST10404,30,Manager,21487.835,1602.652917
CUST10405,40,Lawyer,7451.97,463.9975
CUST10406,21,Musician,48089.16,3902.43
CUST10407,31,Doctor,126353.04,10635.42
CUST10408,22,Doctor,23537.54,1906.461667
CUST10409,27,Journalist,16833.86,1230.821667
CUST10410,51,Engineer,33413.88,2770.49
CUST10411,18,Architect,58832.19,4827.6825
CUST10412,38,Lawyer,14982.0,1137.5
CUST10413,51,Engineer,97694.32,8153.193333
CUST10414,39,Doctor,10774.095,1075.84125
CUST10415,43,Musician,20348.57,1486.714167
CUST10416,54,Entrepreneur,38933.58,3432.465
CUST10417,19,Engineer,56141.26,4615.438333
CUST10418,48,Manager,13016.955,805.74625
CUST10419,32,Architect,54239.94,4341.995
CUST10420,30,Musician,78188.84,6296.736667
CUST10421,38,Musician,44768.73,3911.7275
CUST10422,22,Media_Manager,134499.84,11019.32
CUST10423,29,Engineer,71616.36,5971.03
CUST10424,22,Architect,40287.78,3280.315
CUST10425,38,Engineer,17212.35,1271.3625
CUST10426,43,Musician,89122.8,7141.9
CUST10427,55,Mechanic,70114.38,5679.865
CUST10428,53,Teacher,73455.03,6367.2525
CUST10429,40,Musician,39280.52,3297.376667
CUST10430,21,Writer,15475.27,1264.605833
CUST10431,51,Musician,43075.97,3481.664167
CUST10433,25,Lawyer,31174.8,2883.9
CUST10434,19,Lawyer,20566.56,1711.88
CUST10435,31,Media_Manager,15049.89,971.1575
CUST10436,24,Media_Manager,56985.9,4700.825
CUST10437,47,Entrepreneur,132641.34,11051.445
CUST10438,37,Media_Manager,109607.43,9308.9525
CUST10439,23,Accountant,45488.94,3861.745
CUST10440,36,Teacher,15615.3,1185.275
CUST10441,37,Scientist,42829.15,3535.095833
CUST10442,23,Developer,18140.94,1780.745
CUST10444,36,Accountant,34378.42,2628.868333
CUST10445,44,Accountant,26683.75,2224.645833
CUST10446,36,Teacher,61117.29,4872.1075
CUST10447,35,Journalist,41544.52,3337.043333
CUST10448,55,Media_Manager,15466.055,1394.837917
CUST10449,25,Doctor,122469.16,10072.76333
CUST10450,30,Accountant,8576.98,665.7483333
CUST10451,28,Media_Manager,57654.4,4590.533333
CUST10452,47,Architect,137097.8,11356.81667
CUST10453,29,Journalist,16517.73,1423.4775
CUST10454,23,Musician,69324.4,5509.033333
CUST10455,32,Media_Manager,72712.2,6169.35
CUST10456,20,Engineer,7039.745,303.6454167
CUST10457,44,Teacher,37424.16,3045.68
CUST10458,19,Musician,40692.4,3686.033333
CUST10459,52,Mechanic,15948.285,1625.02375
CUST10460,31,Lawyer,71983.5,5966.625
CUST10461,34,Scientist,42585.4,3280.783333
CUST10462,21,Doctor,18600.88,1386.073333
CUST10463,31,Engineer,31024.77,2415.3975
CUST10464,43,Mechanic,18465.74,1509.811667
CUST10465,44,Musician,28805.34,2309.445
CUST10466,35,Accountant,19724.81,1442.734167
CUST10467,27,Teacher,8381.025,852.41875
CUST10468,37,Mechanic,51045.9,4037.825
CUST10469,33,Accountant,56391.12,4791.26
CUST10470,29,Lawyer,98035.14,7994.595
CUST10471,46,Doctor,120834.03,9872.5025
CUST10473,39,Engineer,79929.76,6917.813333
CUST10474,25,Media_Manager,20906.89,1620.240833
CUST10475,39,Doctor,16041.85,1479.820833
CUST10476,31,Scientist,120522.88,9816.573333
CUST10477,37,Manager,35862.37,3172.530833
CUST10478,20,Engineer,19020.63,1475.0525
CUST10481,45,Accountant,73507.4,6146.616667
CUST10482,20,Mechanic,79147.2,6632.6
CUST10483,19,Doctor,112939.47,9664.6225
CUST10484,41,Accountant,18817.94,1560.161667
CUST10486,47,Mechanic,106520.64,8919.72
CUST10487,18,Media_Manager,103769.88,8752.49
CUST10488,45,Teacher,93305.76,7837.48
CUST10489,34,Manager,27954.68,2228.556667
CUST10491,23,Journalist,42346.98,3776.915
CUST10492,22,Accountant,73926.36,6117.53
CUST10493,37,Mechanic,129762.48,10974.54
CUST10494,42,Entrepreneur,14012.51,1030.709167
CUST10496,36,Engineer,31067.03,2297.919167
CUST10497,31,Entrepreneur,40069.45,3616.120833
CUST10498,22,Entrepreneur,11138.425,911.2020833
CUST10500,28,Lawyer,143544.96,12156.08
CUST10501,33,Musician,56500.7,4765.391667
CUST10502,21,Teacher,38882.52,3186.21
CUST10503,34,Scientist,25306.37,2154.445766
CUST10504,33,Teacher,91490.6,7526.216667
CUST10505,49,Developer,27587.1,2248.925
CUST10506,34,Architect,73327.0,6090.583333
CUST10507,35,Media_Manager,9834.33,626.5275
CUST10508,39,Scientist,29441.38,2550.448333
CUST10509,22,Doctor,117342.92,9996.576667
CUST10510,36,Engineer,46929.57,4099.7975
CUST10511,27,Entrepreneur,128847.0,10980.25
CUST10512,44,Engineer,10455.585,727.29875
CUST10513,34,Media_Manager,94312.05,7702.3375
CUST10514,19,Doctor,19135.06,1662.588333
CUST10515,21,Musician,116623.44,9836.62
CUST10516,22,Musician,48783.44,4187.286667
CUST10517,24,Entrepreneur,65844.86,5363.071667
CUST10518,29,Teacher,14239.41,1255.6175
CUST10519,45,Engineer,71554.68,5758.89
CUST10520,33,Teacher,16743.345,1194.36667
CUST10522,46,Writer,31933.89,2685.1575
CUST10523,19,Architect,88602.0,7167.5
CUST10524,29,Developer,21526.91,1540.909167
CUST10525,51,Journalist,19127.06,1517.921667
CUST10526,36,Teacher,37743.72,3341.31
CUST10527,30,Architect,14836.74,1151.395
CUST10528,34,Writer,17116.55,1722.379167
CUST10529,35,Musician,16193.87,1287.489167
CUST10530,27,Teacher,18202.79,1390.899167
CUST10531,28,Accountant,14411.9,1330.991667
CUST10532,39,Accountant,15734.68,1031.223333
CUST10533,43,Architect,29894.7,2570.225
CUST10534,19,Manager,62152.59,5188.3825
CUST10535,25,Architect,11586.36,1141.53
CUST10536,19,Engineer,18811.58,1782.631667
CUST10537,36,Engineer,7718.76,900.23
CUST10538,42,Architect,87883.92,7250.66
CUST10539,38,Doctor,37486.02,3299.835
CUST10540,27,Journalist,14045.15,1167.429167
CUST10541,34,Journalist,20364.57,1626.0475
CUST10542,41,Engineer,63901.05,5409.0875
CUST10543,22,Mechanic,15710.555,1290.212917
CUST10544,34,Writer,14735.48,1284.956667
CUST10545,44,Developer,14431.49,1307.624167
CUST10546,28,Developer,71689.68,5706.14
CUST10547,24,Developer,54000.9,4661.075
CUST10548,46,Doctor,75408.44,6403.036667
CUST10549,40,Scientist,9095.29,853.9408333
CUST10550,31,Developer,76714.08,6401.84
CUST10551,22,Musician,20652.98,1468.081667
CUST10552,22,Lawyer,110603.94,9463.995
CUST10553,29,Developer,28204.79,2066.399167
CUST10554,29,Journalist,68399.64,5899.97
CUST10555,43,Engineer,34956.22,2827.018333
CUST10556,36,Engineer,49215.72,3904.31
CUST10557,21,Scientist,14957.97,986.4975
CUST10558,41,Doctor,19188.055,1358.004583
CUST10559,43,Developer,15928.75,1301.395833
CUST10560,48,Architect,17451.235,1276.269583
CUST10561,31,Writer,106546.08,8951.84
CUST10562,25,Mechanic,18225.38,1487.781667
CUST10563,50,Writer,89221.26,7226.105
CUST10564,20,Teacher,24127.79,2097.649167
CUST10565,28,Journalist,56007.82,4722.318333
CUST10567,41,Developer,127928.68,10479.72333
CUST10568,44,Doctor,35802.82,3130.568333
CUST10569,48,Mechanic,47202.12,4164.51
CUST10570,24,Lawyer,17805.15,1711.7625
CUST10571,47,Developer,85368.27,6889.0225
CUST10572,19,Teacher,33479.22,2765.935
CUST10573,36,Musician,109655.25,9313.9375
CUST10574,40,Accountant,80743.8,6886.65
CUST10575,55,Journalist,34388.0,2711.666667
CUST10576,40,Journalist,28131.62,2510.301667
CUST10577,34,Media_Manager,14461.52,1010.126667
CUST10578,28,Musician,81623.13,6887.9275
CUST10579,41,Engineer,50649.6,4431.8
CUST10580,41,Entrepreneur,88045.8,7108.15
CUST10581,24,Doctor,34406.64,2898.22
CUST10582,17,Lawyer,14677.92,1289.16
CUST10583,23,Mechanic,14841.17,989.7641667
CUST10584,22,Scientist,21677.905,1859.492083
CUST10585,27,Manager,14623.51,1232.625833
CUST10586,46,Manager,110375.04,9345.92
CUST10587,37,Manager,14996.235,1439.68625
CUST10588,51,Journalist,26779.9,1986.658333
CUST10589,36,Journalist,168491.44,13884.95333
CUST10590,42,Architect,46874.85,4082.2375
CUST10591,48,Media_Manager,74437.44,6184.12
CUST10592,27,Journalist,14293.345,897.1120833
CUST10593,30,Lawyer,88120.12,7377.343333
CUST10594,22,Doctor,46880.49,3790.7075
CUST10595,34,Mechanic,71551.18,5936.598333
CUST10596,42,Developer,7427.29,694.9408333
CUST10597,19,Mechanic,39558.23,3542.519167
CUST10598,40,Accountant,19338.48,1633.54
CUST10599,44,Media_Manager,42208.74,3355.395
CUST10600,35,Journalist,16791.21,1143.2675
CUST10601,22,Doctor,9989.21,653.4341667
CUST10602,20,Scientist,68498.72,5715.226667
CUST10603,39,Scientist,15516.87,1396.0725
CUST10605,37,Journalist,17610.81,1391.5675
CUST10606,38,Scientist,36871.28,3141.606667
CUST10607,18,Accountant,73732.4,6048.366667
CUST10608,54,Journalist,18524.52,1739.71
CUST10609,35,Developer,43285.2,3327.1
CUST10610,27,Teacher,28276.43,2146.369167
CUST10611,25,Writer,94587.66,7774.305
CUST10612,26,Teacher,70902.06,5898.505
CUST10613,41,Lawyer,8089.415,889.1179167
CUST10614,27,Journalist,43280.82,3648.735
CUST10615,29,Teacher,50276.79,4410.7325
CUST10617,54,Lawyer,16188.16,1396.013333
CUST10618,44,Lawyer,14909.4,1177.45
CUST10619,17,Mechanic,20326.87,1396.905833
CUST10620,19,Entrepreneur,22265.03,1723.419167
CUST10621,50,Journalist,20782.66,1886.888333
CUST10622,36,Accountant,63839.24,5192.936667
CUST10623,28,Engineer,13675.83,1282.6525
CUST10624,26,Journalist,25626.88,2392.573333
CUST10625,20,Architect,19428.03,1809.0025
CUST10626,39,Manager,97714.47,8103.8725
CUST10627,19,Lawyer,38694.74,2979.561667
CUST10628,43,Teacher,15400.19,1227.349167
CUST10629,47,Doctor,92699.31,7927.9425
CUST10630,39,Writer,17213.61,1350.4675
CUST10631,53,Teacher,30269.71,2650.475833
CUST10632,44,Journalist,9741.195,1097.76625
CUST10633,45,Architect,54346.35,4463.8625
CUST10634,20,Musician,109547.1,9086.925
CUST10635,25,Scientist,66919.4,5700.616667
CUST10636,18,Scientist,16313.03,1123.419167
CUST10637,42,Architect,65523.04,5629.253333
CUST10638,51,Teacher,143853.08,11775.75667
CUST10639,44,Teacher,89398.64,7342.886667
CUST10640,43,Writer,45902.25,3974.1875
CUST10641,44,Mechanic,78570.64,6425.553333
CUST10642,33,Engineer,95768.85,8115.7375
CUST10643,29,Scientist,97377.87,8135.8225
CUST10644,28,Media_Manager,31276.27,2540.355833
CUST10645,20,Teacher,131698.96,11196.91333
CUST10647,29,Media_Manager,28274.17,2087.180833
CUST10648,55,Mechanic,66674.38,5356.198333
CUST10649,18,Teacher,124085.91,10104.4925
CUST10650,45,Doctor,20945.38,1619.448333
CUST10651,45,Teacher,50690.91,3945.2425
CUST10652,38,Architect,15503.65,1581.970833
CUST10653,19,Teacher,95099.8,7851.983333
CUST10654,35,Writer,49228.35,4210.3625
CUST10655,23,Musician,86502.12,7174.51
CUST10656,25,Teacher,9620.965,782.7470833
CUST10657,49,Lawyer,126344.72,10643.72667
CUST10658,28,Musician,63572.76,5566.73
CUST10659,21,Entrepreneur,41922.4,3564.533333
CUST10660,46,Mechanic,21421.73,1689.144167
CUST10661,38,Mechanic,21039.26,1628.271667
CUST10662,23,Lawyer,19924.14,1911.345
CUST10663,19,Journalist,48729.87,3812.8225
CUST10664,30,Musician,62028.36,5048.03
CUST10665,20,Journalist,75010.52,6167.876667
CUST10666,21,Mechanic,19395.73,1550.310833
CUST10667,39,Entrepreneur,16758.14,1613.511667
CUST10668,28,Mechanic,28207.03,2116.585833
CUST10669,55,Lawyer,70797.84,5778.82
CUST10670,31,Developer,79500.44,6244.387274
CUST10671,54,Lawyer,49715.68,4371.973333
CUST10673,54,Scientist,90074.64,7233.22
CUST10674,25,Journalist,44323.29,3909.6075
CUST10675,33,Architect,17290.42,1426.868333
CUST10676,24,Developer,11892.72,976.06
CUST10678,36,Teacher,34829.92,3031.493333
CUST10679,32,Manager,12805.5,1188.125
CUST10680,29,Writer,36640.7,3057.391667
CUST10681,44,Musician,61127.37,5337.9475
CUST10682,18,Architect,30352.72,2573.393333
CUST10683,48,Engineer,80942.22,6630.185
CUST10684,36,Developer,21085.67,1919.139167
CUST10685,39,Teacher,30178.34,2557.861667
CUST10686,40,Media_Manager,46360.47,3801.3725
CUST10687,52,Writer,14331.65,1392.304167
CUST10688,33,Musician,17446.07,1245.839167
CUST10689,22,Manager,26760.95,2254.079167
CUST10690,21,Scientist,71034.88,5743.573333
CUST10691,18,Scientist,70732.4,5874.366667
CUST10692,33,Scientist,7363.13,695.5941667
CUST10693,36,Scientist,9447.12,823.26
CUST10695,25,Architect,9012.04,512.0033333
CUST10696,35,Musician,14835.22,1008.268333
CUST10697,32,Developer,62031.06,5295.255
CUST10698,41,Mechanic,19250.71,1610.225833
CUST10699,36,Lawyer,28058.38,2601.198333
CUST10700,42,Media_Manager,40343.42,3485.951667
CUST10701,39,Media_Manager,35474.91,3203.2425
CUST10702,37,Musician,33834.47,2630.539167
CUST10703,42,Writer,109978.17,9139.8475
CUST10704,27,Developer,24070.5,2090.875
CUST10705,35,Architect,89772.84,7636.07
CUST10706,49,Architect,14540.485,1279.707083
CUST10707,43,Mechanic,33990.85,2569.570833
CUST10708,29,Mechanic,42185.25,3495.4375
CUST10709,48,Scientist,33061.2,2621.1
CUST10710,43,Musician,12287.43,1119.9525
CUST10711,22,Scientist,33624.4,2869.033333
CUST10712,29,Lawyer,41414.58,3476.215
CUST10713,32,Doctor,56125.5,4875.125
CUST10714,24,Musician,9886.53,575.8775
CUST10715,20,Media_Manager,121522.52,10295.87667
CUST10716,18,Journalist,58164.12,5046.01
CUST10718,36,Entrepreneur,13701.675,1232.80625
CUST10719,51,Accountant,20351.965,1782.997083
CUST10720,41,Entrepreneur,29256.86,2446.071667
CUST10721,42,Journalist,20170.75,1930.895833
CUST10722,19,Mechanic,8658.18,637.515
CUST10723,40,Architect,17663.535,1767.96125
CUST10724,18,Architect,15509.99,1364.499167
CUST10725,23,Doctor,57452.43,4802.7025
CUST10726,43,Developer,7299.77,674.3141667
CUST10727,22,Mechanic,60159.45,4975.2875
CUST10728,44,Doctor,9637.635,663.13625
CUST10729,24,Musician,116360.56,9738.713333
CUST10730,20,Media_Manager,19563.14,1902.261667
CUST10731,30,Doctor,20338.48,1745.873333
CUST10732,55,Accountant,41563.69,3691.640833
CUST10733,54,Architect,72902.7,6251.225
CUST10734,22,Media_Manager,16603.995,1438.66625
CUST10735,30,Engineer,56286.51,4601.5425
CUST10736,40,Manager,166837.64,13680.13667
CUST10737,26,Mechanic,18228.535,1402.044583
CUST10738,25,Media_Manager,126464.01,10420.6675
CUST10739,26,Lawyer,98455.26,8420.605
CUST10740,22,Scientist,66387.42,5545.285
CUST10741,36,Mechanic,82383.04,6661.253333
CUST10742,31,Mechanic,29182.34,2479.861667
CUST10743,18,Engineer,15586.65,1126.8875
CUST10745,26,Teacher,55554.69,4649.5575
CUST10746,41,Doctor,61807.41,5418.6175
CUST10747,43,Writer,16200.25,1554.020833
CUST10748,54,Teacher,43924.04,3811.336667
CUST10749,36,Accountant,39522.28,3469.523333
CUST10750,43,Architect,35618.39,3174.199167
CUST10751,41,Musician,125905.84,10306.15333
CUST10753,44,Musician,119242.68,9849.89
CUST10754,19,Architect,29175.03,2152.2525
CUST10755,21,Scientist,78810.64,6448.553333
CUST10757,34,Engineer,20674.5,1447.875
CUST10758,46,Teacher,21537.99,1530.8325
CUST10759,41,Journalist,77751.8,6515.316667
CUST10760,45,Manager,38430.94,3279.578333
CUST10761,37,Entrepreneur,56451.8,4813.316667
CUST10763,26,Lawyer,41848.26,3578.355
CUST10764,53,Architect,36920.36,3119.696667
CUST10765,36,Doctor,39912.86,3498.071667
CUST10766,42,Doctor,100192.32,8171.36
CUST10767,29,Engineer,14095.93,1310.660833
CUST10768,45,Developer,31877.72,2571.476667
CUST10769,35,Entrepreneur,42756.72,3653.06
CUST10770,19,Musician,24293.22,1906.435
CUST10771,34,Lawyer,50520.75,4407.0625
CUST10772,44,Architect,20961.365,1898.780417
CUST10773,19,Scientist,52797.3,4352.775
CUST10775,33,Journalist,27947.05,2331.920833
CUST10776,38,Engineer,135671.32,11395.94333
CUST10777,34,Engineer,98983.17,8478.5975
CUST10778,25,Developer,81566.25,7036.1875
CUST10779,33,Manager,36029.25,3111.4375
CUST10780,23,Doctor,58290.64,4602.553333
CUST10781,22,Architect,18014.97,1461.2475
CUST10782,22,Entrepreneur,128163.36,10648.28
CUST10783,54,Journalist,83378.2,6656.183333
CUST10784,28,Manager,33212.27,2962.689167
CUST10785,48,Writer,35207.73,3081.9775
CUST10786,43,Architect,34636.64,3136.386667
CUST10787,22,Musician,83126.24,6957.186667
CUST10789,44,Developer,27292.5,2254.375
CUST10790,41,Architect,84373.32,7035.11
CUST10791,53,Journalist,59999.02,5065.918333
CUST10793,23,Engineer,28253.33,2249.444167
CUST10794,19,Mechanic,19268.3,1652.691667
CUST10795,25,Accountant,147327.8,12351.31667
CUST10796,34,Scientist,47732.88,3821.74
CUST10797,28,Doctor,13180.99,936.4158333
CUST10798,32,Architect,69981.32,5971.776667
CUST10799,34,Teacher,31253.18,2902.431667
CUST10801,35,Entrepreneur,8312.085,568.67375
CUST10802,52,Writer,18458.05,1288.170833
CUST10803,52,Lawyer,22385.16,2077.43
CUST10804,35,Developer,57651.98,5072.331667
CUST10805,24,Journalist,96815.91,8057.9925
CUST10806,27,Journalist,37085.98,3220.498333
CUST10808,26,Mechanic,57582.42,4508.535
CUST10809,53,Musician,63407.82,5052.985
CUST10810,37,Architect,17919.005,1464.250417
CUST10811,26,Mechanic,10437.765,729.81375
CUST10812,18,Teacher,38253.64,3337.803333
CUST10813,28,Lawyer,38791.68,3265.64
CUST10814,41,Accountant,23692.52,2104.376667
CUST10815,36,Media_Manager,9648.82,1092.068333
CUST10816,32,Engineer,39020.72,3180.726667
CUST10817,25,Musician,20623.16,1592.596667
CUST10818,23,Engineer,39130.84,3421.903333
CUST10820,27,Musician,16702.25,1640.854167
CUST10821,44,Teacher,28435.76,2266.646667
CUST10823,22,Manager,41797.94,3618.161667
CUST10824,42,Architect,112308.39,9642.0325
CUST10825,48,Manager,35820.62,2758.051667
CUST10826,39,Architect,35846.52,3014.21
CUST10827,22,Engineer,20981.46,1611.455
CUST10828,29,Engineer,84687.48,7284.29
CUST10829,30,Writer,29101.85,2485.154167
CUST10830,35,Writer,20120.38,1410.698333
CUST10831,21,Entrepreneur,37360.94,2864.411667
CUST10832,29,Manager,19280.89,1550.740833
CUST10833,29,Teacher,19936.4,1404.366667
CUST10834,25,Musician,127706.55,10785.2125
CUST10835,37,Developer,18507.35,1770.279167
CUST10836,17,Media_Manager,34243.28,2594.606667
CUST10837,41,Teacher,15931.72,1179.643333
CUST10838,31,Lawyer,41293.1,3716.091667
CUST10840,50,Musician,53543.38,4622.948333
CUST10842,49,Architect,39242.1,3229.175
CUST10843,45,Developer,36217.7,3237.141667
CUST10844,28,Journalist,34798.03,3190.835833
CUST10845,40,Manager,35824.65,3271.3875
CUST10846,21,Architect,9000.425,703.0354167
CUST10847,28,Musician,35349.2,2940.766667
CUST10848,41,Lawyer,20889.65,1710.804167
CUST10849,28,Doctor,28896.84,2151.07
CUST10850,33,Entrepreneur,86274.99,6929.5825
CUST10851,39,Musician,32446.8,2722.9
CUST10852,35,Accountant,50817.9,4531.825
CUST10853,48,Manager,38155.64,2933.636667
CUST10854,18,Journalist,37006.6,3378.883333
CUST10855,42,Doctor,47370.64,3676.553333
CUST10856,53,Teacher,72363.72,6124.31
CUST10857,18,Journalist,69224.94,5481.745
CUST10858,37,Teacher,132552.16,11094.01333
CUST10859,22,Teacher,16627.15,1236.595833
CUST10860,32,Media_Manager,165799.4,13868.61667
CUST10861,40,Doctor,83491.35,7191.6125
CUST10862,41,Lawyer,41468.9,3173.741667
CUST10863,38,Manager,77326.84,6627.903333
CUST10864,49,Mechanic,67551.57,5887.2975
CUST10865,21,Musician,22020.37,1605.030833
CUST10866,29,Engineer,19938.73,1813.560833
CUST10867,45,Engineer,62578.92,4986.91
CUST10868,17,Teacher,33662.51,3004.209167
CUST10869,20,Architect,38840.66,3442.721667
CUST10870,21,Developer,21419.85,1509.9875
CUST10871,28,Teacher,33535.89,2891.6575
CUST10873,45,Musician,8052.79,961.0658333
CUST10874,20,Engineer,37045.6,2820.133333
CUST10875,18,Manager,40848.13,3245.010833
CUST10876,18,Teacher,87795.78,7325.315
CUST10877,26,Mechanic,15704.0,1598.666667
CUST10878,53,Scientist,11244.63,667.0525
CUST10879,19,Mechanic,38831.83,3328.985833
CUST10880,40,Engineer,11330.965,1115.247083
CUST10881,51,Musician,52410.5,4650.541667
CUST10882,29,Manager,20760.75,1430.0625
CUST10883,46,Writer,18444.925,1497.077083
CUST10884,43,Architect,57507.24,5046.27
CUST10885,46,Architect,85515.94,7246.328333
CUST10886,29,Writer,29823.91,2256.325833
CUST10887,39,Architect,17983.29,1435.6075
CUST10888,45,Manager,60593.8,5033.483333
CUST10889,26,Writer,36589.09,2829.090833
CUST10890,42,Lawyer,18037.47,1272.1225
CUST10891,39,Doctor,68471.16,5967.93
CUST10892,50,Musician,59555.68,4663.973333
CUST10893,28,Media_Manager,112671.27,9454.2725
CUST10894,43,Mechanic,99100.29,8025.3575
CUST10895,37,Engineer,14698.595,1505.882917
CUST10896,41,Entrepreneur,43426.9,3497.908333
CUST10897,40,Architect,147583.4,12224.61667
CUST10898,42,Entrepreneur,38367.08,3199.256667
CUST10899,49,Mechanic,61085.5,4842.458333
CUST10900,34,Lawyer,40561.2,3616.1
CUST10901,38,Lawyer,98330.8,8399.233333
CUST10902,23,Musician,80511.84,6542.32
CUST10903,45,Scientist,33071.56,2910.963333
CUST10904,40,Developer,134270.12,11318.17667
CUST10905,20,Manager,109981.6,9239.133333
CUST10906,19,Teacher,32089.33,2882.110833
CUST10907,42,Musician,68088.15,5842.0125
CUST10908,36,Teacher,107304.42,8936.035
CUST10909,51,Lawyer,41911.84,3321.653333
CUST10910,45,Doctor,75868.8,6074.4
CUST10911,47,Engineer,38533.76,3412.146667
CUST10912,39,Engineer,148387.92,12327.66
CUST10913,37,Engineer,17889.32,1504.776667
CUST10914,18,Scientist,56570.22,4464.185
CUST10915,33,Developer,31019.6,2427.966667
CUST10916,46,Accountant,63433.7,5253.141667
CUST10917,24,Doctor,139391.8,11526.98333
CUST10918,43,Musician,17776.2,1727.35
CUST10919,30,Developer,68790.22,5872.518333
CUST10920,44,Developer,45432.51,3954.0425
CUST10921,34,Doctor,7908.0,533.0
CUST10922,26,Accountant,9716.27,743.6891667
CUST10923,19,Architect,128698.76,10628.89667
CUST10924,53,Architect,21733.845,1532.15375
CUST10925,45,Lawyer,116794.11,9483.8425
CUST10926,37,Manager,122760.66,10422.055
CUST10927,18,Journalist,15165.14,1505.761667
CUST10930,40,Musician,75655.48,6016.623333
CUST10931,44,Musician,69083.08,5875.923333
CUST10932,21,Developer,100666.59,8203.8825
CUST10933,40,Media_Manager,42079.65,3561.6375
CUST10934,46,Teacher,17737.6,1260.133333
CUST10936,38,Manager,42619.92,3630.66
CUST10937,53,Engineer,160591.24,13214.60333
CUST10938,31,Media_Manager,14066.03,1358.169167
CUST10939,23,Developer,14901.88,1362.823333
CUST10940,45,Developer,20921.76,1573.48
CUST10941,53,Musician,74288.46,6284.705
CUST10942,27,Writer,152104.68,12603.39
CUST10943,44,Doctor,60148.65,4970.3875
CUST10944,47,Writer,30403.95,2545.6625
CUST10945,17,Journalist,14137.39,1091.115833
CUST10946,33,Media_Manager,31938.39,2486.5325
CUST10947,42,Scientist,69212.0,5536.666667
CUST10948,41,Doctor,79760.4,6927.7
CUST10949,37,Scientist,60396.26,4779.021667
CUST10950,36,Manager,170730.6,14353.55
CUST10951,24,Engineer,112282.4,9102.866667
CUST10952,33,Accountant,124190.8,10640.23333
CUST10953,25,Entrepreneur,40857.12,3446.76
CUST10954,21,Architect,40363.74,3147.645
CUST10955,21,Teacher,18063.71,1404.309167
CUST10956,30,Entrepreneur,15628.59,1213.3825
CUST10957,22,Architect,17807.935,1545.994583
CUST10958,28,Media_Manager,22116.855,2104.07125
CUST10959,34,Entrepreneur,16245.125,1080.760417
CUST10960,34,Developer,35325.29,2764.774167
CUST10961,18,Teacher,81908.34,6902.695
CUST10962,49,Engineer,9603.845,510.3204167
CUST10965,39,Accountant,22144.945,1752.412083
CUST10966,17,Journalist,38505.32,3065.776667
CUST10967,37,Doctor,81096.44,6604.036667
CUST10968,25,Musician,22181.4,2010.45
CUST10969,27,Doctor,19922.11,1508.175833
CUST10970,25,Musician,62848.83,5006.4025
CUST10971,30,Teacher,24821.36,2106.446667
CUST10972,22,Teacher,28824.58,2679.048333
CUST10973,36,Accountant,19029.31,1303.775833
CUST10974,30,Manager,30616.07,2813.339167
CUST10975,29,Manager,86992.68,7215.39
CUST10976,43,Writer,34774.65,2925.8875
CUST10977,43,Scientist,17147.215,1129.934583
CUST10978,21,Writer,31655.9,2516.991667
CUST10979,44,Accountant,16242.68,1539.556667
CUST10980,54,Media_Manager,111346.92,9240.91
CUST10981,29,Engineer,40701.88,3309.823333
CUST10982,34,Media_Manager,15333.865,1057.822083
CUST10983,41,Architect,98992.92,8207.41
CUST10984,28,Manager,42951.62,3580.301667
CUST10985,38,Accountant,12768.94,1079.078333
CUST10986,20,Writer,71535.38,5886.281667
CUST10987,18,Writer,73436.07,6191.6725
CUST10988,41,Writer,10078.315,1047.859583
CUST10989,50,Doctor,40608.96,3103.08
CUST10990,38,Doctor,32875.17,2657.5975
CUST10991,33,Doctor,38192.94,3146.745
CUST10992,19,Scientist,30012.83,2239.069167
CUST10993,52,Scientist,163083.08,13607.25667
CUST10994,48,Writer,86776.59,7154.3825
CUST10995,26,Media_Manager,86282.67,7409.2225
CUST10996,17,Architect,22077.27,1910.7725
CUST10997,44,Writer,66287.28,5513.94
CUST10998,55,Mechanic,28276.72,2449.393333
CUST10999,49,Teacher,89531.13,7216.9275
CUST11000,20,Scientist,33643.76,2835.646667
CUST11001,26,Accountant,11465.92,744.4933333
CUST11002,19,Accountant,60174.93,4912.5775
CUST11004,40,Writer,110018.94,8903.245
CUST11005,42,Mechanic,16144.57,1280.380833
CUST11006,53,Manager,11967.245,726.2704167
CUST11007,51,Entrepreneur,27577.45,2222.120833
CUST11008,53,Entrepreneur,15904.85,1085.404167
CUST11009,17,Entrepreneur,19457.5,1904.458333
CUST11010,36,Lawyer,95011.64,7936.636667
CUST11011,31,Manager,177560.68,14512.72333
CUST11012,26,Journalist,36039.18,3169.265
CUST11013,30,Accountant,20497.26,1897.105
CUST11014,28,Accountant,40646.19,3276.1825
CUST11015,19,Developer,32653.78,2506.148333
CUST11016,22,Mechanic,17433.615,1678.80125
CUST11017,52,Engineer,112383.56,9542.296667
CUST11018,42,Developer,18263.99,1722.999167
CUST11019,18,Teacher,19852.64,1921.386667
CUST11020,31,Mechanic,10277.19,920.4325
CUST11021,37,Media_Manager,94034.8,7693.233333
CUST11022,31,Lawyer,83618.96,6744.246667
CUST11023,44,Engineer,31237.94,2563.161667
CUST11024,25,Mechanic,7517.97,447.4975
CUST11025,21,Lawyer,77945.08,6319.423333
CUST11026,29,Mechanic,69601.68,6072.14
CUST11027,35,Journalist,18124.54,1588.378333
CUST11028,40,Accountant,61876.14,5387.345
CUST11029,30,Mechanic,38361.54,3351.795
CUST11030,44,Scientist,49070.94,4128.245
CUST11031,26,Accountant,78506.64,6499.22
CUST11032,41,Developer,147781.64,12090.13667
CUST11033,36,Doctor,17177.52,1535.46
CUST11034,26,Mechanic,82316.18,6625.681667
CUST11036,30,Manager,141474.2,11536.51667
CUST11037,55,Journalist,134630.91,11491.2425
CUST11038,27,Accountant,47682.36,4059.53
CUST11039,46,Architect,43967.59,3867.965833
CUST11040,20,Media_Manager,36971.44,3370.953333
CUST11041,23,Engineer,136566.4,11633.53333
CUST11042,51,Scientist,108968.85,8843.7375
CUST11043,25,Accountant,9618.3,549.525
CUST11044,22,Accountant,55732.68,4903.39
CUST11045,23,Engineer,106666.2,8873.85
CUST11046,28,Architect,39831.1,3454.258333
CUST11047,45,Developer,126689.0,10543.41667
CUST11048,18,Engineer,103668.45,8557.0375
CUST11049,51,Lawyer,14696.765,1273.730417
CUST11050,43,Scientist,7854.735,698.56125
CUST11051,24,Accountant,12349.37,1288.114167
CUST11052,28,Teacher,12044.89,1055.740833
CUST11053,41,Engineer,16364.65,1634.720833
CUST11054,52,Musician,104088.51,8847.0425
CUST11055,43,Architect,37424.09,3182.674167
CUST11056,29,Lawyer,20737.17,1868.0975
CUST11057,32,Journalist,32967.94,2996.328333
CUST11058,22,Entrepreneur,16203.89,1440.324167
CUST11059,34,Engineer,49329.78,4210.815
CUST11060,25,Mechanic,58048.82,4780.401667
CUST11061,34,Teacher,161066.88,13394.24
CUST11063,52,Doctor,139294.4,11380.86667
CUST11064,42,Musician,30683.42,2397.951667
CUST11065,18,Developer,7782.32,775.5266667
CUST11066,23,Media_Manager,45253.14,3559.095
CUST11067,21,Doctor,41351.46,3543.955
CUST11068,40,Mechanic,8283.985,764.3320833
CUST11069,38,Lawyer,18040.67,1270.389167
CUST11070,51,Lawyer,30635.83,2714.985833
CUST11071,23,Accountant,8829.965,924.8304167
CUST11073,51,Scientist,173994.28,14596.52333
CUST11074,45,Entrepreneur,60035.34,5182.945
CUST11075,18,Accountant,160346.44,13611.20333
CUST11076,22,Manager,50155.56,3562.14239
CUST11077,32,Mechanic,9934.62,897.885
CUST11078,37,Engineer,17421.64,1645.803333
CUST11079,51,Scientist,37262.12,3355.176667
CUST11080,55,Lawyer,20817.395,1773.782917
CUST11081,44,Lawyer,24954.36,2173.53
CUST11082,51,Lawyer,85918.76,7210.896667
CUST11083,26,Architect,31113.52,2377.793333
CUST11084,27,Architect,129473.16,10959.43
CUST11085,44,Doctor,62538.3,5371.525
CUST11086,22,Media_Manager,102287.79,8526.9825
CUST11087,53,Writer,10311.095,963.2579167
CUST11088,49,Media_Manager,43138.55,3671.879167
CUST11089,18,Scientist,69907.3,5796.608333
CUST11090,42,Engineer,8898.785,973.5654167
CUST11091,40,Architect,17573.035,1545.419583
CUST11092,20,Architect,34977.92,2670.826667
CUST11093,41,Manager,8495.375,439.9479167
CUST11094,23,Teacher,19493.65,1809.470833
CUST11095,54,Musician,28741.71,2606.1425
CUST11096,28,Manager,32303.73,2927.9775
CUST11097,41,Entrepreneur,20415.41,1764.284167
CUST11098,33,Architect,16408.77,1644.3975
CUST11099,25,Teacher,14830.48,1414.873333
CUST11100,47,Architect,45013.44,3889.12
CUST11101,27,Media_Manager,15155.01,1473.9175
CUST11102,38,Manager,16533.7,1095.808333
CUST11103,42,Mechanic,132427.86,10877.655
CUST11104,33,Manager,35491.29,2883.6075
CUST11105,31,Lawyer,16905.13,1467.760833
CUST11106,34,Scientist,12249.125,870.7604167
CUST11107,43,Manager,20202.22,1480.518333
CUST11108,29,Engineer,17538.28,1307.523333
CUST11109,25,Teacher,59649.39,4982.7825
CUST11110,18,Accountant,13990.925,1309.910417
CUST11111,51,Doctor,55336.94,4453.411667
CUST11112,43,Lawyer,32340.83,2556.069167
CUST11113,27,Musician,112743.08,9463.256667
CUST11114,20,Musician,64536.99,5639.0825
CUST11115,29,Doctor,20048.23,1637.685833
CUST11116,40,Musician,14422.22,1013.851667
CUST11117,54,Lawyer,30637.13,2427.094167
CUST11118,45,Mechanic,122835.52,9974.293333
CUST11119,32,Entrepreneur,88574.43,7417.2025
CUST11120,24,Lawyer,71875.28,5758.606667
CUST11121,44,Writer,54904.1,4839.341667
CUST11122,34,Media_Manager,14956.12,1235.343333
CUST11123,32,Mechanic,36943.76,3081.883854
CUST11124,44,Entrepreneur,19344.27,1541.0225
CUST11125,53,Media_Manager,26420.21,2462.684167
CUST11126,18,Doctor,15383.17,1196.930833
CUST11127,19,Accountant,37972.16,2986.346667
CUST11128,49,Lawyer,20770.6,1784.883333
CUST11129,24,Doctor,107242.64,8979.886667
CUST11131,24,Writer,141873.52,11869.79333
CUST11132,28,Musician,10034.725,939.2270833
CUST11133,39,Mechanic,29269.81,2141.150833
CUST11134,50,Mechanic,40671.27,3476.2725
CUST11135,39,Accountant,37107.79,3114.315833
CUST11136,17,Writer,32144.54,2950.711667
CUST11137,51,Lawyer,35572.08,2683.34
CUST11138,23,Architect,15915.045,1256.25375
CUST11139,38,Writer,59227.68,4790.64
CUST11140,50,Doctor,23414.76,1961.23
CUST11141,25,Journalist,26175.31,2000.773528
CUST11142,40,Writer,16367.605,1221.967083
CUST11143,38,Journalist,26805.85,2342.820833
CUST11144,42,Teacher,31061.8,2534.483333
CUST11145,47,Architect,46449.98,4081.831667
CUST11146,37,Lawyer,140947.8,11496.65
CUST11147,29,Lawyer,40113.08,3086.756667
CUST11148,22,Engineer,43457.34,3666.445
CUST11149,46,Teacher,39379.07,3428.589167
CUST11150,24,Teacher,155700.32,12704.02667
CUST11151,41,Writer,69984.72,5570.06
CUST11152,18,Architect,77380.48,6618.373333
CUST11153,29,Writer,69362.92,5944.243333
CUST11154,34,Teacher,85742.82,7111.235
CUST11155,29,Journalist,55115.26,4302.938333
CUST11156,39,Accountant,34271.96,3058.996667
CUST11157,25,Entrepreneur,58089.39,4835.7825
CUST11160,19,Developer,31819.53,2414.6275
CUST11161,29,Architect,54284.94,4673.745
CUST11162,52,Accountant,45749.06,3600.421667
CUST11163,28,Musician,8826.66,508.555
CUST11164,32,Developer,144469.36,11835.11333
CUST11166,31,Doctor,101821.72,8601.143333
CUST11167,29,Scientist,18341.47,1323.455833
CUST11168,25,Developer,9115.47,647.6225
CUST11169,32,Writer,35908.74,3149.395
CUST11170,37,Accountant,40276.27,3381.355833
CUST11171,37,Developer,19998.6,1566.55
CUST11172,35,Scientist,10977.79,1110.815833
CUST11173,50,Scientist,42150.69,2927.278466
CUST11175,47,Teacher,32390.15,2580.179167
CUST11176,19,Manager,116897.68,9893.473333
CUST11177,43,Accountant,37443.13,3091.260833
CUST11178,26,Journalist,29434.08,2634.84
CUST11179,21,Entrepreneur,82410.12,6933.51
CUST11180,27,Writer,120696.88,10331.07333
CUST11181,30,Scientist,154493.88,13023.49
CUST11182,30,Doctor,39189.92,3049.826667
CUST11183,43,Media_Manager,44744.0,3457.666667
CUST11184,41,Musician,15497.02,1193.418333
CUST11185,39,Doctor,28144.3,2307.358333
CUST11186,21,Journalist,46246.9,3775.908333
CUST11188,27,Writer,30619.73,2750.644167
CUST11189,23,Developer,19017.29,1741.774167
CUST11190,38,Accountant,79621.26,6810.105
CUST11191,31,Teacher,20914.47,1799.8725
CUST11192,31,Musician,39916.18,3257.348333
CUST11193,31,Entrepreneur,15528.29,1340.024167
CUST11194,33,Media_Manager,19807.545,1942.62875
CUST11195,42,Mechanic,59426.92,4735.243333
CUST11196,33,Scientist,19223.95,1761.995833
CUST11197,36,Lawyer,36875.14,2845.928333
CUST11198,37,Engineer,10156.33,755.3608333
CUST11199,33,Scientist,20922.34,1926.528333
CUST11200,37,Teacher,113040.28,9174.023333
CUST11201,39,Media_Manager,74017.08,6375.09
CUST11202,32,Scientist,166621.84,13719.15333
CUST11203,43,Musician,105774.57,8540.5475
CUST11204,27,Scientist,19827.36,1469.28
CUST11205,30,Scientist,41442.4,3160.533333
CUST11206,46,Accountant,35751.93,3133.3275
CUST11208,37,Developer,39706.44,3387.87
CUST11209,36,Mechanic,86032.17,7189.3475
CUST11210,37,Developer,7467.86,661.3216667
CUST11211,19,Lawyer,31318.84,2334.903333
CUST11212,27,Writer,29394.88,2626.573333
CUST11213,21,Mechanic,35033.33,3205.444167
CUST11214,38,Entrepreneur,76519.3,6277.608333
CUST11215,34,Engineer,70590.98,5602.581667
CUST11216,19,Developer,83340.98,6978.081667
CUST11217,46,Writer,53052.2,4546.016667
CUST11219,55,Journalist,15874.01,1049.834167
CUST11220,25,Musician,38480.95,2912.745833
CUST11223,37,Writer,9830.785,977.2320833
CUST11224,41,Journalist,60764.4,5285.7
CUST11225,41,Musician,17481.785,1736.815417
CUST11226,34,Journalist,36048.08,2949.006667
CUST11227,22,Engineer,44320.68,3433.39
CUST11228,20,Musician,14243.975,1174.997917
CUST11229,36,Architect,43570.6,3853.883333
CUST11230,49,Accountant,30807.57,2796.2975
CUST11231,31,Writer,29265.3,2410.775
CUST11232,27,Scientist,74193.7,6275.808333
CUST11233,30,Musician,30693.42,2474.785
CUST11234,43,Musician,8555.805,528.98375
CUST11235,26,Scientist,53878.98,4328.915
CUST11236,40,Journalist,44801.72,3973.476667
CUST11237,30,Accountant,29465.73,2659.4775
CUST11238,45,Doctor,36122.51,3108.209167
CUST11239,39,Media_Manager,28649.99,2273.499167
CUST11240,17,Mechanic,78858.4,6765.533333
CUST11241,22,Developer,14128.68,884.39
CUST11242,21,Teacher,17570.26,1352.687492
CUST11243,25,Developer,11650.835,1125.902917
CUST11244,34,Lawyer,15663.65,1246.304167
CUST11245,23,Mechanic,38985.96,2980.83
CUST11246,33,Musician,139711.0,11526.58333
CUST11247,49,Architect,43508.74,3397.728333
CUST11248,26,Journalist,51796.84,4365.403333
CUST11249,38,Entrepreneur,63023.18,5028.931667
CUST11250,39,Musician,51034.12,4499.843333
CUST11251,52,Engineer,21270.79,1485.565833
CUST11252,29,Doctor,32300.64,2566.72
CUST11253,41,Teacher,15811.83,1527.6525
CUST11254,52,Musician,38104.04,3399.336667
CUST11255,38,Mechanic,7895.62,834.9683333
CUST11256,29,Writer,14433.725,1389.810417
CUST11257,20,Media_Manager,15508.05,1166.3375
CUST11259,34,Architect,15362.78,1441.231667
CUST11260,36,Engineer,37921.54,2942.128333
CUST11262,42,Teacher,46407.58,3832.298333
CUST11264,36,Teacher,87474.24,7325.52
CUST11265,38,Mechanic,20367.72,1526.31
CUST11266,51,Scientist,113368.23,9265.3525
CUST11267,33,Accountant,30548.74,2727.728333
CUST11268,26,Architect,118236.03,9882.0025
CUST11270,51,Manager,79298.96,6830.246667
CUST11271,22,Journalist,20622.28,1479.523333
CUST11272,36,Architect,109782.32,9439.526667
CUST11273,45,Accountant,88380.16,7471.013333
CUST11274,22,Mechanic,87692.85,7141.7375
CUST11275,35,Manager,11810.515,1012.209583
CUST11276,20,Doctor,78059.36,6277.946667
CUST11277,41,Musician,21671.53,1643.960833
CUST11278,38,Manager,65214.96,5403.58
CUST11279,53,Doctor,98495.8,8133.983333
CUST11280,43,Engineer,20313.63,1841.8025
CUST11281,20,Doctor,44454.07,3678.505833
CUST11282,24,Engineer,79439.56,6444.963333
CUST11283,34,Engineer,21017.01,1597.4175
CUST11284,43,Entrepreneur,87318.06,7237.505
CUST11285,23,Engineer,42936.48,3532.04
CUST11286,34,Entrepreneur,42915.24,3705.27
CUST11287,55,Teacher,10394.805,1038.23375
CUST11288,20,Lawyer,18983.07,1383.9225
CUST11289,17,Architect,78162.72,6619.56
CUST11290,36,Entrepreneur,81367.12,6943.593333
CUST11291,28,Journalist,57778.98,4766.915
CUST11292,35,Architect,15923.295,1621.94125
CUST11294,27,Journalist,18247.18,1396.598333
CUST11295,23,Entrepreneur,130523.64,10640.97
CUST11296,34,Accountant,106157.0,8836.416667
CUST11297,35,Lawyer,55299.72,4896.31
CUST11298,39,Media_Manager,20975.94,1481.995
CUST11299,45,Engineer,93666.33,7595.5275
CUST11300,29,Engineer,20965.34,1697.111667
CUST11301,46,Entrepreneur,25608.99,1944.0825
CUST11303,40,Entrepreneur,80756.36,6937.696667
CUST11304,34,Scientist,94120.35,8083.3625
CUST11305,32,Entrepreneur,27339.81,2518.3175
CUST11306,35,Writer,125062.92,10250.91
CUST11307,39,Scientist,89126.25,7675.1875
CUST11308,29,Mechanic,112302.04,9220.503333
CUST11309,25,Developer,89531.94,7227.995
CUST11310,26,Engineer,16128.395,1264.032917
CUST11311,19,Entrepreneur,169789.52,14355.12667
CUST11312,28,Entrepreneur,7252.065,530.33875
CUST11313,50,Writer,15603.415,1458.284583
CUST11314,34,Scientist,73961.12,5950.426667
CUST11315,40,Media_Manager,15137.3,1303.441667
CUST11316,35,Entrepreneur,17156.79,1216.7325
CUST11317,22,Media_Manager,73543.18,6038.598333
CUST11318,17,Engineer,20341.77,1604.1475
CUST11319,31,Teacher,17680.69,1449.390833
CUST11320,43,Entrepreneur,52487.14,4134.928333
CUST11321,28,Architect,66823.88,5499.656667
CUST11322,26,Scientist,19543.05,1640.5875
CUST11323,33,Manager,35611.71,3255.6425
CUST11324,19,Architect,54834.69,4508.5575
CUST11325,36,Manager,40027.94,3462.661667
CUST11326,43,Musician,14656.405,1024.367083
CUST11327,27,Scientist,32466.18,2769.515
CUST11328,51,Accountant,97787.46,8438.955
CUST11330,18,Accountant,7845.795,618.81625
CUST11331,23,Writer,7377.215,424.7679167
CUST11332,33,Journalist,77885.6,6525.466667
CUST11335,47,Writer,11713.625,833.1354167
CUST11336,28,Journalist,27706.71,2416.8925
CUST11337,38,Engineer,63824.07,5383.6725
CUST11338,19,Architect,34361.32,2721.443333
CUST11339,44,Accountant,10690.96,973.9133333
CUST11340,43,Teacher,19656.51,1672.0425
CUST11341,19,Manager,35650.02,2696.835
CUST11342,42,Entrepreneur,70137.0,5830.75
CUST11343,34,Developer,36539.18,3261.931667
CUST11344,27,Doctor,79649.31,6358.4425
CUST11345,27,Writer,35413.43,2860.119167
CUST11346,22,Accountant,32507.76,2918.98
CUST11347,39,Teacher,60682.11,5179.8425
CUST11348,42,Lawyer,35469.72,2833.81
CUST11349,24,Engineer,33475.63,3033.635833
CUST11350,48,Mechanic,125788.8,10621.4
CUST11351,42,Accountant,52395.84,4278.32
CUST11352,44,Scientist,62877.92,5071.826667
CUST11353,22,Teacher,114826.56,9280.88
CUST11354,23,Journalist,32486.64,2497.22
CUST11355,34,Writer,23336.97,1744.7475
CUST11357,29,Architect,20278.79,1898.899167
CUST11358,40,Mechanic,116014.8,9907.9
CUST11359,33,Media_Manager,113637.69,9620.8075
CUST11360,39,Writer,132895.5,11181.625
CUST11361,26,Mechanic,7744.305,670.35875
CUST11362,35,Musician,9106.91,892.9091667
CUST11363,41,Entrepreneur,56213.84,4955.486667
CUST11364,32,Musician,35843.92,3005.993333
CUST11365,51,Media_Manager,9743.51,829.9591667
CUST11366,40,Developer,20934.49,1619.540833
CUST11367,23,Lawyer,36446.72,3193.226667
CUST11368,45,Developer,44611.39,3823.615833
CUST11369,29,Engineer,15060.02,1283.001667
CUST11370,43,Lawyer,17276.8,1584.733333
CUST11371,36,Developer,11911.715,917.6429167
CUST11372,23,Musician,37999.06,2933.588333
CUST11373,45,Journalist,7200.86,373.0716667
CUST11374,37,Musician,17818.53,1430.8775
CUST11375,32,Media_Manager,84845.48,7187.456667
CUST11376,28,Lawyer,73995.12,6043.26
CUST11377,24,Teacher,84120.45,7031.0375
CUST11378,38,Accountant,58510.3,4967.858333
CUST11379,24,Lawyer,129903.0,10705.25
CUST11380,22,Mechanic,16579.55,1485.629167
CUST11381,21,Accountant,88275.18,7607.265
CUST11382,45,Entrepreneur,31104.32,2871.026667
CUST11383,22,Journalist,14027.195,1210.932917
CUST11384,54,Media_Manager,31866.94,2900.578333
CUST11385,22,Media_Manager,19071.34,1869.278333
CUST11386,28,Writer,22713.82,1619.818333
CUST11387,22,Entrepreneur,93293.13,7807.4275
CUST11388,31,Teacher,75816.52,6291.043333
CUST11389,28,Teacher,131091.6,10947.3
CUST11390,37,Media_Manager,130220.08,11141.67333
CUST11391,38,Entrepreneur,169339.88,13931.65667
CUST11392,27,Entrepreneur,16674.01,1342.500833
CUST11394,23,Engineer,15710.265,1152.18875
CUST11395,41,Accountant,64692.9,5643.075
CUST11397,32,Lawyer,16740.095,1293.007917
CUST11399,27,Musician,44608.21,3574.350833
CUST11400,20,Mechanic,35093.6,2969.466667
CUST11401,23,Lawyer,62424.12,5010.01
CUST11402,43,Musician,17060.705,1685.725417
CUST11403,46,Journalist,39459.88,3530.323333
CUST11404,18,Mechanic,169481.08,14408.42333
CUST11405,19,Journalist,100809.78,8439.815
CUST11408,50,Media_Manager,60663.0,4811.25
CUST11410,32,Media_Manager,26520.9,2202.075
CUST11411,27,Scientist,157156.8,13050.4
CUST11412,31,Manager,7555.45,769.6208333
CUST11413,47,Accountant,91946.91,7553.2425
CUST11414,44,Mechanic,61970.82,4901.235
CUST11415,41,Journalist,26775.49,2408.290833
CUST11416,19,Media_Manager,29741.12,2308.426667
CUST11417,24,Mechanic,39431.65,3447.970833
CUST11418,50,Teacher,34366.0,2831.833333
CUST11419,42,Media_Manager,20851.59,1701.6325
CUST11420,30,Lawyer,85553.97,7223.4975
CUST11421,19,Entrepreneur,9163.96,806.6633333
CUST11422,21,Journalist,61444.92,5144.41
CUST11423,22,Journalist,14070.22,1148.518333
CUST11424,48,Manager,36990.53,2836.544167
CUST11425,38,Architect,52499.16,4244.93
CUST11426,25,Musician,7168.48,556.3733333
CUST11427,28,Engineer,14219.345,1418.945417
CUST11428,45,Engineer,131760.3,11139.025
CUST11429,54,Journalist,59343.12,4919.26
CUST11430,49,Musician,11527.375,733.6145833
CUST11431,38,Writer,46477.56,4059.13
CUST11432,37,Engineer,32387.94,2819.995
CUST11433,45,Journalist,27226.38,2332.865
CUST11434,41,Engineer,86097.54,7202.795
CUST11435,36,Developer,29423.32,2401.943333
CUST11436,32,Mechanic,16799.32,1216.943333
CUST11437,26,Media_Manager,81430.32,6652.86
CUST11438,23,Writer,8794.49,787.8741667
CUST11440,35,Media_Manager,93373.68,7879.14
CUST11441,21,Engineer,166658.68,14058.22333
CUST11442,55,Lawyer,17168.925,1438.74375
CUST11444,21,Scientist,108073.68,8738.14
CUST11445,42,Accountant,13056.35,1177.029167
CUST11447,19,Writer,41995.64,3416.636667
CUST11448,24,Entrepreneur,20287.13,1626.594167
CUST11449,37,Journalist,76879.4,6214.616667
CUST11451,39,Musician,16776.02,1622.001667
CUST11452,44,Musician,27881.32,2077.443333
CUST11453,44,Writer,62509.84,5159.153333
CUST11454,35,Scientist,9106.335,555.86125
CUST11455,28,Musician,59412.6,4708.05
CUST11456,42,Engineer,43623.84,3592.32
CUST11457,41,Entrepreneur,15258.95,1508.579167
CUST11458,39,Journalist,9598.38,515.865
CUST11459,24,Teacher,21206.48,1631.206667
CUST11460,17,Engineer,13347.835,1064.319583
CUST11461,34,Writer,31902.65,2690.554167
CUST11462,46,Mechanic,15341.895,1035.49125
CUST11463,48,Accountant,21834.84,1770.57
CUST11464,26,Scientist,72050.92,6173.243333
CUST11465,36,Entrepreneur,107118.96,9104.58
CUST11466,50,Journalist,113630.4,9719.2
CUST11467,45,Doctor,18524.985,1831.74875
CUST11468,19,Scientist,23107.74,1983.645
CUST11469,30,Accountant,121151.4,10239.95
CUST11470,33,Writer,33768.35,3065.029167
CUST11471,28,Scientist,61989.72,5191.81
CUST11472,27,Architect,123181.16,10391.09667
CUST11473,52,Manager,65312.73,5255.7275
CUST11474,38,Engineer,33683.95,3076.995833
CUST11475,28,Mechanic,32019.26,2610.271667
CUST11476,45,Teacher,22308.01,1593.000833
CUST11477,18,Developer,52210.26,4465.855
CUST11478,48,Writer,32228.67,2819.603375
CUST11479,43,Musician,108312.64,9060.053333
CUST11480,21,Scientist,77703.16,6702.263333
CUST11481,24,Musician,9676.155,900.34625
CUST11482,35,Lawyer,64964.1,5199.675
CUST11484,29,Lawyer,15706.805,1192.900417
CUST11485,43,Mechanic,60036.75,5279.0625
CUST11486,54,Engineer,43983.52,3722.293333
CUST11487,32,Scientist,57309.78,4623.815
CUST11488,35,Architect,33917.38,2638.448333
CUST11489,31,Developer,121179.4,10202.28333
CUST11490,40,Media_Manager,34676.0,3160.666667
CUST11491,39,Lawyer,8578.89,465.9075
CUST11492,22,Scientist,20434.15,1694.845833
CUST11493,38,Architect,56400.18,4991.015
CUST11494,49,Media_Manager,22354.3,1740.858333
CUST11495,33,Manager,35497.94,3063.161667
CUST11496,46,Journalist,19277.13,1891.4275
CUST11497,21,Media_Manager,19796.08,1357.673333
CUST11498,31,Manager,108134.07,8779.1725
CUST11499,20,Writer,103228.74,8729.395
CUST11500,33,Musician,144968.36,12066.69667
CUST11501,50,Manager,43691.64,3747.97
CUST11502,20,Mechanic,28102.36,2209.863333
CUST11504,49,Engineer,143665.12,12168.09333
CUST11505,47,Journalist,34336.3,2998.358333
CUST11506,55,Manager,65586.32,5202.526667
CUST11507,26,Entrepreneur,61922.67,4846.148892
CUST11508,40,Teacher,14468.225,1342.685417
CUST11509,31,Scientist,41640.54,3466.045
CUST11510,26,Engineer,73106.92,6309.243333
CUST11511,50,Lawyer,13395.25,1191.270833
CUST11512,26,Scientist,44272.0,3798.333333
CUST11513,23,Media_Manager,58558.3,5098.858333
CUST11514,54,Lawyer,119014.2,10116.85
CUST11515,18,Entrepreneur,15993.33,1544.7775
CUST11516,24,Accountant,43615.2,3420.6
CUST11517,26,Media_Manager,76330.68,6495.89
CUST11518,18,Journalist,34848.04,2724.003333
CUST11519,38,Mechanic,15724.73,1194.394167
CUST11520,20,Mechanic,128427.2,10621.26667
CUST11521,41,Architect,42755.64,3471.97
CUST11522,36,Entrepreneur,16685.02,1536.418333
CUST11523,22,Mechanic,22157.27,1834.439167
CUST11524,34,Journalist,31155.48,2527.29
CUST11525,51,Musician,66816.26,5630.021667
CUST11526,20,Teacher,109364.08,9409.673333
CUST11527,36,Doctor,58963.04,5058.586667
CUST11528,33,Accountant,55448.74,4735.728333
CUST11529,42,Doctor,135851.24,11418.93667
CUST11530,43,Mechanic,37655.98,3365.998333
CUST11531,35,Developer,11911.285,1113.607083
CUST11532,29,Doctor,59850.24,5156.52
CUST11533,42,Teacher,12948.695,1297.057917
CUST11534,23,Scientist,15160.61,1335.384167
CUST11535,27,Developer,83800.56,7269.38
CUST11537,42,Journalist,119643.12,10127.26
CUST11538,36,Media_Manager,36722.53,2933.210833
CUST11539,30,Lawyer,62231.34,5006.945
CUST11540,34,Mechanic,116611.8,9836.65
CUST11541,21,Doctor,14363.25,1092.9375
CUST11542,19,Entrepreneur,108504.92,9075.076667
CUST11544,18,Journalist,10203.99,1119.3325
CUST11545,21,Doctor,36787.58,3362.631667
CUST11546,41,Manager,20320.175,1664.347917
CUST11547,26,Engineer,122543.56,10343.96333
CUST11548,55,Manager,31641.93,2610.8275
CUST11550,54,Writer,132848.88,10920.74
CUST11551,42,Writer,45706.47,3640.8725
CUST11552,25,Scientist,10882.8,646.9
CUST11553,52,Lawyer,43354.77,3491.8975
CUST11554,32,Entrepreneur,34709.28,2997.44
CUST11555,46,Journalist,30424.17,2835.3475
CUST11556,32,Teacher,16590.27,1204.5225
CUST11557,28,Mechanic,35176.5,2815.375
CUST11558,30,Scientist,20091.86,1817.321667
CUST11559,22,Scientist,89870.98,7346.248333
CUST11560,50,Architect,64969.05,5154.0875
CUST11562,22,Engineer,45947.1,3843.925
CUST11563,44,Musician,15350.03,998.1691667
CUST11564,35,Lawyer,54525.94,4655.828333
CUST11565,52,Doctor,66190.34,5478.861667
CUST11566,19,Musician,19826.67,1805.2225
CUST11567,55,Engineer,11249.15,984.4291667
CUST11568,20,Accountant,45285.96,4022.83
CUST11570,27,Mechanic,96780.03,8267.0025
CUST11571,41,Writer,17408.23,1397.685833
CUST11572,23,Engineer,7160.835,431.73625
CUST11573,29,Engineer,75654.81,6113.5675
CUST11574,32,Engineer,58739.82,4961.985
CUST11575,18,Accountant,20804.77,1436.730833
CUST11576,41,Scientist,52847.32,4607.943333
CUST11577,29,Accountant,49354.08,3924.84
CUST11578,27,Journalist,30884.06,2301.671667
CUST11579,36,Architect,20057.71,1497.475833
CUST11580,31,Writer,30662.18,2661.181667
CUST11581,31,Architect,13566.77,1130.564167
CUST11582,37,Media_Manager,14860.185,1320.34875
CUST11583,23,Journalist,121029.6,9878.8
CUST11584,41,Musician,39649.74,3078.145
CUST11585,19,Developer,126744.39,10545.0325
CUST11586,35,Lawyer,22744.15,1910.345833
CUST11587,28,Teacher,43832.92,3360.743333
CUST11588,28,Musician,28754.13,2479.1775
CUST11589,32,Accountant,122503.12,9982.593333
CUST11591,27,Media_Manager,20975.4,1943.95
CUST11592,19,Engineer,64933.76,5368.146667
CUST11593,49,Journalist,114452.12,9721.676667
CUST11594,31,Manager,40214.54,3470.211667
CUST11595,31,Writer,171781.8,14185.15
CUST11596,33,Accountant,46817.5,4142.458333
CUST11597,23,Doctor,127284.18,10389.015
CUST11598,43,Engineer,106141.53,8883.1275
CUST11599,53,Entrepreneur,14475.14,1092.261667
CUST11600,34,Lawyer,14802.98,1065.581667
CUST11601,22,Architect,167067.08,13909.25667
CUST11602,41,Scientist,81887.8,7079.983333
CUST11603,41,Accountant,10412.225,761.6854167
CUST11604,35,Teacher,9134.415,1051.20125
CUST11605,23,Media_Manager,128916.04,10898.00333
CUST11606,32,Mechanic,32382.97,2897.580833
CUST11607,25,Doctor,58754.97,5189.2475
CUST11608,34,Teacher,16444.42,1411.368333
CUST11610,38,Entrepreneur,68299.4,5401.616667
CUST11611,33,Musician,65024.22,5532.685
CUST11612,39,Musician,57878.7,5109.225
CUST11613,42,Media_Manager,56180.84,4540.736667
CUST11615,52,Developer,31460.89,2480.740833
CUST11616,19,Developer,41654.62,3512.218333
CUST11617,45,Developer,85421.19,7079.4325
CUST11618,34,Media_Manager,11280.545,1068.045417
CUST11619,40,Media_Manager,51508.62,4259.385
CUST11620,26,Mechanic,22609.45,2102.120833
CUST11621,28,Media_Manager,21713.61,2076.4675
CUST11622,53,Architect,112853.22,9552.435
CUST11624,26,Doctor,92186.19,7487.1825
CUST11625,39,Scientist,20618.37,1425.1975
CUST11626,54,Developer,107313.84,9242.82
CUST11627,22,Musician,81658.48,7016.873333
CUST11628,30,Entrepreneur,27697.18,2283.098333
CUST11629,41,Musician,56544.0,4524.0
CUST11630,23,Entrepreneur,33065.8,2690.483333
CUST11631,21,Accountant,49136.88,4082.74
CUST11632,46,Media_Manager,20229.03,1966.7525
CUST11633,24,Mechanic,18065.0,1614.416667
CUST11634,51,Journalist,41942.1,3355.175
CUST11635,40,Scientist,115494.2,9465.516667
CUST11636,37,Writer,44768.76,4021.73
CUST11637,48,Developer,64696.24,5319.353333
CUST11638,36,Journalist,9853.855,720.1545833
CUST11639,24,Architect,58511.78,5016.981667
CUST11640,21,Media_Manager,10486.2,592.85
CUST11641,27,Architect,41597.89,3691.490833
CUST11642,20,Media_Manager,36029.3,3057.441667
CUST11643,27,Lawyer,78035.96,6211.996667
CUST11644,37,Developer,130174.44,10993.87
CUST11645,27,Developer,63648.12,5357.01
CUST11646,48,Musician,67481.24,5446.436667
CUST11647,36,Media_Manager,20802.77,1487.564167
CUST11648,31,Musician,38574.32,2959.526667
CUST11649,26,Entrepreneur,60176.61,4989.7175
CUST11650,41,Engineer,53354.85,4633.2375
CUST11651,35,Manager,14252.75,1434.729167
CUST11652,20,Entrepreneur,19287.935,1399.327917
CUST11653,53,Manager,15480.03,1228.0025
CUST11654,21,Architect,19436.305,1849.692083
CUST11655,53,Architect,165671.16,13814.93
CUST11656,20,Media_Manager,19889.44,1756.453333
CUST11657,38,Architect,30447.38,2649.281667
CUST11658,37,Accountant,119443.29,10071.6075
CUST11659,22,Entrepreneur,19190.67,1775.2225
CUST11660,54,Teacher,29485.44,2644.12
CUST11661,24,Media_Manager,44393.86,3504.488333
CUST11662,20,Teacher,8057.715,925.47625
CUST11663,48,Entrepreneur,30678.97,2444.580833
CUST11664,18,Engineer,13190.345,1131.195417
CUST11665,40,Journalist,17692.27,1335.355833
CUST11666,43,Accountant,59907.78,4851.315
CUST11667,34,Mechanic,91404.54,7912.045
CUST11668,50,Teacher,28497.51,2542.7925
CUST11669,24,Writer,57327.3,4605.275
CUST11670,31,Manager,70543.77,5986.6475
CUST11671,21,Lawyer,53808.81,4490.0675
CUST11672,24,Scientist,89367.27,7276.2725
CUST11673,48,Engineer,116224.68,9873.39
CUST11674,30,Lawyer,81463.6,6796.633333
CUST11676,48,Writer,70481.19,5584.4325
CUST11677,19,Mechanic,15867.45,1468.2875
CUST11678,37,Journalist,25173.5,2219.791667
CUST11679,42,Mechanic,68144.8,5738.733333
CUST11680,39,Accountant,7762.595,712.8829167
CUST11681,40,Musician,35644.72,2987.393333
CUST11682,29,Manager,20455.05,1959.5875
CUST11683,21,Scientist,26135.86,2009.988333
CUST11684,40,Teacher,44740.76,4009.396667
CUST11685,38,Writer,57264.0,4933.0
CUST11687,43,Manager,105345.4,8505.783333
CUST11688,32,Manager,20223.0,1614.25
CUST11689,42,Writer,52384.83,4238.4025
CUST11690,48,Developer,65945.7,5486.475
CUST11691,36,Entrepreneur,81168.84,6950.07
CUST11692,18,Scientist,9536.42,769.7016667
CUST11693,51,Media_Manager,174921.92,14707.82667
CUST11695,29,Media_Manager,19605.79,1839.815833
CUST11696,27,Developer,14161.12,1284.093333
CUST11697,50,Teacher,14632.3,996.3583333
CUST11698,54,Writer,102927.08,8130.152481
CUST11699,21,Architect,14367.78,1015.315
CUST11700,27,Lawyer,37070.0,2939.166667
CUST11701,19,Manager,36398.14,2954.178333
CUST11702,48,Musician,62953.62,5083.135
CUST11704,55,Entrepreneur,35681.42,2918.451667
CUST11705,45,Entrepreneur,62630.6,5286.216667
CUST11706,27,Accountant,24418.33,2304.860833
CUST11707,39,Entrepreneur,76428.0,6532.0
CUST11708,43,Architect,57602.6,4721.216667
CUST11709,28,Writer,62253.54,5223.795
CUST11710,39,Architect,11919.42,1088.285
CUST11711,38,Teacher,20528.59,1900.715833
CUST11712,36,Developer,108734.13,8836.1775
CUST11713,19,Accountant,20436.315,1785.02625
CUST11714,44,Journalist,114897.2,9333.766667
CUST11715,21,Mechanic,69851.4,5581.95
CUST11716,28,Lawyer,60061.64,4719.136667
CUST11718,25,Accountant,8137.625,680.1354167
CUST11719,41,Mechanic,43581.71,3679.809167
CUST11720,21,Media_Manager,34628.06,3041.671667
CUST11721,46,Entrepreneur,61358.66,4859.221667
CUST11722,45,Architect,34980.21,2616.0175
CUST11723,20,Developer,130682.94,10605.245
CUST11724,37,Musician,48996.08,3799.006667
CUST11725,25,Architect,44784.78,3783.065
CUST11726,37,Writer,39066.64,3213.553333
CUST11727,42,Architect,73683.69,5952.3075
CUST11728,36,Scientist,57792.3,4665.025
CUST11729,49,Lawyer,85480.41,7093.3675
CUST11730,45,Entrepreneur,152252.24,12702.68667
CUST11731,36,Lawyer,34500.94,2644.078333
CUST11732,27,Doctor,16183.75,1393.645833
CUST11733,25,Engineer,17682.71,1599.559167
CUST11734,26,Entrepreneur,69363.87,6028.3225
CUST11735,27,Writer,17790.36,1281.53
CUST11736,33,Scientist,35286.5,2929.541667
CUST11737,18,Musician,18784.375,1574.364583
CUST11738,40,Media_Manager,29968.56,2698.38
CUST11739,32,Teacher,14235.88,1012.323333
CUST11740,22,Accountant,35108.51,2850.709167
CUST11741,45,Journalist,59692.58,4733.381667
CUST11742,41,Writer,94969.56,7959.13
CUST11744,32,Engineer,33652.17,2602.3475
CUST11745,39,Developer,60799.53,4989.6275
CUST11746,20,Mechanic,59579.37,4555.058787
CUST11747,22,Manager,29437.24,2645.103333
CUST11748,38,Journalist,15319.52,1514.626667
CUST11749,38,Engineer,16604.27,1162.689167
CUST11750,55,Architect,107836.32,9251.36
CUST11751,23,Musician,102594.9,8391.575
CUST11752,19,Accountant,131557.44,11144.12
CUST11753,26,Developer,74319.32,6260.276667
CUST11754,43,Entrepreneur,93139.65,7936.6375
CUST11755,21,Entrepreneur,35733.46,3145.788333
CUST11756,51,Doctor,33346.34,2703.861667
CUST11757,25,Teacher,116034.93,9446.5775
CUST11758,36,Media_Manager,87199.02,7509.585
CUST11759,30,Manager,128585.52,10674.46
CUST11760,34,Developer,63617.92,5231.493333
CUST11761,48,Media_Manager,100971.6,8286.3
CUST11762,20,Journalist,15881.55,1361.4625
CUST11763,19,Architect,60423.57,5269.2975
CUST11764,36,Lawyer,98087.76,7890.98
CUST11766,30,Teacher,101748.16,8382.013333
CUST11767,44,Mechanic,19927.48,1655.623333
CUST11769,41,Engineer,17420.33,1698.694167
CUST11771,52,Teacher,43802.27,3394.189167
CUST11772,32,Engineer,72699.66,6210.305
CUST11773,36,Manager,116574.04,9885.503333
CUST11774,44,Architect,70447.26,5843.605
CUST11776,41,Writer,76440.52,6647.043333
CUST11778,27,Engineer,17169.465,1176.78875
CUST11779,42,Developer,145800.84,12449.07
CUST11780,37,Musician,68140.2,5891.35
CUST11781,35,Media_Manager,20487.905,1674.325417
CUST11783,22,Musician,29074.2,2595.85
CUST11784,31,Journalist,44729.8,3728.483333
CUST11785,36,Engineer,82240.98,6987.415
CUST11786,45,Architect,176020.16,14460.34667
CUST11787,46,Architect,178814.16,15167.18
CUST11788,55,Mechanic,57079.5,4669.625
CUST11790,24,Manager,88346.48,7289.206667
CUST11791,18,Architect,14060.34,1363.695
CUST11792,34,Doctor,114684.32,9777.026667
CUST11793,21,Lawyer,68751.75,5468.3125
CUST11794,23,Entrepreneur,177089.8,14856.48333
CUST11795,41,Entrepreneur,9022.16,1045.846667
CUST11796,55,Mechanic,40453.85,3096.154167
CUST11797,35,Accountant,11958.695,903.5579167
CUST11798,44,Architect,61435.6,5333.633333
CUST11799,36,Writer,36820.36,3300.363333
CUST11800,23,Scientist,14125.67,1173.139167
CUST11801,29,Mechanic,113048.46,9612.705
CUST11802,22,Writer,8627.12,473.9266667
CUST11803,23,Musician,119680.56,9906.38
CUST11804,18,Accountant,67287.0,5339.25
CUST11805,52,Entrepreneur,57856.2,4605.35
CUST11806,24,Engineer,18854.6,1627.216667
CUST11807,27,Mechanic,34428.72,2923.06
CUST11808,43,Media_Manager,74538.87,6280.5725
CUST11809,52,Manager,108258.27,9260.5225
CUST11810,40,Musician,38138.12,3409.176667
CUST11811,23,Media_Manager,89269.8,7494.15
CUST11812,41,Accountant,58644.12,5014.01
CUST11813,35,Mechanic,165396.2,13575.01667
CUST11815,34,Journalist,76850.25,6174.1875
CUST11816,33,Media_Manager,83034.44,7150.536667
CUST11817,31,Media_Manager,8393.545,516.4620833
CUST11818,40,Developer,35195.97,2937.9975
CUST11819,30,Writer,16381.95,1082.1625
CUST11820,17,Scientist,62476.05,5096.3375
CUST11821,36,Media_Manager,45595.08,3543.59
CUST11822,19,Media_Manager,86911.16,7303.596667
CUST11823,33,Media_Manager,98175.72,7729.695181
CUST11824,47,Developer,9824.31,707.6925
CUST11825,40,Media_Manager,20663.81,1508.984167
CUST11826,31,Entrepreneur,36165.18,2918.765
CUST11827,22,Accountant,69304.04,5695.336667
CUST11828,36,Accountant,15291.67,1109.305833
CUST11831,17,Writer,35806.51,3079.875833
CUST11832,42,Accountant,130079.79,11091.9825
CUST11833,27,Mechanic,41364.36,3662.03
CUST11834,19,Teacher,59885.28,5057.44
CUST11835,55,Media_Manager,13251.255,1318.27125
CUST11836,37,Architect,99925.17,8263.0975
CUST11837,17,Entrepreneur,28102.06,2115.838333
CUST11838,24,Developer,82616.56,7053.713333
CUST11839,26,Lawyer,9045.485,670.7904167
CUST11840,31,Architect,8845.965,846.16375
CUST11841,31,Accountant,78637.18,6435.098333
CUST11842,50,Doctor,97050.75,7950.5625
CUST11843,51,Writer,68629.6,5540.133333
CUST11844,55,Manager,14675.03,963.9191667
CUST11845,36,Manager,26309.54,2247.461667
CUST11846,45,Musician,42411.79,3446.315833
CUST11847,42,Entrepreneur,85688.49,7208.7075
CUST11848,19,Mechanic,20858.03,1528.169167
CUST11849,25,Accountant,99980.36,8032.696667
CUST11850,51,Scientist,49715.1,4084.925
CUST11851,25,Scientist,15279.715,879.6736053
CUST11852,19,Manager,92942.4,7474.2
CUST11853,55,Doctor,24466.5,2325.875
CUST11854,53,Media_Manager,33991.62,2973.635
CUST11855,54,Scientist,68845.36,5478.113333
CUST11856,23,Media_Manager,17030.26,1625.188333
CUST11858,49,Entrepreneur,177723.8,15038.31667
CUST11859,32,Mechanic,10424.525,667.7104167
CUST11860,25,Entrepreneur,81435.0,6667.25
CUST11861,25,Teacher,17628.0,1625.0
CUST11862,21,Lawyer,15333.36,999.78
CUST11863,43,Scientist,130433.68,10597.47333
CUST11864,28,Media_Manager,20340.29,1771.024167
CUST11865,27,Mechanic,20987.56,1766.963333
CUST11866,41,Engineer,35022.22,2859.518333
CUST11867,49,Musician,17393.305,1158.442083
CUST11868,21,Architect,31272.27,2346.0225
CUST11869,23,Manager,22428.96,2065.08
CUST11870,36,Developer,70144.54,5665.378333
CUST11871,21,Entrepreneur,175127.04,14635.92
CUST11872,41,Doctor,19627.14,1871.595
CUST11873,30,Developer,41319.07,3487.255833
CUST11874,45,Architect,106614.18,9150.515
CUST11875,34,Media_Manager,19593.13,1701.760833
CUST11876,50,Accountant,28947.84,2337.32
CUST11877,26,Architect,39292.44,3340.37
CUST11878,19,Entrepreneur,16156.815,1199.40125
CUST11880,24,Manager,157794.6,13225.55
CUST11881,34,Media_Manager,108115.05,9022.5875
CUST11883,41,Lawyer,16837.43,1682.119167
CUST11884,51,Journalist,23412.9,1981.075
CUST11885,33,Lawyer,17039.16,1196.93
CUST11886,37,Manager,62629.98,5028.165
CUST11887,28,Developer,25780.78,2188.398333
CUST11888,19,Lawyer,59908.77,5251.3975
CUST11889,17,Journalist,20357.69,1801.474167
CUST11890,18,Mechanic,124692.08,10650.00667
CUST11891,30,Musician,38323.07,3342.589167
CUST11892,37,Media_Manager,26450.59,2079.215833
CUST11893,36,Writer,57913.84,5014.153333
CUST11894,39,Musician,17309.885,1616.490417
CUST11895,50,Developer,114148.24,9579.353333
CUST11896,48,Entrepreneur,42989.27,3730.439167
CUST11897,20,Developer,78038.8,6522.233333
CUST11898,20,Entrepreneur,17009.84,1469.486667
CUST11899,25,Accountant,36722.38,2905.198333
CUST11900,20,Teacher,73716.2,6214.016667
CUST11901,45,Doctor,67321.16,5697.096667
CUST11902,31,Journalist,10454.79,612.2325
CUST11903,43,Mechanic,98620.98,7962.415
CUST11904,24,Lawyer,15335.77,1419.980833
CUST11905,26,Scientist,48725.58,3845.465
CUST11906,25,Accountant,77233.44,6528.12
CUST11907,33,Manager,17243.24,1619.936667
CUST11908,26,Writer,142025.56,12010.46333
CUST11909,19,Engineer,18967.13,1729.594167
CUST11910,49,Scientist,34974.41,2998.534167
CUST11911,31,Media_Manager,14656.14,992.345
CUST11912,42,Manager,31239.32,2513.276667
CUST11913,55,Mechanic,70737.78,6040.815
CUST11914,29,Musician,18771.34,1373.278333
CUST11915,30,Media_Manager,49854.92,4216.576667
CUST11916,48,Architect,109322.7,9248.225
CUST11917,35,Journalist,43849.26,3757.105
CUST11918,36,Teacher,29969.66,2418.471667
CUST11919,28,Musician,23550.47,1922.539167
CUST11920,35,Scientist,14231.96,1314.996667
CUST11921,24,Developer,33718.73,2955.894167
CUST11922,51,Doctor,24251.49,1991.9575
CUST11923,21,Engineer,70160.18,6100.681667
CUST11924,19,Manager,16105.7,1217.141667
CUST11925,24,Scientist,68267.04,5768.92
CUST11926,27,Entrepreneur,33604.58,2987.381667
CUST11927,20,Doctor,32971.85,3011.654167
CUST11928,28,Manager,44890.9,3715.908333
CUST11929,38,Musician,58137.44,4578.786667
CUST11930,42,Lawyer,15819.12,1393.26
CUST11931,31,Accountant,35739.7,2810.308333
CUST11932,41,Developer,82154.92,6753.243333
CUST11933,45,Architect,35348.12,2890.676667
CUST11934,38,Journalist,143355.8,12139.31667
CUST11935,28,Manager,110692.47,9428.3725
CUST11936,44,Mechanic,46010.4,3815.2
CUST11937,20,Journalist,84389.44,7097.453333
CUST11939,23,Mechanic,8572.585,454.3820833
CUST11940,17,Manager,68489.16,5840.43
CUST11941,32,Teacher,21205.72,1556.143333
CUST11942,54,Doctor,10233.555,1046.79625
CUST11943,28,Doctor,15906.4,1350.533333
CUST11945,26,Doctor,17592.34,1461.028333
CUST11946,52,Musician,119514.03,10031.5025
CUST11947,27,Engineer,9360.515,531.0429167
CUST11948,29,Manager,18028.98,1369.415
CUST11950,40,Mechanic,113652.12,9388.01
CUST11951,31,Manager,30559.3,2567.608333
CUST11952,26,Entrepreneur,17244.23,1343.019167
CUST11953,34,Journalist,14867.69,1005.974167
CUST11954,20,Writer,16994.67,1618.2225
CUST11955,35,Developer,33841.55,2741.129167
CUST11956,25,Architect,32090.48,2712.206667
CUST11957,21,Entrepreneur,14665.31,1230.109167
CUST11958,29,Journalist,8664.405,872.03375
CUST11959,30,Scientist,64980.72,5473.06
CUST11960,40,Scientist,90662.43,7701.2025
CUST11961,18,Writer,12941.135,1201.427917
CUST11962,44,Engineer,14283.665,944.3054167
CUST11963,25,Engineer,57442.5,4934.875
CUST11964,28,Engineer,14697.78,1369.815
CUST11965,18,Engineer,139118.04,11457.17
CUST11966,49,Doctor,34239.07,2916.255833
CUST11967,40,Accountant,119612.28,9999.69
CUST11968,39,Manager,17602.095,1456.84125
CUST11969,44,Doctor,95569.2,8025.1
CUST11971,41,Writer,94663.59,8064.6325
CUST11972,37,Engineer,73610.5,6136.208333
CUST11973,23,Mechanic,42527.04,3374.92
CUST11974,36,Teacher,74036.96,6384.746667
CUST11975,37,Mechanic,8944.07,781.3391667
CUST11976,31,Engineer,42578.46,3811.205
CUST11977,46,Teacher,40019.72,3565.976667
CUST11978,26,Manager,16750.04,1435.836667
CUST11979,46,Scientist,108255.72,9042.31
CUST11980,24,Scientist,17235.88,1450.323333
CUST11981,22,Musician,25656.05,2407.004167
CUST11982,21,Lawyer,31763.36,2867.946667
CUST11983,55,Developer,88073.68,7236.473333
CUST11984,48,Lawyer,37691.17,3321.930833
CUST11985,23,Journalist,76230.76,6159.563333
CUST11986,28,Media_Manager,10620.46,802.0383333
CUST11987,36,Manager,72841.32,5827.11
CUST11988,42,Engineer,19797.22,1928.768333
CUST11989,41,Mechanic,54219.54,4251.295
CUST11990,24,Engineer,26463.44,2341.286667
CUST11991,44,Developer,20647.0,1714.583333
CUST11992,41,Musician,133581.15,11103.7625
CUST11993,18,Entrepreneur,132753.52,10853.79333
CUST11994,38,Journalist,9194.97,704.2475
CUST11995,19,Entrepreneur,13251.57,1220.2975
CUST11997,26,Teacher,142319.72,12036.97667
CUST11998,20,Journalist,17718.855,1230.57125
CUST11999,29,Engineer,161272.04,13312.33667
CUST12000,43,Manager,109182.72,9055.56
CUST12001,36,Media_Manager,105450.66,9015.555
CUST12002,45,Engineer,109744.86,8916.405
CUST12003,28,Developer,32344.64,2657.386667
CUST12004,41,Scientist,15754.53,1472.8775
CUST12005,39,Writer,62155.02,4965.585
CUST12006,37,Engineer,42904.26,3833.355
CUST12008,18,Lawyer,112815.48,9450.29
CUST12009,42,Engineer,71131.53,6148.6275
CUST12010,23,Mechanic,7518.15,567.5125
CUST12013,22,Writer,28742.57,2559.214167
CUST12014,18,Media_Manager,54651.78,4359.315
CUST12015,37,Teacher,75982.74,6045.895
CUST12016,30,Lawyer,86885.43,7471.4525
CUST12017,39,Teacher,122730.72,10000.56
CUST12018,33,Musician,68654.62,5971.218333
CUST12019,18,Engineer,20143.27,1550.605833
CUST12020,42,Entrepreneur,16114.245,1244.85375
CUST12021,42,Doctor,179317.04,15091.08667
CUST12022,49,Engineer,90674.43,7318.2025
CUST12023,43,Scientist,109545.63,9373.8025
CUST12024,54,Developer,11680.31,1125.359167
CUST12025,41,Manager,22648.88,1599.406667
CUST12027,28,Lawyer,30628.83,2326.4025
CUST12028,33,Media_Manager,55163.82,4869.985
CUST12029,52,Lawyer,101103.48,8428.29
CUST12030,34,Accountant,175335.44,14383.28667
CUST12032,26,Accountant,17984.35,1574.695833
CUST12034,28,Media_Manager,42832.16,3786.346667
CUST12035,41,Scientist,87538.24,7139.853333
CUST12036,22,Musician,19028.33,1401.694167
CUST12037,32,Engineer,75916.96,6037.413333
CUST12038,19,Architect,11336.835,992.73625
CUST12039,39,Teacher,31846.76,2703.896667
CUST12040,18,Musician,70328.66,5682.721667
CUST12041,33,Writer,29491.38,2525.615
CUST12042,52,Mechanic,14709.295,969.7745833
CUST12045,36,Mechanic,61451.04,4939.92
CUST12046,22,Doctor,97034.96,7828.246667
CUST12047,35,Developer,67255.6,5745.633333
CUST12048,24,Lawyer,35239.54,2807.628333
CUST12049,33,Manager,26498.2,2305.183333
CUST12050,48,Architect,112331.04,9247.92
CUST12051,26,Manager,60584.76,5124.73
CUST12052,46,Lawyer,30302.97,2621.2475
CUST12053,20,Teacher,34599.8,3130.316667
CUST12054,30,Doctor,13672.2,1190.35
CUST12055,44,Architect,171613.6,14154.13333
CUST12056,31,Journalist,14058.455,1205.537917
CUST12057,35,Teacher,11038.375,776.8645833
CUST12058,53,Architect,30918.82,2780.568333
CUST12059,52,Doctor,37201.06,3037.088333
CUST12060,24,Media_Manager,77597.7,6619.475
CUST12061,43,Scientist,113402.79,9707.2325
CUST12062,44,Accountant,138873.28,11375.77333
CUST12063,20,Teacher,79783.6,6426.633333
CUST12064,41,Lawyer,61238.32,5006.193333
CUST12065,43,Entrepreneur,31953.03,2506.7525
CUST12066,19,Scientist,33426.96,2533.58
CUST12067,18,Journalist,73057.16,5998.096667
CUST12068,54,Developer,134035.08,11102.59
CUST12069,33,Lawyer,38011.72,3127.643333
CUST12071,45,Entrepreneur,80966.82,6680.235
CUST12072,48,Architect,129417.27,10857.7725
CUST12073,25,Scientist,32810.76,2984.23
CUST12074,27,Entrepreneur,71738.16,5820.18
CUST12075,48,Accountant,42940.26,3828.355
CUST12076,35,Manager,31503.24,2911.27
CUST12077,19,Media_Manager,101771.67,8245.9725
CUST12078,27,Entrepreneur,95031.84,7938.32
CUST12079,48,Entrepreneur,28161.85,2422.820833
CUST12080,27,Scientist,57697.74,4683.145
CUST12081,41,Media_Manager,46360.11,3901.3425
CUST12082,38,Mechanic,86142.96,7274.58
CUST12083,31,Teacher,14899.97,1414.664167
CUST12084,35,Entrepreneur,43856.38,3870.698333
CUST12086,44,Entrepreneur,36592.92,2904.41
CUST12087,41,Accountant,16511.62,1362.968333
CUST12088,17,Journalist,39685.92,3306.16
CUST12089,44,Mechanic,20940.42,1812.035
CUST12090,31,Engineer,101896.71,8359.3925
CUST12091,45,Entrepreneur,83158.26,7033.855
CUST12092,35,Writer,27635.39,2447.949167
CUST12093,44,Lawyer,42671.51,3731.959167
CUST12094,24,Teacher,86262.2,7188.516667
CUST12095,29,Developer,19170.73,1315.560833
CUST12096,19,Entrepreneur,47641.53,4194.1275
CUST12098,28,Doctor,58731.76,4599.313333
CUST12099,28,Media_Manager,85677.3,7139.775
CUST12100,36,Media_Manager,40332.61,3435.050833
CUST12101,30,Entrepreneur,10360.915,962.4095833
CUST12102,40,Mechanic,10585.1,590.0916667
CUST12103,36,Journalist,20961.27,1833.7725
CUST12104,27,Teacher,77874.09,6502.5075
CUST12105,23,Musician,39447.48,3393.29
CUST12106,35,Entrepreneur,44378.19,3986.1825
CUST12107,38,Accountant,14871.095,942.2579167
CUST12108,40,Scientist,36454.03,2939.835833
CUST12109,24,Entrepreneur,63439.24,5285.603333
CUST12110,35,Musician,34180.94,2685.411667
CUST12111,52,Writer,105842.96,9094.246667
CUST12112,29,Architect,129605.52,10834.46
CUST12113,19,Scientist,20800.88,1715.406667
CUST12114,23,Media_Manager,88827.66,7456.305
CUST12115,20,Architect,93089.52,8007.46
CUST12117,45,Engineer,22387.75,1938.645833
CUST12118,42,Journalist,43531.82,3844.651667
CUST12119,37,Journalist,49965.21,4423.7675
CUST12120,31,Scientist,39550.49,3451.874167
CUST12121,22,Developer,68289.32,5411.776667
CUST12122,21,Media_Manager,34493.58,2997.465
CUST12123,44,Architect,70342.3,5838.858333
CUST12124,18,Musician,117785.2,9973.433333
CUST12125,20,Journalist,34769.69,3009.474167
CUST12126,31,Journalist,21403.175,1625.597917
CUST12127,25,Scientist,16934.76,1181.23
CUST12128,24,Teacher,59683.1,5198.591667
CUST12130,53,Accountant,16252.91,1584.409167
CUST12131,43,Entrepreneur,17693.34,1442.445
CUST12132,42,Journalist,44705.1,3856.425
CUST12133,37,Manager,32631.54,2765.295
CUST12134,54,Accountant,22332.37,1907.030833
CUST12135,44,Entrepreneur,20227.38,1516.615
CUST12136,32,Teacher,32430.34,2917.528333
CUST12137,32,Mechanic,22219.57,1687.630833
CUST12138,30,Scientist,18572.01,1397.6675
CUST12139,50,Accountant,59673.22,5200.768333
CUST12140,33,Lawyer,58424.97,4893.7475
CUST12141,38,Journalist,18309.76,1370.813333
CUST12142,36,Manager,37578.61,3179.550833
CUST12143,42,Architect,71980.26,5715.355
CUST12144,33,Manager,24873.1,1848.758333
CUST12145,48,Developer,115476.12,9851.01
CUST12146,23,Doctor,16668.96,1234.08
CUST12147,50,Musician,21167.555,1829.962917
CUST12148,53,Writer,15767.215,1408.934583
CUST12149,31,Manager,63675.84,5296.32
CUST12150,51,Media_Manager,52799.82,4652.985
CUST12151,45,Engineer,50733.18,4402.765
CUST12152,49,Manager,59412.78,5073.065
CUST12153,36,Musician,65347.32,5244.61
CUST12154,43,Engineer,72196.8,6021.4
CUST12155,43,Entrepreneur,12804.965,771.0804167
CUST12156,33,Writer,30620.69,2322.724167
CUST12157,21,Scientist,34458.06,3142.505
CUST12158,21,Scientist,10498.77,674.8975
CUST12159,37,Scientist,119094.64,9803.553333
CUST12160,40,Musician,19700.29,1754.690833
CUST12161,22,Musician,87520.66,7142.388333
CUST12162,22,Teacher,20620.64,1763.386667
CUST12163,24,Doctor,19765.86,1613.155
CUST12165,40,Accountant,14471.61,1021.9675
CUST12166,25,Entrepreneur,33741.62,2923.801667
CUST12167,45,Scientist,9058.045,643.8370833
CUST12169,29,Lawyer,62351.4,5454.95
CUST12170,35,Scientist,67342.76,5327.896667
CUST12171,28,Engineer,51324.82,4350.068333
CUST12172,21,Media_Manager,74913.76,6443.813333
CUST12173,31,Architect,36698.53,3028.210833
CUST12174,40,Mechanic,7641.71,546.8091667
CUST12175,46,Entrepreneur,61369.36,5198.113333
CUST12176,33,Media_Manager,14310.25,1064.520833
CUST12177,43,Entrepreneur,17624.38,1483.698333
CUST12178,29,Manager,20933.46,1857.455
CUST12179,37,Scientist,10127.625,872.96875
CUST12180,18,Teacher,14134.26,1142.855
CUST12181,24,Manager,9669.05,925.7541667
CUST12182,36,Teacher,25573.07,1948.089167
CUST12183,45,Scientist,121881.24,10126.77
CUST12184,36,Engineer,137672.12,11613.67667
CUST12185,38,Teacher,42474.2,3658.516667
CUST12187,31,Media_Manager,16241.52,1548.46
CUST12188,53,Lawyer,21009.425,1531.785417
CUST12189,48,Media_Manager,91702.14,7455.845
CUST12190,26,Entrepreneur,39890.28,3561.19
CUST12191,47,Accountant,121187.49,10010.9575
CUST12192,48,Writer,110711.22,9397.935
CUST12193,27,Media_Manager,44423.16,3825.93
CUST12194,47,Scientist,33669.54,2341.114253
CUST12195,48,Engineer,80676.84,6929.07
CUST12196,35,Architect,16587.02,1668.251667
CUST12197,32,Developer,74557.58,6114.131667
CUST12198,31,Doctor,14530.755,1184.89625
CUST12199,37,Accountant,28393.64,2076.136667
CUST12201,38,Journalist,34631.43,2845.9525
CUST12202,36,Lawyer,38681.04,3309.42
CUST12203,54,Manager,26515.99,2083.665833
CUST12204,32,Architect,60446.62,5065.218333
CUST12205,35,Mechanic,71251.6,5774.633333
CUST12206,41,Media_Manager,16675.28,1451.606667
CUST12207,23,Manager,105449.34,9012.445
CUST12208,42,Journalist,14244.33,1099.0275
CUST12209,34,Entrepreneur,14925.81,1101.8175
CUST12210,19,Developer,10281.435,1138.78625
CUST12212,43,Doctor,69445.68,5937.14
CUST12213,45,Scientist,15873.84,1114.82
CUST12214,30,Manager,41871.89,3764.324167
CUST12215,39,Doctor,38964.65,3250.054167
CUST12216,29,Accountant,117588.2,9691.016667
CUST12218,18,Scientist,43419.77,3321.314167
CUST12219,34,Engineer,19517.56,1535.463333
CUST12220,34,Doctor,26342.91,1949.2425
CUST12221,35,Accountant,19879.05,1464.5875
CUST12222,27,Writer,18869.76,1697.48
CUST12223,50,Journalist,19081.51,1336.125833
CUST12224,18,Accountant,173303.68,14681.97333
CUST12225,18,Teacher,18399.84,1609.32
CUST12226,26,Engineer,26178.22,2211.518333
CUST12227,20,Accountant,70074.0,6105.5
CUST12228,22,Scientist,20389.3,1876.108333
CUST12229,18,Engineer,78570.28,6326.523333
CUST12230,41,Writer,76881.84,6529.82
CUST12232,35,Writer,17222.53,1697.210833
CUST12233,26,Engineer,99469.74,8073.145
CUST12234,54,Accountant,39161.2,3088.433333
CUST12235,45,Media_Manager,25462.29,2295.8575
CUST12236,27,Entrepreneur,37225.38,2850.115
CUST12237,34,Journalist,130076.8,10613.73333
CUST12238,39,Manager,43494.82,3718.568333
CUST12239,44,Writer,43534.9,3758.908333
CUST12240,25,Developer,12500.36,788.6966667
CUST12241,43,Accountant,7755.295,590.2745833
CUST12242,23,Architect,21488.17,1681.680833
CUST12243,33,Architect,44058.44,3541.536667
CUST12244,20,Media_Manager,22049.235,1764.43625
CUST12246,24,Mechanic,24436.53,1881.3775
CUST12247,29,Developer,74008.84,6229.403333
CUST12248,18,Engineer,139658.08,11915.17333
CUST12249,22,Engineer,32776.72,2500.393333
CUST12250,22,Entrepreneur,60668.72,5310.726667
CUST12251,55,Architect,29764.37,2500.364167
CUST12252,29,Doctor,16045.125,1361.09375
CUST12253,41,Manager,16540.38,1577.365
CUST12254,43,Lawyer,80807.37,6796.9475
CUST12255,42,Accountant,17137.71,1544.1425
CUST12256,24,Architect,24723.63,2234.3025
CUST12258,27,Musician,29095.94,2582.661667
CUST12259,25,Lawyer,80094.96,6378.58
CUST12260,34,Engineer,93345.76,7751.813333
CUST12261,21,Developer,18289.68,1305.14
CUST12262,32,Scientist,160728.04,13469.00333
CUST12263,19,Developer,66484.36,5595.363333
CUST12264,26,Media_Manager,75612.08,6401.006667
CUST12265,32,Musician,10009.905,646.15875
CUST12266,18,Scientist,25122.47,1860.539167
CUST12267,34,Musician,30619.56,2704.63
CUST12268,18,Teacher,80906.36,6990.196667
CUST12269,21,Writer,68475.24,5488.27
CUST12270,21,Engineer,70483.74,5633.645
CUST12271,43,Media_Manager,37516.41,3252.3675
CUST12272,41,Lawyer,70217.08,5874.423333
CUST12273,34,Engineer,69932.08,5546.673333
CUST12274,34,Entrepreneur,27171.26,2453.271667
CUST12275,30,Scientist,15450.44,1115.536667
CUST12276,34,Doctor,112745.76,9193.48
CUST12277,28,Lawyer,17024.05,1459.670833
CUST12278,27,Entrepreneur,40056.1,3391.008333
CUST12279,18,Musician,72629.94,6319.495
CUST12280,43,Journalist,19852.09,1654.340833
CUST12281,28,Entrepreneur,72279.4,6295.283333
CUST12282,39,Teacher,32471.74,2837.978333
CUST12283,32,Architect,175572.44,14422.03667
CUST12284,39,Scientist,120009.32,10242.77667
CUST12285,23,Lawyer,59868.93,5111.0775
CUST12286,31,Developer,28796.82,2378.735
CUST12287,29,Entrepreneur,34599.94,2942.328333
CUST12288,38,Lawyer,41015.55,3152.9625
CUST12289,19,Teacher,16809.56,1686.796667
CUST12290,44,Musician,61699.1,5010.591667
CUST12291,32,Engineer,18577.62,1469.135
CUST12292,40,Doctor,78722.56,6773.213333
CUST12293,42,Mechanic,10027.07,896.5891667
CUST12294,36,Mechanic,142974.96,11698.58
CUST12296,26,Architect,7981.735,893.1445833
CUST12297,32,Musician,26094.08,2120.506667
CUST12298,33,Accountant,82647.69,6967.3075
CUST12299,27,Media_Manager,43820.67,3658.7225
CUST12300,39,Accountant,14791.615,1342.634583
CUST12301,29,Mechanic,25883.65,2324.970833
CUST12302,34,Journalist,14906.67,1200.2225
CUST12303,20,Engineer,8630.4,431.2
CUST12304,40,Accountant,40878.85,3440.570833
CUST12305,37,Writer,10265.86,761.4883333
CUST12306,50,Musician,19809.27,1711.7725
CUST12307,44,Manager,34476.68,2715.056667
CUST12308,23,Writer,38856.53,3337.044167
CUST12309,38,Scientist,43135.98,3375.665
CUST12310,44,Teacher,28702.52,2420.876667
CUST12311,53,Journalist,43502.68,3733.223333
CUST12312,43,Mechanic,174552.84,14581.07
CUST12313,21,Journalist,16266.91,1220.575833
CUST12314,44,Journalist,79510.95,6805.9125
CUST12315,47,Developer,93841.65,8115.1375
CUST12316,35,Doctor,14329.24,1173.103333
CUST12317,22,Doctor,83716.08,7181.34
CUST12318,29,Architect,60529.08,5069.09
CUST12319,30,Writer,37769.92,3175.493333
CUST12320,34,Developer,35755.69,2775.640833
CUST12321,34,Scientist,68183.84,5916.986667
CUST12322,25,Accountant,123915.99,10336.3325
CUST12323,23,Scientist,16937.425,1162.452083
CUST12324,53,Engineer,33132.94,2478.078333
CUST12325,32,Entrepreneur,87605.68,7299.473333
CUST12327,45,Developer,19012.18,1548.348333
CUST12328,24,Mechanic,81842.52,6733.21
CUST12329,39,Mechanic,59612.64,5067.72
CUST12330,18,Media_Manager,15339.75,1060.3125
CUST12331,44,Entrepreneur,33441.59,2748.799167
CUST12332,43,Journalist,49400.52,4055.71
CUST12333,28,Journalist,59207.56,5176.963333
CUST12334,18,Media_Manager,160016.44,13477.70333
CUST12335,37,Journalist,137798.88,10609.79191
CUST12336,39,Lawyer,36825.36,3059.78
CUST12337,30,Entrepreneur,76387.05,6104.5875
CUST12338,27,Entrepreneur,14458.0,1251.833333
CUST12339,26,Writer,121274.24,9887.186667
CUST12340,33,Teacher,31592.03,2550.669167
CUST12341,23,Accountant,7021.91,507.1591667
CUST12342,38,Accountant,23737.09,2241.090833
CUST12343,37,Teacher,20789.075,1807.422917
CUST12344,26,Mechanic,14566.27,1201.855833
CUST12346,18,Musician,34860.36,2739.03
CUST12347,36,Developer,101316.64,8526.053333
CUST12348,55,Architect,54740.38,4395.698333
CUST12349,32,Accountant,17576.52,1234.71
CUST12350,39,Musician,66193.98,5463.165
CUST12351,22,Engineer,40511.74,3439.978333
CUST12352,37,Developer,73778.52,6146.21
CUST12353,20,Architect,107288.16,9025.68
CUST12354,39,Manager,18859.53,1594.6275
CUST12355,38,Lawyer,8272.2,811.35
CUST12356,25,Journalist,57700.06,4567.338333
CUST12357,49,Media_Manager,65937.12,5465.76
CUST12358,26,Entrepreneur,93350.64,7573.22
CUST12359,43,Teacher,32690.86,2910.238333
CUST12360,23,Developer,35971.49,3097.624167
CUST12361,44,Teacher,7161.64,758.8033333
CUST12362,34,Developer,73884.6,6255.05
CUST12363,19,Lawyer,43240.45,3777.370833
CUST12364,20,Media_Manager,24415.29,2227.6075
CUST12365,38,Entrepreneur,72305.9,5766.491667
CUST12366,28,Musician,41792.4,3781.7
CUST12367,49,Journalist,175718.64,14707.22
CUST12368,34,Developer,81100.8,6822.4
CUST12369,27,Accountant,33418.55,2739.879167
CUST12370,32,Media_Manager,20466.63,1688.5525
CUST12371,33,Writer,30053.32,2254.443333
CUST12372,38,Architect,62661.54,5053.795
CUST12373,33,Lawyer,66691.23,5553.6025
CUST12374,40,Accountant,72936.68,5800.056667
CUST12375,37,Journalist,32812.59,2782.3825
CUST12376,34,Writer,59650.23,4677.8525
CUST12377,18,Architect,63248.52,5074.71
CUST12378,43,Manager,97431.9,7992.325
CUST12379,32,Accountant,63432.45,5188.0375
CUST12380,29,Accountant,37471.52,3321.626667
CUST12381,40,Entrepreneur,105931.17,8672.5975
CUST12382,22,Lawyer,26686.14,2284.845
CUST12383,27,Mechanic,36772.66,2925.388333
CUST12384,34,Mechanic,20849.21,1503.434167
CUST12385,49,Accountant,81385.18,6609.098333
CUST12386,27,Developer,60253.11,4817.0925
CUST12387,45,Manager,12821.845,840.4870833
CUST12388,45,Lawyer,51682.08,4415.84
CUST12389,49,Mechanic,39309.84,3276.82
CUST12390,27,Media_Manager,80288.08,6961.673333
CUST12391,38,Doctor,47689.47,3787.1225
CUST12392,31,Lawyer,77633.04,6635.42
CUST12393,45,Entrepreneur,32348.4,2966.7
CUST12394,18,Engineer,41159.54,3638.961667
CUST12395,29,Scientist,41398.44,3749.87
CUST12396,30,Manager,20758.54,2027.878333
CUST12397,41,Media_Manager,59597.84,5173.486667
CUST12398,36,Engineer,62756.2,5194.683333
CUST12399,38,Mechanic,100741.84,8216.153333
CUST12400,34,Mechanic,96047.22,7775.935
CUST12401,30,Lawyer,33137.28,2978.44
CUST12402,44,Musician,22443.96,2114.33
CUST12403,36,Lawyer,22276.68,2014.39
CUST12404,18,Writer,90135.03,7298.2525
CUST12405,24,Media_Manager,127313.4,10634.45
CUST12406,22,Doctor,93955.16,8126.596667
CUST12407,52,Entrepreneur,48115.6,4287.633333
CUST12408,22,Doctor,78668.0,6539.666667
CUST12409,23,Accountant,74349.18,6133.765
CUST12410,21,Journalist,98828.92,8505.743333
CUST12411,21,Manager,87974.28,7222.19
CUST12412,20,Mechanic,32700.0,2802.0
CUST12413,17,Accountant,9409.45,952.1208333
CUST12414,42,Engineer,62976.28,5321.023333
CUST12415,22,Manager,81431.96,6790.996667
CUST12416,27,Entrepreneur,64363.92,5611.66
CUST12417,35,Scientist,56341.2,4755.1
CUST12418,51,Doctor,72817.02,5800.085
CUST12419,24,Accountant,106707.93,8683.3275
CUST12420,44,Manager,19631.26,1724.938333
CUST12421,35,Journalist,19147.2,1692.6
CUST12422,31,Media_Manager,61465.78,5082.148333
CUST12423,40,Accountant,16297.34,1414.111667
CUST12424,37,Doctor,96048.0,8139.0
CUST12425,18,Mechanic,8409.98,553.8316667
CUST12426,27,Mechanic,8968.555,880.3795833
CUST12427,36,Doctor,32230.58,2770.881667
CUST12428,40,Teacher,16321.82,1566.151667
CUST12429,25,Doctor,60576.72,4876.86069
CUST12430,26,Writer,42900.18,3515.015
CUST12431,51,Manager,144066.24,11942.52
CUST12432,44,Developer,39800.36,3097.696667
CUST12433,31,Writer,126284.31,10718.6925
CUST12434,34,Writer,14971.72,1546.643333
CUST12435,34,Doctor,15666.495,1342.54125
CUST12436,44,Manager,145282.24,12154.85333
CUST12437,40,Engineer,28954.04,2703.836667
CUST12438,29,Engineer,16285.675,1300.139583
CUST12440,54,Lawyer,150131.68,12596.97333
CUST12441,42,Lawyer,40146.78,3194.565
CUST12442,45,Lawyer,8974.555,783.8795833
CUST12443,33,Scientist,34671.15,2637.2625
CUST12444,28,Writer,29090.5,2472.208333
CUST12445,22,Lawyer,7195.3,434.6083333
CUST12446,28,Lawyer,21471.58,1879.298333
CUST12447,49,Lawyer,76624.48,6123.373333
CUST12448,47,Scientist,39362.03,3485.169167
CUST12449,28,Mechanic,17013.29,1326.774167
CUST12450,36,Writer,61167.9,4912.325
CUST12451,38,Writer,126514.72,10341.89333
CUST12452,31,Journalist,64901.37,5298.4475
CUST12453,30,Writer,142560.36,11773.03
CUST12454,24,Accountant,123828.52,10317.04333
CUST12455,24,Developer,125271.96,10374.33
CUST12456,42,Lawyer,75994.22,6301.851667
CUST12457,30,Writer,70926.06,5741.505
CUST12458,28,Manager,90781.53,7505.1275
CUST12459,31,Lawyer,146310.68,12124.55667
CUST12460,31,Lawyer,107911.6,9168.633333
CUST12461,46,Scientist,41646.88,3515.573333
CUST12462,39,Mechanic,46268.4,3983.7
CUST12463,29,Teacher,33896.53,2667.710833
CUST12464,33,Architect,108484.38,8820.365
CUST12465,26,Doctor,35793.97,2799.830833
CUST12466,53,Architect,36817.94,3198.161667
CUST12467,28,Manager,32825.81,2649.484167
CUST12468,23,Scientist,18940.82,1281.401667
CUST12469,21,Doctor,14734.29,1393.8575
CUST12470,24,Engineer,34493.92,3043.493333
CUST12471,35,Accountant,17818.6,1659.883333
CUST12472,23,Architect,60015.32,5121.276667
CUST12473,40,Writer,18512.97,1494.7475
CUST12474,53,Musician,99520.5,8479.375
CUST12475,34,Teacher,31906.07,2847.839167
CUST12477,19,Architect,39977.21,3583.434167
CUST12478,19,Scientist,65858.48,5421.206667
CUST12479,44,Doctor,32625.59,2922.799167
CUST12480,24,Musician,71025.4,5766.783333
CUST12481,23,Architect,11834.645,688.2204167
CUST12482,40,Scientist,81093.16,7017.763333
CUST12483,43,Architect,10692.16,817.0133333
CUST12484,43,Musician,33702.74,2998.561667
CUST12485,27,Scientist,118677.54,9963.795
CUST12486,31,Mechanic,64511.34,5440.945
CUST12487,38,Manager,85744.12,7125.343333
CUST12488,33,Entrepreneur,41329.56,3421.13
CUST12489,39,Writer,87695.34,7337.945
CUST12490,54,Media_Manager,20059.98,1523.665
CUST12491,37,Media_Manager,139664.96,11777.74667
CUST12492,38,Manager,15319.65,1460.6375
CUST12493,47,Developer,22620.79,1722.065833
CUST12494,33,Media_Manager,59146.36,4908.863333
CUST12495,20,Architect,38321.39,3354.449167
CUST12496,18,Lawyer,42903.79,3468.315833
CUST12497,44,Media_Manager,16680.35,1528.029167
CUST12498,49,Writer,37188.1,3097.008333
CUST12499,28,Architect,20002.88,1929.906667
CUST12500,24,Mechanic,39628.99,3359.415833
